{
  "arm": "right",
  "motion_strategy": "qp_all",
  "dry_run": false,
  "motion": {
    "place_pose7": [
      0.414712,
      -0.1829,
      -0.08335,
      0.22941393277711944,
      0.3262292453010775,
      -0.6763556988345837,
      -0.6192630261948527
    ],
    "approach_pose7": [
      0.414712,
      -0.1829,
      -0.023349999999999996,
      0.22941393277711944,
      0.3262292453010775,
      -0.6763556988345837,
      -0.6192630261948527
    ],
    "approach_tcp_tracking": {
      "commanded_xyz": [
        0.414712,
        -0.1829,
        -0.023349999999999996
      ],
      "achieved_xyz": [
        0.42962213372950964,
        -0.19619502720625615,
        0.029298280693476064
      ],
      "error_mm": [
        14.910133729509612,
        -13.295027206256139,
        52.64828069347606
      ],
      "error_norm_mm": 56.31084528069167,
      "achieved_quat": [
        0.49673484477101815,
        0.6290524854932276,
        -0.410583911766721,
        -0.4347048606623149
      ],
      "approach_axis_tilt_deg": -16.553174310914972,
      "commanded_approach_axis_tilt_deg": 42.99131199460442,
      "orientation_error_deg": 59.98963456764111
    },
    "approach_ok": false,
    "place_ok": false,
    "released_ok": null,
    "lift_ok": null,
    "retract_ok": null,
    "return_home_ok": true
  },
  "ok": false
}