{
  "arm": "left",
  "motion_strategy": "qp_all",
  "dry_run": false,
  "motion": {
    "place_pose7": [
      0.32440890482949736,
      0.5677837502937545,
      0.23111793846033246,
      -0.2635491441712281,
      0.29932945335965266,
      0.6049570942927762,
      -0.6891811380347448
    ],
    "approach_pose7": [
      0.23663415176352193,
      0.5676513608296002,
      0.3129444329302584,
      -0.2635491441712281,
      0.29932945335965266,
      0.6049570942927762,
      -0.6891811380347448
    ],
    "approach_tcp_tracking": {
      "commanded_xyz": [
        0.23663415176352193,
        0.5676513608296002,
        0.3129444329302584
      ],
      "achieved_xyz": [
        0.22338582674884105,
        0.5578141076578463,
        0.3057611000986943
      ],
      "error_mm": [
        -13.248325014680873,
        -9.83725317175388,
        -7.183332831564138
      ],
      "error_norm_mm": 17.996942413333105,
      "achieved_quat": [
        0.2429074544014939,
        -0.2908220696429833,
        -0.616056503126175,
        0.6905743098035918
      ],
      "approach_axis_tilt_deg": 45.466211521971,
      "commanded_approach_axis_tilt_deg": 42.99131199460442
    },
    "place_tcp_tracking": {
      "commanded_xyz": [
        0.32440890482949736,
        0.5677837502937545,
        0.23111793846033246
      ],
      "achieved_xyz": [
        0.3268334536237764,
        0.566272012697298,
        0.2396272653765406
      ],
      "error_mm": [
        2.424548794279058,
        -1.5117375964565083,
        8.509326916208149
      ],
      "error_norm_mm": 8.976214791507868,
      "achieved_quat": [
        0.2570318359798724,
        -0.3180478553422822,
        -0.6025128259808714,
        0.6853892992552005
      ],
      "approach_axis_tilt_deg": 41.72533166450886,
      "commanded_approach_axis_tilt_deg": 42.99131199460442
    },
    "lift_pose7": [
      0.32440890482949736,
      0.5677837502937545,
      0.35111793846033246,
      -0.3402571906825724,
      0.38672483808881625,
      0.5653815362366809,
      -0.6442147640939575
    ],
    "lift_tcp_tracking": {
      "commanded_xyz": [
        0.32440890482949736,
        0.5677837502937545,
        0.35111793846033246
      ],
      "achieved_xyz": [
        0.32540756605984594,
        0.5685640925615113,
        0.3434579752520368
      ],
      "error_mm": [
        0.9986612303485853,
        0.7803422677568062,
        -7.65996320829565
      ],
      "error_norm_mm": 7.764102952710775,
      "achieved_quat": [
        0.334570617984427,
        -0.3781497156559518,
        -0.5674926911260423,
        0.650397831830153
      ],
      "approach_axis_tilt_deg": 29.34916512299998,
      "commanded_approach_axis_tilt_deg": 27.991325967123114
    },
    "approach_ok": true,
    "place_ok": true,
    "released_ok": true,
    "lift_ok": true,
    "retract_ok": true,
    "return_home_ok": true
  },
  "ok": true
}