{
  "arm": "right",
  "motion_strategy": "qp_all",
  "dry_run": false,
  "motion": {
    "place_pose7": [
      0.5879047378519815,
      -0.29812339111681285,
      0.19947136530673515,
      0.18486980359946104,
      0.3533828359712339,
      -0.7513994268623206,
      -0.5256830112044718
    ],
    "approach_pose7": [
      0.509981917582353,
      -0.3385270900067703,
      0.2812978597766611,
      0.18486980359946104,
      0.3533828359712339,
      -0.7513994268623206,
      -0.5256830112044718
    ],
    "approach_tcp_tracking": {
      "commanded_xyz": [
        0.509981917582353,
        -0.3385270900067703,
        0.2812978597766611
      ],
      "achieved_xyz": [
        0.4940738896957315,
        -0.3333076393916699,
        0.2896314191910841
      ],
      "error_mm": [
        -15.90802788662149,
        5.219450615100374,
        8.333559414422986
      ],
      "error_norm_mm": 18.70177073110235,
      "achieved_quat": [
        -0.19981545959069744,
        -0.3173400291489403,
        0.7918545423082424,
        0.4820119000959543
      ],
      "approach_axis_tilt_deg": 45.950399942228636,
      "commanded_approach_axis_tilt_deg": 42.991311994604416
    },
    "place_tcp_tracking": {
      "commanded_xyz": [
        0.5879047378519815,
        -0.29812339111681285,
        0.19947136530673515
      ],
      "achieved_xyz": [
        0.5898898390144982,
        -0.2985339572785314,
        0.20802685890735473
      ],
      "error_mm": [
        1.9851011625167114,
        -0.41056616171852856,
        8.55549360061958
      ],
      "error_norm_mm": 8.792363843063825,
      "achieved_quat": [
        -0.2120400888668465,
        -0.31956271345054316,
        0.7937517930300995,
        0.4720982566658851
      ],
      "approach_axis_tilt_deg": 44.8972317022728,
      "commanded_approach_axis_tilt_deg": 42.991311994604416
    },
    "lift_pose7": [
      0.5879047378519815,
      -0.29812339111681285,
      0.31947136530673514,
      0.28136552282653904,
      0.4189749985886744,
      -0.7208407490815677,
      -0.4750600041949365
    ],
    "lift_tcp_tracking": {
      "commanded_xyz": [
        0.5879047378519815,
        -0.29812339111681285,
        0.31947136530673514
      ],
      "achieved_xyz": [
        0.5886667558988391,
        -0.2983109551075395,
        0.3110496828203602
      ],
      "error_mm": [
        0.7620180468576043,
        -0.18756399072666907,
        -8.421682486374927
      ],
      "error_norm_mm": 8.458166920537106,
      "achieved_quat": [
        -0.2731721914280219,
        -0.4107847725297201,
        0.7248875708632493,
        0.48080228170849626
      ],
      "approach_axis_tilt_deg": 30.8815988555892,
      "commanded_approach_axis_tilt_deg": 29.37915662996068
    },
    "approach_ok": true,
    "place_ok": true,
    "released_ok": true,
    "lift_ok": true,
    "retract_ok": true,
    "return_home_ok": true
  },
  "ok": true
}