{
  "arm": "right",
  "motion_strategy": "qp_all",
  "dry_run": false,
  "motion": {
    "place_pose7": [
      0.5679009533620691,
      -0.17958564850216405,
      0.19535348921568302,
      0.18486980359946104,
      0.3533828359712339,
      -0.7513994268623206,
      -0.5256830112044718
    ],
    "approach_pose7": [
      0.4899781330924406,
      -0.21998934739212148,
      0.277179983685609,
      0.18486980359946104,
      0.3533828359712339,
      -0.7513994268623206,
      -0.5256830112044718
    ],
    "approach_tcp_tracking": {
      "commanded_xyz": [
        0.4899781330924406,
        -0.21998934739212148,
        0.277179983685609
      ],
      "achieved_xyz": [
        0.474844652489412,
        -0.21829930880320986,
        0.2875742203614934
      ],
      "error_mm": [
        -15.133480603028604,
        1.6900385889116187,
        10.394236675884406
      ],
      "error_norm_mm": 18.43688210269171,
      "achieved_quat": [
        -0.18101981776302276,
        -0.3497593034789497,
        0.7719448727470304,
        0.4990003693851668
      ],
      "approach_axis_tilt_deg": 43.61431961329761,
      "commanded_approach_axis_tilt_deg": 42.991311994604416
    },
    "place_tcp_tracking": {
      "commanded_xyz": [
        0.5679009533620691,
        -0.17958564850216405,
        0.19535348921568302
      ],
      "achieved_xyz": [
        0.5679101284011969,
        -0.1777347906752581,
        0.2043204623158152
      ],
      "error_mm": [
        0.009175039127784501,
        1.850857826905944,
        8.966973100132169
      ],
      "error_norm_mm": 9.156001608521915,
      "achieved_quat": [
        -0.18230980883990416,
        -0.3637095223818294,
        0.7681677289092617,
        0.4943651051519779
      ],
      "approach_axis_tilt_deg": 41.98661912736395,
      "commanded_approach_axis_tilt_deg": 42.991311994604416
    },
    "lift_pose7": [
      0.5679009533620691,
      -0.17958564850216405,
      0.315353489215683,
      0.28136552282653904,
      0.4189749985886744,
      -0.7208407490815677,
      -0.4750600041949365
    ],
    "lift_tcp_tracking": {
      "commanded_xyz": [
        0.5679009533620691,
        -0.17958564850216405,
        0.315353489215683
      ],
      "achieved_xyz": [
        0.5679322653705793,
        -0.18026071394464946,
        0.30631589433953527
      ],
      "error_mm": [
        0.0313120085101426,
        -0.6750654424854119,
        -9.037594876147747
      ],
      "error_norm_mm": 9.062825990765075,
      "achieved_quat": [
        -0.2810668359884835,
        -0.40332091834828193,
        0.7303345323867013,
        0.4742838193883699
      ],
      "approach_axis_tilt_deg": 31.108967640776083,
      "commanded_approach_axis_tilt_deg": 29.37915662996068
    },
    "approach_ok": true,
    "place_ok": true,
    "released_ok": true,
    "lift_ok": true,
    "retract_ok": true,
    "return_home_ok": true
  },
  "ok": true
}