{
  "arm": "right",
  "motion_strategy": "qp_all",
  "dry_run": false,
  "motion": {
    "place_pose7": [
      1.955819294564301,
      0.2321710920572782,
      0.64,
      0.22941393277711944,
      0.3262292453010775,
      -0.6763556988345837,
      -0.6192630261948527
    ],
    "approach_pose7": [
      1.8700943832432768,
      0.21331202575574199,
      0.771826494469926,
      0.22941393277711944,
      0.3262292453010775,
      -0.6763556988345837,
      -0.6192630261948527
    ],
    "approach_tcp_tracking": {
      "commanded_xyz": [
        1.8700943832432768,
        0.21331202575574199,
        0.771826494469926
      ],
      "achieved_xyz": [
        0.6351461882580132,
        -0.10764404867825367,
        0.4238576224407369
      ],
      "error_mm": [
        -1234.9481949852636,
        -320.95607443399564,
        -347.96887202918913
      ],
      "error_norm_mm": 1322.5702937517942,
      "achieved_quat": [
        -0.5066985467359417,
        -0.43750302193557666,
        0.5377261983919751,
        0.5125409487015036
      ],
      "approach_axis_tilt_deg": 5.9520068607142695,
      "commanded_approach_axis_tilt_deg": 42.99131199460442,
      "orientation_error_deg": 39.87611671427625
    },
    "approach_ok": false,
    "place_ok": false,
    "released_ok": null,
    "lift_ok": null,
    "retract_ok": null,
    "return_home_ok": true
  },
  "ok": false
}