{
  "arm": "right",
  "motion_strategy": "qp_all",
  "dry_run": false,
  "motion": {
    "place_pose7": [
      0.47762963088767424,
      -0.19506903065676626,
      0.19320726013578976,
      0.2209730538489884,
      0.3320047929091195,
      -0.6920129471293646,
      -0.6017157202228941
    ],
    "approach_pose7": [
      0.39298433873255956,
      -0.2182983078460905,
      0.2750337546057157,
      0.2209730538489884,
      0.3320047929091195,
      -0.6920129471293646,
      -0.6017157202228941
    ],
    "approach_tcp_tracking": {
      "commanded_xyz": [
        0.39298433873255956,
        -0.2182983078460905,
        0.2750337546057157
      ],
      "achieved_xyz": [
        0.3982571141855624,
        -0.23750418956763003,
        0.2751180976435043
      ],
      "error_mm": [
        5.272775453002865,
        -19.20588172153953,
        0.08434303778859231
      ],
      "error_norm_mm": 19.916705737334656,
      "achieved_quat": [
        -0.22376424823095659,
        -0.32157427814621675,
        0.6846860677618011,
        0.6145929819492385
      ],
      "approach_axis_tilt_deg": 43.871163241072445,
      "commanded_approach_axis_tilt_deg": 42.99131199460442
    },
    "place_tcp_tracking": {
      "commanded_xyz": [
        0.47762963088767424,
        -0.19506903065676626,
        0.19320726013578976
      ],
      "achieved_xyz": [
        0.47640634587849523,
        -0.1960512569197771,
        0.20226162393809374
      ],
      "error_mm": [
        -1.2232850091790093,
        -0.982226263010838,
        9.054363802303984
      ],
      "error_norm_mm": 9.189270836682471,
      "achieved_quat": [
        -0.22862486010997887,
        -0.3332404606569007,
        0.6812106246836568,
        0.6104371823037742
      ],
      "approach_axis_tilt_deg": 42.32715156644258,
      "commanded_approach_axis_tilt_deg": 42.99131199460442
    },
    "lift_pose7": [
      0.47762963088767424,
      -0.19506903065676626,
      0.31320726013578976,
      0.3094084136964297,
      0.40770410764086285,
      -0.65724990913341,
      -0.5532326374055956
    ],
    "lift_tcp_tracking": {
      "commanded_xyz": [
        0.47762963088767424,
        -0.19506903065676626,
        0.31320726013578976
      ],
      "achieved_xyz": [
        0.4781794356717052,
        -0.1945672748125158,
        0.3037620672127872
      ],
      "error_mm": [
        0.5498047840309384,
        0.5017558442504677,
        -9.445192923002555
      ],
      "error_norm_mm": 9.4744769555116,
      "achieved_quat": [
        -0.30657106560347525,
        -0.391002251368259,
        0.6707129584432959,
        0.5507045928044766
      ],
      "approach_axis_tilt_deg": 30.415218584150605,
      "commanded_approach_axis_tilt_deg": 28.43018643803448
    },
    "approach_ok": true,
    "place_ok": true,
    "released_ok": true,
    "lift_ok": true,
    "retract_ok": true,
    "return_home_ok": true
  },
  "ok": true
}