{
  "arm": "right",
  "motion_strategy": "qp_all",
  "dry_run": false,
  "motion": {
    "place_pose7": [
      1.955819294564301,
      0.2321710920572782,
      0.64,
      0.22941393277711944,
      0.3262292453010775,
      -0.6763556988345837,
      -0.6192630261948527
    ],
    "approach_pose7": [
      1.8700943832432768,
      0.21331202575574199,
      0.771826494469926,
      0.22941393277711944,
      0.3262292453010775,
      -0.6763556988345837,
      -0.6192630261948527
    ],
    "approach_tcp_tracking": {
      "commanded_xyz": [
        1.8700943832432768,
        0.21331202575574199,
        0.771826494469926
      ],
      "achieved_xyz": [
        0.6374061301631202,
        -0.1206384335566491,
        0.3546690548126958
      ],
      "error_mm": [
        -1232.6882530801565,
        -333.9504593123911,
        -417.1574396572302
      ],
      "error_norm_mm": 1343.5265416128336,
      "achieved_quat": [
        0.5674933868786987,
        0.4525025953916947,
        -0.4926010246308058,
        -0.480142570019993
      ],
      "approach_axis_tilt_deg": -3.0733688447380607,
      "commanded_approach_axis_tilt_deg": 42.99131199460442,
      "orientation_error_deg": 49.45198379608524
    },
    "approach_ok": false,
    "place_ok": false,
    "released_ok": null,
    "lift_ok": null,
    "retract_ok": null,
    "return_home_ok": true
  },
  "ok": false
}