{
  "arm": "right",
  "motion_strategy": "qp_all",
  "dry_run": false,
  "motion": {
    "place_pose7": [
      0.406701,
      -0.188982,
      -0.012840000000000004,
      0.22941393277711944,
      0.3262292453010775,
      -0.6763556988345837,
      -0.6192630261948527
    ],
    "approach_pose7": [
      0.406701,
      -0.188982,
      0.047159999999999994,
      0.22941393277711944,
      0.3262292453010775,
      -0.6763556988345837,
      -0.6192630261948527
    ],
    "approach_tcp_tracking": {
      "commanded_xyz": [
        0.406701,
        -0.188982,
        0.047159999999999994
      ],
      "achieved_xyz": [
        0.40675134183208966,
        -0.18267531244405327,
        0.06540971286084707
      ],
      "error_mm": [
        0.050341832089684235,
        6.306687555946739,
        18.249712860847076
      ],
      "error_norm_mm": 19.308776805684992,
      "achieved_quat": [
        -0.22437591639827495,
        -0.35036045102460883,
        0.6731701158282333,
        0.6113468717954399
      ],
      "approach_axis_tilt_deg": 40.829176817020965,
      "commanded_approach_axis_tilt_deg": 42.99131199460442,
      "orientation_error_deg": 2.989387697839443
    },
    "compliant_place": {
      "ok": true,
      "contact": true,
      "reason": "contact",
      "resist_n": 0.6252468734198536,
      "traveled_m": 0.0051687268679152356,
      "planned_depth_m": 0.12240506957332929,
      "ft_topic": "/arm_6dof_right",
      "calib_path": "/home/ubuntu/cheng/compliant_grasp_execute/ft_calibration/ft_calibration_right.json",
      "calib_present": true,
      "commanded_m": 0.01450000000000001,
      "throttle_events": 0,
      "contact_kind": "force"
    },
    "place_tcp_tracking": {
      "commanded_xyz": [
        0.406701,
        -0.188982,
        -0.012840000000000004
      ],
      "achieved_xyz": [
        0.4019329132287068,
        -0.18285523181660074,
        0.0534843113205794
      ],
      "error_mm": [
        -4.7680867712932,
        6.126768183399273,
        66.32431132057941
      ],
      "error_norm_mm": 66.7771383931719,
      "achieved_quat": [
        -0.22194795647950638,
        -0.34222603458918716,
        0.6827621812728605,
        0.6061816969254824
      ],
      "approach_axis_tilt_deg": 41.85447100284694,
      "commanded_approach_axis_tilt_deg": 42.99131199460442,
      "orientation_error_deg": 2.62268294412095
    },
    "retract_tcp_tracking": {
      "commanded_xyz": [
        0.406701,
        -0.188982,
        0.047159999999999994
      ],
      "achieved_xyz": [
        0.4016333241772905,
        -0.1837786077586886,
        0.05717582172263597
      ],
      "error_mm": [
        -5.067675822709505,
        5.203392241311416,
        10.015821722635973
      ],
      "error_norm_mm": 12.372280058285172,
      "achieved_quat": [
        -0.22147643800000477,
        -0.33646375634435594,
        0.6813724610882766,
        0.6111234714425398
      ],
      "approach_axis_tilt_deg": 42.491487044577944,
      "commanded_approach_axis_tilt_deg": 42.99131199460442,
      "orientation_error_deg": 1.844799156752575
    },
    "approach_ok": true,
    "place_ok": true,
    "released_ok": true,
    "lift_ok": null,
    "retract_ok": true,
    "return_home_ok": true
  },
  "ok": true
}