{
  "arm": "right",
  "motion_strategy": "qp_all",
  "dry_run": false,
  "motion": {
    "place_pose7": [
      0.32691903154149354,
      -0.3505725618883472,
      0.04179043228493441,
      0.22941393277711944,
      0.3262292453010775,
      -0.6763556988345837,
      -0.6192630261948527
    ],
    "approach_pose7": [
      0.2411941202204695,
      -0.3694316281898834,
      0.17361692675486037,
      0.22941393277711944,
      0.3262292453010775,
      -0.6763556988345837,
      -0.6192630261948527
    ],
    "approach_tcp_tracking": {
      "commanded_xyz": [
        0.2411941202204695,
        -0.3694316281898834,
        0.17361692675486037
      ],
      "achieved_xyz": [
        0.12161646086873731,
        -0.280073514341486,
        0.14105134058717286
      ],
      "error_mm": [
        -119.57765935173218,
        89.35811384839742,
        -32.56558616768751
      ],
      "error_norm_mm": 152.78810990724094,
      "achieved_quat": [
        0.7095667727409197,
        0.48542643737703917,
        -0.33313092431613983,
        -0.38716915706412597
      ],
      "approach_axis_tilt_deg": -28.571016482284467,
      "commanded_approach_axis_tilt_deg": 42.99131199460442,
      "orientation_error_deg": 76.33281195358022
    },
    "approach_ok": false,
    "place_ok": false,
    "released_ok": null,
    "lift_ok": null,
    "retract_ok": null,
    "return_home_ok": true
  },
  "ok": false
}