{
  "arm": "right",
  "motion_strategy": "qp_all",
  "dry_run": false,
  "motion": {
    "place_pose7": [
      2.0584583808063526,
      0.42830586363210743,
      0.64,
      0.22941393277711944,
      0.3262292453010775,
      -0.6763556988345837,
      -0.6192630261948527
    ],
    "approach_pose7": [
      1.9727334694853285,
      0.4094467973305712,
      0.771826494469926,
      0.22941393277711944,
      0.3262292453010775,
      -0.6763556988345837,
      -0.6192630261948527
    ],
    "approach_tcp_tracking": {
      "commanded_xyz": [
        1.9727334694853285,
        0.4094467973305712,
        0.771826494469926
      ],
      "achieved_xyz": [
        0.1144210581647184,
        -0.2619911311793268,
        0.1417695007462761
      ],
      "error_mm": [
        -1858.31241132061,
        -671.437928509898,
        -630.05699372365
      ],
      "error_norm_mm": 2073.9155540305796,
      "achieved_quat": [
        0.7092081558159752,
        0.4883230648886794,
        -0.3353826602701022,
        -0.3822078586475939
      ],
      "approach_axis_tilt_deg": -28.873096264970034,
      "commanded_approach_axis_tilt_deg": 42.99131199460442,
      "orientation_error_deg": 76.46005957853104
    },
    "approach_ok": false,
    "place_ok": false,
    "released_ok": null,
    "lift_ok": null,
    "retract_ok": null,
    "return_home_ok": true
  },
  "ok": false
}