{
  "arm": "right",
  "motion_strategy": "qp_all",
  "dry_run": false,
  "motion": {
    "place_pose7": [
      2.0181388133727496,
      0.4275085273038003,
      0.64,
      0.22941393277711944,
      0.3262292453010775,
      -0.6763556988345837,
      -0.6192630261948527
    ],
    "approach_pose7": [
      1.9324139020517255,
      0.40864946100226407,
      0.771826494469926,
      0.22941393277711944,
      0.3262292453010775,
      -0.6763556988345837,
      -0.6192630261948527
    ],
    "approach_tcp_tracking": {
      "commanded_xyz": [
        1.9324139020517255,
        0.40864946100226407,
        0.771826494469926
      ],
      "achieved_xyz": [
        0.6237653136422927,
        -0.05945581279899233,
        0.41860699960675307
      ],
      "error_mm": [
        -1308.6485884094327,
        -468.1052738012564,
        -353.21949486317294
      ],
      "error_norm_mm": 1434.0319685620489,
      "achieved_quat": [
        -0.5009021340797982,
        -0.4348962192608311,
        0.550873431999089,
        0.5064590728424992
      ],
      "approach_axis_tilt_deg": 6.8877545786617675,
      "commanded_approach_axis_tilt_deg": 42.99131199460442,
      "orientation_error_deg": 38.87413909220339
    },
    "approach_ok": false,
    "place_ok": false,
    "released_ok": null,
    "lift_ok": null,
    "retract_ok": null,
    "return_home_ok": true
  },
  "ok": false
}