{
  "arm": "right",
  "motion_strategy": "qp_all",
  "dry_run": false,
  "motion": {
    "place_pose7": [
      0.41162,
      -0.17894,
      -0.08342799999999999,
      0.22941393277711944,
      0.3262292453010775,
      -0.6763556988345837,
      -0.6192630261948527
    ],
    "approach_pose7": [
      0.41162,
      -0.17894,
      -0.02342799999999999,
      0.22941393277711944,
      0.3262292453010775,
      -0.6763556988345837,
      -0.6192630261948527
    ],
    "approach_tcp_tracking": {
      "commanded_xyz": [
        0.41162,
        -0.17894,
        -0.02342799999999999
      ],
      "achieved_xyz": [
        0.43361388195806505,
        -0.17921803101667894,
        -0.005239352248386231
      ],
      "error_mm": [
        21.993881958065064,
        -0.2780310166789479,
        18.18864775161376
      ],
      "error_norm_mm": 28.54181234371461,
      "achieved_quat": [
        -0.39071842304746385,
        -0.5301698778546874,
        0.5320529133648728,
        0.5321453860429501
      ],
      "approach_axis_tilt_deg": 7.615123916108307,
      "commanded_approach_axis_tilt_deg": 42.99131199460442,
      "orientation_error_deg": 35.65290707158248
    },
    "approach_ok": false,
    "place_ok": false,
    "released_ok": null,
    "lift_ok": null,
    "retract_ok": null,
    "return_home_ok": true
  },
  "ok": false
}