{
  "arm": "right",
  "motion_strategy": "qp_all",
  "dry_run": false,
  "motion": {
    "place_pose7": [
      1.9963178587033026,
      0.44528493033102656,
      0.64,
      0.22941393277711944,
      0.3262292453010775,
      -0.6763556988345837,
      -0.6192630261948527
    ],
    "approach_pose7": [
      1.9105929473822785,
      0.42642586402949034,
      0.771826494469926,
      0.22941393277711944,
      0.3262292453010775,
      -0.6763556988345837,
      -0.6192630261948527
    ],
    "approach_tcp_tracking": {
      "commanded_xyz": [
        1.9105929473822785,
        0.42642586402949034,
        0.771826494469926
      ],
      "achieved_xyz": [
        0.6217583333603639,
        -0.0542571641707606,
        0.42194498646961714
      ],
      "error_mm": [
        -1288.8346140219146,
        -480.68302820025093,
        -349.8815080003089
      ],
      "error_norm_mm": 1419.3547497159936,
      "achieved_quat": [
        -0.509687054138267,
        -0.441169389166706,
        0.5366939991059302,
        0.5074920967166037
      ],
      "approach_axis_tilt_deg": 5.231343002747651,
      "commanded_approach_axis_tilt_deg": 42.99131199460442,
      "orientation_error_deg": 40.52400658394397
    },
    "approach_ok": false,
    "place_ok": false,
    "released_ok": null,
    "lift_ok": null,
    "retract_ok": null,
    "return_home_ok": true
  },
  "ok": false
}