{
  "arm": "right",
  "motion_strategy": "qp_all",
  "dry_run": false,
  "motion": {
    "place_pose7": [
      1.9963178587033026,
      0.44528493033102656,
      0.64,
      0.22941393277711944,
      0.3262292453010775,
      -0.6763556988345837,
      -0.6192630261948527
    ],
    "approach_pose7": [
      1.9105929473822785,
      0.42642586402949034,
      0.771826494469926,
      0.22941393277711944,
      0.3262292453010775,
      -0.6763556988345837,
      -0.6192630261948527
    ],
    "approach_tcp_tracking": {
      "commanded_xyz": [
        1.9105929473822785,
        0.42642586402949034,
        0.771826494469926
      ],
      "achieved_xyz": [
        0.375203376498472,
        -0.1257037462062307,
        0.011936232284384729
      ],
      "error_mm": [
        -1535.3895708838063,
        -552.1296102357211,
        -759.8902621855412
      ],
      "error_norm_mm": 1799.917067934581,
      "achieved_quat": [
        -0.2600359216262227,
        -0.4075891554916842,
        0.6211862906162935,
        0.6167495376082145
      ],
      "approach_axis_tilt_deg": 32.17485078407175,
      "commanded_approach_axis_tilt_deg": 42.99131199460442,
      "orientation_error_deg": 11.807108326218595
    },
    "approach_ok": false,
    "place_ok": false,
    "released_ok": null,
    "lift_ok": null,
    "retract_ok": null,
    "return_home_ok": true
  },
  "ok": false
}