{
  "arm": "right",
  "motion_strategy": "qp_all",
  "dry_run": false,
  "motion": {
    "place_pose7": [
      1.9963178587033026,
      0.44528493033102656,
      0.64,
      0.22941393277711944,
      0.3262292453010775,
      -0.6763556988345837,
      -0.6192630261948527
    ],
    "approach_pose7": [
      1.9105929473822785,
      0.42642586402949034,
      0.771826494469926,
      0.22941393277711944,
      0.3262292453010775,
      -0.6763556988345837,
      -0.6192630261948527
    ],
    "approach_tcp_tracking": {
      "commanded_xyz": [
        1.9105929473822785,
        0.42642586402949034,
        0.771826494469926
      ],
      "achieved_xyz": [
        0.1144293679199213,
        -0.26195285618353564,
        0.14176543678443315
      ],
      "error_mm": [
        -1796.1635794623571,
        -688.378720213026,
        -630.0610576854928
      ],
      "error_norm_mm": 2024.1160547362185,
      "achieved_quat": [
        0.7090861922016314,
        0.4885152293646367,
        -0.33544838428060564,
        -0.3821308992888937
      ],
      "approach_axis_tilt_deg": -28.875024260568207,
      "commanded_approach_axis_tilt_deg": 42.99131199460442,
      "orientation_error_deg": 76.45422551388198
    },
    "approach_ok": false,
    "place_ok": false,
    "released_ok": null,
    "lift_ok": null,
    "retract_ok": null,
    "return_home_ok": true
  },
  "ok": false
}