{
  "arm": "left",
  "motion_strategy": "qp_all",
  "dry_run": false,
  "motion": {
    "place_pose7": [
      0.23318895774022924,
      0.4063487095037501,
      0.1970133243310938,
      -0.27003272595940264,
      0.2934937817959853,
      0.5897393372785603,
      -0.7022472791148923
    ],
    "approach_pose7": [
      0.14550396640722324,
      0.4023779290144961,
      0.27883981880101977,
      -0.27003272595940264,
      0.2934937817959853,
      0.5897393372785603,
      -0.7022472791148923
    ],
    "approach_tcp_tracking": {
      "commanded_xyz": [
        0.14550396640722324,
        0.4023779290144961,
        0.27883981880101977
      ],
      "achieved_xyz": [
        0.14821087095515742,
        0.4153433139841578,
        0.26514477797493186
      ],
      "error_mm": [
        2.7069045479341804,
        12.96538496966171,
        -13.695040826087912
      ],
      "error_norm_mm": 19.052104421070425,
      "achieved_quat": [
        0.23635435744131503,
        -0.2672243399938037,
        -0.6038527674633285,
        0.7128040439421334
      ],
      "approach_axis_tilt_deg": 48.19824126730267,
      "commanded_approach_axis_tilt_deg": 42.991311994604416
    },
    "place_tcp_tracking": {
      "commanded_xyz": [
        0.23318895774022924,
        0.4063487095037501,
        0.1970133243310938
      ],
      "achieved_xyz": [
        0.23212437214636378,
        0.40839281256204973,
        0.205076915553802
      ],
      "error_mm": [
        -1.0645855938654636,
        2.0441030582996067,
        8.063591222708194
      ],
      "error_norm_mm": 8.386489325489677,
      "achieved_quat": [
        0.2510018996283824,
        -0.2828839940562747,
        -0.5885216950109111,
        0.7145746334646907
      ],
      "approach_axis_tilt_deg": 45.55716345546236,
      "commanded_approach_axis_tilt_deg": 42.991311994604416
    },
    "lift_pose7": [
      0.23318895774022924,
      0.4063487095037501,
      0.3170133243310938,
      -0.34469898865255927,
      0.38264456514655465,
      0.5494476920005436,
      -0.6579308305141072
    ],
    "lift_tcp_tracking": {
      "commanded_xyz": [
        0.23318895774022924,
        0.4063487095037501,
        0.3170133243310938
      ],
      "achieved_xyz": [
        0.23489744223112757,
        0.40630034081325916,
        0.3092791715178003
      ],
      "error_mm": [
        1.708484490898332,
        -0.04836869049096304,
        -7.734152813293482
      ],
      "error_norm_mm": 7.920756183928112,
      "achieved_quat": [
        0.33288054522760374,
        -0.375105634803866,
        -0.5527852842740367,
        0.6655183955665196
      ],
      "approach_axis_tilt_deg": 29.799910841878535,
      "commanded_approach_axis_tilt_deg": 28.003888704381797
    },
    "approach_ok": true,
    "place_ok": true,
    "released_ok": true,
    "lift_ok": true,
    "retract_ok": true,
    "return_home_ok": true
  },
  "ok": true
}