{
  "arm": "right",
  "motion_strategy": "qp_all",
  "dry_run": false,
  "motion": {
    "place_pose7": [
      0.5290964419440737,
      -0.23814879450062282,
      0.03619718454294542,
      0.22941393277711944,
      0.3262292453010775,
      -0.6763556988345837,
      -0.6192630261948527
    ],
    "approach_pose7": [
      0.4433715306230496,
      -0.25700786080215904,
      0.16802367901287138,
      0.22941393277711944,
      0.3262292453010775,
      -0.6763556988345837,
      -0.6192630261948527
    ],
    "approach_tcp_tracking": {
      "commanded_xyz": [
        0.4433715306230496,
        -0.25700786080215904,
        0.16802367901287138
      ],
      "achieved_xyz": [
        0.509156103878149,
        -0.216553748937381,
        0.1879787462982056
      ],
      "error_mm": [
        65.7845732550994,
        40.45411186477804,
        19.95506728533422
      ],
      "error_norm_mm": 79.76434012442986,
      "achieved_quat": [
        0.48123944358101234,
        0.6229681405889855,
        -0.4769317795231444,
        -0.39096722552386215
      ],
      "approach_axis_tilt_deg": -13.848853487193946,
      "commanded_approach_axis_tilt_deg": 42.99131199460442,
      "orientation_error_deg": 57.119141282834526
    },
    "approach_ok": false,
    "place_ok": false,
    "released_ok": null,
    "lift_ok": null,
    "retract_ok": null,
    "return_home_ok": true
  },
  "ok": false
}