{
  "arm": "right",
  "motion_strategy": "qp_all",
  "dry_run": false,
  "motion": {
    "place_pose7": [
      0.5553018746206602,
      -0.17712889942816581,
      0.20566723440950435,
      0.23503570676678848,
      0.322202559869737,
      -0.6655170633652181,
      -0.6308967945137788
    ],
    "approach_pose7": [
      0.46897463408641554,
      -0.19300442601804163,
      0.2874937288794303,
      0.23503570676678848,
      0.322202559869737,
      -0.6655170633652181,
      -0.6308967945137788
    ],
    "approach_tcp_tracking": {
      "commanded_xyz": [
        0.46897463408641554,
        -0.19300442601804163,
        0.2874937288794303
      ],
      "achieved_xyz": [
        0.47200253416443066,
        -0.20975636820079224,
        0.29564432784202865
      ],
      "error_mm": [
        3.027900078015122,
        -16.75194218275061,
        8.150598962598343
      ],
      "error_norm_mm": 18.874003529346194,
      "achieved_quat": [
        -0.23666238802359243,
        -0.332009065650288,
        0.6537886692726679,
        0.6374333458108914
      ],
      "approach_axis_tilt_deg": 41.876082215930836,
      "commanded_approach_axis_tilt_deg": 42.99131199460444
    },
    "place_tcp_tracking": {
      "commanded_xyz": [
        0.5553018746206602,
        -0.17712889942816581,
        0.20566723440950435
      ],
      "achieved_xyz": [
        0.5549306126873663,
        -0.1756153267634701,
        0.21448102036553116
      ],
      "error_mm": [
        -0.3712619332938427,
        1.513572664695706,
        8.813785956026804
      ],
      "error_norm_mm": 8.950506159602508,
      "achieved_quat": [
        -0.23614851699398898,
        -0.34553687818223977,
        0.6504290159027776,
        0.6338613720754375
      ],
      "approach_axis_tilt_deg": 40.517199781630055,
      "commanded_approach_axis_tilt_deg": 42.99131199460444
    },
    "lift_pose7": [
      0.5553018746206602,
      -0.17712889942816581,
      0.32566723440950435,
      0.31989235185182685,
      0.40179462857605813,
      -0.6291451567900166,
      -0.5834435117145448
    ],
    "lift_tcp_tracking": {
      "commanded_xyz": [
        0.5553018746206602,
        -0.17712889942816581,
        0.32566723440950435
      ],
      "achieved_xyz": [
        0.5551079799596375,
        -0.17741571892853325,
        0.31668713002032095
      ],
      "error_mm": [
        -0.1938946610227088,
        -0.28681950036743564,
        -8.980104389183396
      ],
      "error_norm_mm": 8.986775584490527,
      "achieved_quat": [
        -0.3221090920035653,
        -0.38557948246458507,
        0.6407024659970861,
        0.5805812136266847
      ],
      "approach_axis_tilt_deg": 29.679535889591403,
      "commanded_approach_axis_tilt_deg": 28.19409406477667
    },
    "approach_ok": true,
    "place_ok": true,
    "released_ok": true,
    "lift_ok": true,
    "retract_ok": true,
    "return_home_ok": true
  },
  "ok": true
}