{
  "arm": "right",
  "motion_strategy": "qp_all",
  "dry_run": false,
  "motion": {
    "place_pose7": [
      0.424386,
      -0.188813,
      -0.006302000000000002,
      0.22941393277711944,
      0.3262292453010775,
      -0.6763556988345837,
      -0.6192630261948527
    ],
    "approach_pose7": [
      0.424386,
      -0.188813,
      0.053697999999999996,
      0.22941393277711944,
      0.3262292453010775,
      -0.6763556988345837,
      -0.6192630261948527
    ],
    "compliant_place": {
      "ok": true,
      "contact": true,
      "reason": "contact",
      "resist_n": 1.568873081007409,
      "traveled_m": 0.025092775817915785,
      "planned_depth_m": 0.09545231124103386,
      "ft_topic": "/arm_6dof_right",
      "calib_path": "/home/ubuntu/cheng/compliant_grasp_execute/ft_calibration/ft_calibration_right.json",
      "calib_present": true,
      "commanded_m": 0.05659277581791579,
      "throttle_events": 0,
      "contact_kind": "force"
    },
    "place_tcp_tracking": {
      "commanded_xyz": [
        0.424386,
        -0.188813,
        -0.006302000000000002
      ],
      "achieved_xyz": [
        0.42776352882613605,
        -0.1880289546948133,
        0.04487006863157933
      ],
      "error_mm": [
        3.377528826136067,
        0.7840453051867202,
        51.17206863157933
      ],
      "error_norm_mm": 51.28940471527264,
      "achieved_quat": [
        -0.23450141351568776,
        -0.35229827500609473,
        0.662039232425102,
        0.6185459297553061
      ],
      "approach_axis_tilt_deg": 39.9254270220097,
      "commanded_approach_axis_tilt_deg": 42.99131199460442,
      "orientation_error_deg": 3.458731984520977
    },
    "approach_ok": true,
    "place_ok": true,
    "released_ok": true,
    "lift_ok": null,
    "retract_ok": true,
    "return_home_ok": true
  },
  "ok": true
}