{
  "arm": "left",
  "motion_strategy": "qp_all",
  "dry_run": false,
  "motion": {
    "place_pose7": [
      0.5263170514439401,
      0.17011016713281024,
      0.2438912989335233,
      -0.27003272595940264,
      0.2934937817959853,
      0.5897393372785603,
      -0.7022472791148923
    ],
    "approach_pose7": [
      0.43863206011093414,
      0.1661393866435562,
      0.32571779340344925,
      -0.27003272595940264,
      0.2934937817959853,
      0.5897393372785603,
      -0.7022472791148923
    ],
    "approach_tcp_tracking": {
      "commanded_xyz": [
        0.43863206011093414,
        0.1661393866435562,
        0.32571779340344925
      ],
      "achieved_xyz": [
        0.4600778936476995,
        0.17575414819791363,
        0.3182558681081175
      ],
      "error_mm": [
        21.44583353676538,
        9.61476155435742,
        -7.461925295331739
      ],
      "error_norm_mm": 24.658624149512313,
      "achieved_quat": [
        0.2599262903990709,
        -0.30971610553799583,
        -0.5957107747498889,
        0.6940049930487835
      ],
      "approach_axis_tilt_deg": 42.301239577806086,
      "commanded_approach_axis_tilt_deg": 42.991311994604416
    },
    "place_tcp_tracking": {
      "commanded_xyz": [
        0.5263170514439401,
        0.17011016713281024,
        0.2438912989335233
      ],
      "achieved_xyz": [
        0.5244466999060324,
        0.16801148297231505,
        0.2523476580904812
      ],
      "error_mm": [
        -1.8703515379077107,
        -2.09868416049519,
        8.456359156957916
      ],
      "error_norm_mm": 8.911380379735405,
      "achieved_quat": [
        0.2601549704261167,
        -0.3234689035565094,
        -0.59437106305,
        0.688774490819273
      ],
      "approach_axis_tilt_deg": 40.94805411589318,
      "commanded_approach_axis_tilt_deg": 42.991311994604416
    },
    "lift_pose7": [
      0.5263170514439401,
      0.17011016713281024,
      0.3638912989335233,
      -0.34469898865255927,
      0.38264456514655465,
      0.5494476920005436,
      -0.6579308305141072
    ],
    "lift_tcp_tracking": {
      "commanded_xyz": [
        0.5263170514439401,
        0.17011016713281024,
        0.3638912989335233
      ],
      "achieved_xyz": [
        0.5262953449769604,
        0.1702832825073001,
        0.354927119428681
      ],
      "error_mm": [
        -0.021706466979742878,
        0.17311537448985725,
        -8.964179504842296
      ],
      "error_norm_mm": 8.96587721857868,
      "achieved_quat": [
        0.34809162689802337,
        -0.36455893874975304,
        -0.5650045736095488,
        0.6532218851672326
      ],
      "approach_axis_tilt_deg": 29.46277577457665,
      "commanded_approach_axis_tilt_deg": 28.003888704381797
    },
    "approach_ok": true,
    "place_ok": true,
    "released_ok": true,
    "lift_ok": true,
    "retract_ok": true,
    "return_home_ok": true
  },
  "ok": true
}