{
  "arm": "right",
  "motion_strategy": "qp_all",
  "dry_run": false,
  "motion": {
    "place_pose7": [
      0.409946,
      -0.17684,
      -0.072685,
      0.22941393277711944,
      0.3262292453010775,
      -0.6763556988345837,
      -0.6192630261948527
    ],
    "approach_pose7": [
      0.409946,
      -0.17684,
      -0.012685000000000002,
      0.22941393277711944,
      0.3262292453010775,
      -0.6763556988345837,
      -0.6192630261948527
    ],
    "approach_tcp_tracking": {
      "commanded_xyz": [
        0.409946,
        -0.17684,
        -0.012685000000000002
      ],
      "achieved_xyz": [
        0.43412787743951753,
        -0.18637756104049086,
        0.01961731167404962
      ],
      "error_mm": [
        24.181877439517553,
        -9.53756104049086,
        32.30231167404962
      ],
      "error_norm_mm": 41.46284609850583,
      "achieved_quat": [
        0.4241889784126197,
        0.5688112831191665,
        -0.49797191354213804,
        -0.4985392743934693
      ],
      "approach_axis_tilt_deg": -0.39907580364622813,
      "commanded_approach_axis_tilt_deg": 42.99131199460442,
      "orientation_error_deg": 43.62313914469456
    },
    "approach_ok": false,
    "place_ok": false,
    "released_ok": null,
    "lift_ok": null,
    "retract_ok": null,
    "return_home_ok": true
  },
  "ok": false
}