{
  "arm": "right",
  "motion_strategy": "qp_all",
  "dry_run": false,
  "motion": {
    "place_pose7": [
      2.0181388133727496,
      0.4275085273038003,
      0.64,
      0.22941393277711944,
      0.3262292453010775,
      -0.6763556988345837,
      -0.6192630261948527
    ],
    "approach_pose7": [
      1.9324139020517255,
      0.40864946100226407,
      0.771826494469926,
      0.22941393277711944,
      0.3262292453010775,
      -0.6763556988345837,
      -0.6192630261948527
    ],
    "approach_tcp_tracking": {
      "commanded_xyz": [
        1.9324139020517255,
        0.40864946100226407,
        0.771826494469926
      ],
      "achieved_xyz": [
        0.4566397447129663,
        -0.07030746069154675,
        0.0054857954159215905
      ],
      "error_mm": [
        -1475.7741573387593,
        -478.95692169381084,
        -766.3406990540045
      ],
      "error_norm_mm": 1730.4875507595875,
      "achieved_quat": [
        -0.2830693831503745,
        -0.4290696872311977,
        0.6122986550068902,
        0.6007173086393814
      ],
      "approach_axis_tilt_deg": 28.134428349080746,
      "commanded_approach_axis_tilt_deg": 42.99131199460442,
      "orientation_error_deg": 15.343755847435188
    },
    "approach_ok": false,
    "place_ok": false,
    "released_ok": null,
    "lift_ok": null,
    "retract_ok": null,
    "return_home_ok": true
  },
  "ok": false
}