{
  "arm": "left",
  "motion_strategy": "qp_all",
  "dry_run": false,
  "motion": {
    "place_pose7": [
      0.3027868146342945,
      0.31037606258171413,
      0.08889353046436971,
      -0.22941393277711944,
      0.3262292453010775,
      0.6763556988345837,
      -0.6192630261948527
    ],
    "approach_pose7": [
      0.21706190331327047,
      0.32923512888325035,
      0.29072002493429566,
      -0.22941393277711944,
      0.3262292453010775,
      0.6763556988345837,
      -0.6192630261948527
    ],
    "approach_tcp_tracking": {
      "commanded_xyz": [
        0.21706190331327047,
        0.32923512888325035,
        0.29072002493429566
      ],
      "achieved_xyz": [
        0.2270202242807824,
        0.34458653823024044,
        0.28500616501908904
      ],
      "error_mm": [
        9.958320967511924,
        15.351409346990085,
        -5.713859915206621
      ],
      "error_norm_mm": 19.16982317501774,
      "achieved_quat": [
        0.21959584469436186,
        -0.2953673237602789,
        -0.6886926210834357,
        0.6246905495626515
      ],
      "approach_axis_tilt_deg": 46.808620887732275,
      "commanded_approach_axis_tilt_deg": 42.99131199460442,
      "orientation_error_deg": 4.019921731283867
    },
    "place_tcp_tracking": {
      "commanded_xyz": [
        0.3027868146342945,
        0.31037606258171413,
        0.08889353046436971
      ],
      "achieved_xyz": [
        0.32068111394490506,
        0.30939455337457666,
        0.11285068421812045
      ],
      "error_mm": [
        17.89429931061054,
        -0.9815092071374654,
        23.957153753750738
      ],
      "error_norm_mm": 29.91846460168479,
      "achieved_quat": [
        0.3266066725027257,
        -0.4132787905347922,
        -0.6257189834550678,
        0.5753298849484123
      ],
      "approach_axis_tilt_deg": 26.427014173147125,
      "commanded_approach_axis_tilt_deg": 42.99131199460442,
      "orientation_error_deg": 16.824658459271244
    },
    "approach_ok": true,
    "place_ok": false,
    "released_ok": null,
    "lift_ok": null,
    "retract_ok": null,
    "return_home_ok": true
  },
  "ok": false
}