{
  "arm": "right",
  "motion_strategy": "qp_all",
  "dry_run": false,
  "motion": {
    "place_pose7": [
      2.0584583808063526,
      0.42830586363210743,
      0.64,
      0.22941393277711944,
      0.3262292453010775,
      -0.6763556988345837,
      -0.6192630261948527
    ],
    "approach_pose7": [
      1.9727334694853285,
      0.4094467973305712,
      0.771826494469926,
      0.22941393277711944,
      0.3262292453010775,
      -0.6763556988345837,
      -0.6192630261948527
    ],
    "approach_tcp_tracking": {
      "commanded_xyz": [
        1.9727334694853285,
        0.4094467973305712,
        0.771826494469926
      ],
      "achieved_xyz": [
        -0.012006146606511996,
        -0.30031378171246603,
        -0.2591742523849176
      ],
      "error_mm": [
        -1984.7396160918404,
        -709.7605790430373,
        -1031.0007468548436
      ],
      "error_norm_mm": 2346.4684023577092,
      "achieved_quat": [
        -0.07634165546867969,
        0.07320825395697284,
        0.046545103327961794,
        0.9933005872086567
      ],
      "approach_axis_tilt_deg": 77.85682620657157,
      "commanded_approach_axis_tilt_deg": 42.99131199460442,
      "orientation_error_deg": 100.38257190404822
    },
    "approach_ok": false,
    "place_ok": false,
    "released_ok": null,
    "lift_ok": null,
    "retract_ok": null,
    "return_home_ok": true
  },
  "ok": false
}