{
  "arm": "right",
  "motion_strategy": "qp_all",
  "dry_run": false,
  "motion": {
    "place_pose7": [
      0.32691903154149354,
      -0.3505725618883472,
      0.04179043228493441,
      0.22941393277711944,
      0.3262292453010775,
      -0.6763556988345837,
      -0.6192630261948527
    ],
    "approach_pose7": [
      0.2411941202204695,
      -0.3694316281898834,
      0.17361692675486037,
      0.22941393277711944,
      0.3262292453010775,
      -0.6763556988345837,
      -0.6192630261948527
    ],
    "approach_tcp_tracking": {
      "commanded_xyz": [
        0.2411941202204695,
        -0.3694316281898834,
        0.17361692675486037
      ],
      "achieved_xyz": [
        0.121579277033016,
        -0.28007095139142524,
        0.141121300288786
      ],
      "error_mm": [
        -119.61484318745349,
        89.36067679845816,
        -32.49562646607437
      ],
      "error_norm_mm": 152.80381869593515,
      "achieved_quat": [
        0.7097884267930157,
        0.48552290381102736,
        -0.33289017573106666,
        -0.3868488464081849
      ],
      "approach_axis_tilt_deg": -28.624301386050124,
      "commanded_approach_axis_tilt_deg": 42.99131199460442,
      "orientation_error_deg": 76.3845100276082
    },
    "approach_ok": false,
    "place_ok": false,
    "released_ok": null,
    "lift_ok": null,
    "retract_ok": null,
    "return_home_ok": true
  },
  "ok": false
}