{
  "arm": "right",
  "motion_strategy": "qp_all",
  "dry_run": false,
  "motion": {
    "place_pose7": [
      0.6090728818718745,
      -0.25308893325592197,
      0.2074550809675738,
      0.18486980359946104,
      0.3533828359712339,
      -0.7513994268623206,
      -0.5256830112044718
    ],
    "approach_pose7": [
      0.531150061602246,
      -0.2934926321458794,
      0.28928157543749977,
      0.18486980359946104,
      0.3533828359712339,
      -0.7513994268623206,
      -0.5256830112044718
    ],
    "approach_tcp_tracking": {
      "commanded_xyz": [
        0.531150061602246,
        -0.2934926321458794,
        0.28928157543749977
      ],
      "achieved_xyz": [
        0.5151412429821314,
        -0.29315355093870443,
        0.2984786699343985
      ],
      "error_mm": [
        -16.008818620114607,
        0.3390812071749627,
        9.197094496898705
      ],
      "error_norm_mm": 18.46574658284013,
      "achieved_quat": [
        -0.2063328873316137,
        -0.32043538009079836,
        0.7885573380152465,
        0.4826232810938293
      ],
      "approach_axis_tilt_deg": 45.19390813108435,
      "commanded_approach_axis_tilt_deg": 42.991311994604416
    },
    "place_tcp_tracking": {
      "commanded_xyz": [
        0.6090728818718745,
        -0.25308893325592197,
        0.2074550809675738
      ],
      "achieved_xyz": [
        0.5996332995583649,
        -0.2511672113557128,
        0.21056947615496996
      ],
      "error_mm": [
        -9.439582313509609,
        1.9217219002091723,
        3.114395187396146
      ],
      "error_norm_mm": 10.124138812686404,
      "achieved_quat": [
        -0.20596923084909943,
        -0.32340392664544015,
        0.7873837034237274,
        0.48271469809451284
      ],
      "approach_axis_tilt_deg": 44.90821726598642,
      "commanded_approach_axis_tilt_deg": 42.991311994604416
    },
    "lift_pose7": [
      0.6090728818718745,
      -0.25308893325592197,
      0.3274550809675738,
      0.28136552282653904,
      0.4189749985886744,
      -0.7208407490815677,
      -0.4750600041949365
    ],
    "lift_tcp_tracking": {
      "commanded_xyz": [
        0.6090728818718745,
        -0.25308893325592197,
        0.3274550809675738
      ],
      "achieved_xyz": [
        0.608879714508999,
        -0.25295051251466644,
        0.3186915898364523
      ],
      "error_mm": [
        -0.193167362875446,
        0.1384207412555294,
        -8.763491131121516
      ],
      "error_norm_mm": 8.7667126528098,
      "achieved_quat": [
        -0.28079339913322676,
        -0.3997397634797596,
        0.7330959140798173,
        0.4732161971613306
      ],
      "approach_axis_tilt_deg": 31.5153098005693,
      "commanded_approach_axis_tilt_deg": 29.37915662996068
    },
    "approach_ok": true,
    "place_ok": true,
    "released_ok": true,
    "lift_ok": true,
    "retract_ok": true,
    "return_home_ok": true
  },
  "ok": true
}