{
  "arm": "right",
  "motion_strategy": "qp_all",
  "dry_run": false,
  "motion": {
    "place_pose7": [
      0.5598641818077605,
      -0.2698421797500401,
      0.20702989774720565,
      0.19442042781456992,
      0.34821971553944914,
      -0.7368118485293472,
      -0.5459414133630012
    ],
    "approach_pose7": [
      0.4798580605743872,
      -0.30594543954682235,
      0.2888563922171316,
      0.19442042781456992,
      0.34821971553944914,
      -0.7368118485293472,
      -0.5459414133630012
    ],
    "approach_tcp_tracking": {
      "commanded_xyz": [
        0.4798580605743872,
        -0.30594543954682235,
        0.2888563922171316
      ],
      "achieved_xyz": [
        0.4650832795285267,
        -0.29649111428024366,
        0.2941623243861646
      ],
      "error_mm": [
        -14.774781045860497,
        9.454325266578689,
        5.3059321690329675
      ],
      "error_norm_mm": 18.325701552239842,
      "achieved_quat": [
        -0.18840943707367072,
        -0.33622746406450615,
        0.7653531327271134,
        0.5154488904393214
      ],
      "approach_axis_tilt_deg": 44.66061647237052,
      "commanded_approach_axis_tilt_deg": 42.99131199460444
    },
    "place_tcp_tracking": {
      "commanded_xyz": [
        0.5598641818077605,
        -0.2698421797500401,
        0.20702989774720565
      ],
      "achieved_xyz": [
        0.5598185852728773,
        -0.26911149872077533,
        0.21600623764669882
      ],
      "error_mm": [
        -0.0455965348832299,
        0.7306810292647681,
        8.976339899493174
      ],
      "error_norm_mm": 9.00614522433177,
      "achieved_quat": [
        -0.19543822905209324,
        -0.3465202880847967,
        0.7632844512904041,
        0.5090426651950872
      ],
      "approach_axis_tilt_deg": 43.11423637127611,
      "commanded_approach_axis_tilt_deg": 42.99131199460444
    },
    "lift_pose7": [
      0.5598641818077605,
      -0.2698421797500401,
      0.32702989774720564,
      0.28893037907400626,
      0.41650030146214256,
      -0.7051313628913304,
      -0.49581901536458894
    ],
    "lift_tcp_tracking": {
      "commanded_xyz": [
        0.5598641818077605,
        -0.2698421797500401,
        0.32702989774720564
      ],
      "achieved_xyz": [
        0.5609176172869738,
        -0.27061943743858136,
        0.3187622292814804
      ],
      "error_mm": [
        1.0534354792132161,
        -0.7772576885412552,
        -8.267668465725242
      ],
      "error_norm_mm": 8.370674864215502,
      "achieved_quat": [
        -0.28367408645561226,
        -0.40378582852276074,
        0.7108331116960308,
        0.501200862603308
      ],
      "approach_axis_tilt_deg": 30.86199904933392,
      "commanded_approach_axis_tilt_deg": 29.084138444384553
    },
    "approach_ok": true,
    "place_ok": true,
    "released_ok": true,
    "lift_ok": true,
    "retract_ok": true,
    "return_home_ok": true
  },
  "ok": true
}