{
  "arm": "right",
  "motion_strategy": "qp_all",
  "dry_run": false,
  "motion": {
    "place_pose7": [
      2.0181388133727496,
      0.4275085273038003,
      0.64,
      0.22941393277711944,
      0.3262292453010775,
      -0.6763556988345837,
      -0.6192630261948527
    ],
    "approach_pose7": [
      1.9324139020517255,
      0.40864946100226407,
      0.771826494469926,
      0.22941393277711944,
      0.3262292453010775,
      -0.6763556988345837,
      -0.6192630261948527
    ],
    "approach_tcp_tracking": {
      "commanded_xyz": [
        1.9324139020517255,
        0.40864946100226407,
        0.771826494469926
      ],
      "achieved_xyz": [
        0.6261641812128389,
        -0.06495820533806898,
        0.39415323017353715
      ],
      "error_mm": [
        -1306.2497208388866,
        -473.607666340333,
        -377.6732642963889
      ],
      "error_norm_mm": 1439.8714002897257,
      "achieved_quat": [
        0.5380635942050102,
        0.44803483408978173,
        -0.5158086742404744,
        -0.4936534894150067
      ],
      "approach_axis_tilt_deg": 1.1176085523537622,
      "commanded_approach_axis_tilt_deg": 42.99131199460442,
      "orientation_error_deg": 44.912089620048135
    },
    "approach_ok": false,
    "place_ok": false,
    "released_ok": null,
    "lift_ok": null,
    "retract_ok": null,
    "return_home_ok": true
  },
  "ok": false
}