{
  "arm": "right",
  "pipeline_version": "accelerated",
  "motion_strategy": "qp_all",
  "dry_run": false,
  "motion": {
    "pre_cycle_move_ok": true,
    "detected_pose7": [
      0.5007333464287469,
      -0.1268404709767929,
      -0.05899750273723866,
      -0.4210772393425422,
      -0.48010478520893085,
      0.639902399758782,
      0.4274555795753542
    ],
    "approach_pose7": [
      0.5473167926430288,
      -0.12445325599683685,
      0.1455526316258763,
      0.20952598269876188,
      0.3393451570541318,
      -0.7121242214327905,
      -0.5777740217479207
    ],
    "grasp_pose7": [
      0.5473167926430288,
      -0.12445325599683685,
      0.02555263162587632,
      0.20952598269876188,
      0.3393451570541318,
      -0.7121242214327905,
      -0.5777740217479207
    ],
    "lift_pose7": [
      0.5473167926430288,
      -0.12445325599683685,
      0.1455526316258763,
      0.3006843218822764,
      0.41185665521582904,
      -0.6786832713065319,
      -0.528537653698665
    ],
    "pre_home_pose7": [
      0.3673167926430288,
      -0.22445325599683685,
      0.19555263162587633,
      0.3006843218822764,
      0.41185665521582904,
      -0.6786832713065319,
      -0.528537653698665
    ],
    "grasp_xyz_offset_m": [
      0.0,
      0.0,
      -0.005
    ],
    "grasp_quat": [
      0.20952598269876188,
      0.3393451570541318,
      -0.7121242214327905,
      -0.5777740217479207
    ],
    "use_fixed_grasp_quat": true,
    "phase_backends": {
      "approach": "qp_stream",
      "grasp": "qp_stream",
      "lift": "qp_stream"
    },
    "joint_limits_used": {
      "shoulder_pitch": [
        -2.96,
        2.96
      ],
      "shoulder_roll": [
        -2.616,
        0.262
      ],
      "shoulder_yaw": [
        -2.96,
        2.96
      ],
      "elbow_pitch": [
        -2.61,
        0.261
      ],
      "elbow_yaw": [
        -2.96,
        2.96
      ],
      "wrist_pitch": [
        -0.785,
        1.05
      ],
      "wrist_roll": [
        -1.3,
        1.65
      ]
    },
    "approach_tcp_tracking": {
      "commanded_xyz": [
        0.5473167926430288,
        -0.12445325599683685,
        0.1455526316258763
      ],
      "achieved_xyz": [
        0.5453511740569927,
        -0.11856673554941767,
        0.16270487307067572
      ],
      "error_mm": [
        -1.9656185860360553,
        5.886520447419177,
        17.152241444799404
      ],
      "error_norm_mm": 18.240454105760328,
      "achieved_quat": [
        -0.19678977430074637,
        -0.3701964569026227,
        0.7055319780197296,
        0.5713606531946119
      ],
      "approach_axis_tilt_deg": 40.42534719221096,
      "commanded_approach_axis_tilt_deg": 42.991311994604416,
      "orientation_error_deg": 3.9674543772987363
    },
    "approach_joint_limits": {
      "closest": {
        "joint": "shoulder_roll",
        "value": -0.272,
        "lower": -2.616,
        "upper": 0.262,
        "dist_to_limit": 0.534,
        "nearest_side": "upper"
      },
      "breached": [],
      "margin_rad": 0.05
    },
    "compliant_insert": {
      "ok": true,
      "contact": true,
      "reason": "contact",
      "resist_n": 1.5105412498974446,
      "traveled_m": 0.013520657343794025,
      "planned_depth_m": 0.037861210863372255,
      "ft_topic": "/arm_6dof_right",
      "calib_path": "/home/ubuntu/cheng/compliant_grasp_execute/ft_calibration/ft_calibration_right.json",
      "calib_present": true,
      "commanded_m": 0.054091776772192506,
      "throttle_events": 0,
      "contact_kind": "force"
    },
    "grasp_tcp_tracking": {
      "commanded_xyz": [
        0.5473167926430288,
        -0.12445325599683685,
        0.02555263162587632
      ],
      "achieved_xyz": [
        0.5272596013619215,
        -0.131463136189051,
        0.04716098102910998
      ],
      "error_mm": [
        -20.05719128110728,
        -7.009880192214157,
        21.608349403233664
      ],
      "error_norm_mm": 30.304291879671943,
      "achieved_quat": [
        -0.19940483094278538,
        -0.37359112424428903,
        0.7017371053157788,
        0.5729157183265257
      ],
      "approach_axis_tilt_deg": 39.891422135256754,
      "commanded_approach_axis_tilt_deg": 42.991311994604416,
      "orientation_error_deg": 4.298152357103209
    },
    "grasp_joint_limits": {
      "closest": {
        "joint": "shoulder_roll",
        "value": -0.121,
        "lower": -2.616,
        "upper": 0.262,
        "dist_to_limit": 0.383,
        "nearest_side": "upper"
      },
      "breached": [],
      "margin_rad": 0.05
    },
    "lift_joint_limits": {
      "closest": {
        "joint": "shoulder_roll",
        "value": -0.251,
        "lower": -2.616,
        "upper": 0.262,
        "dist_to_limit": 0.513,
        "nearest_side": "upper"
      },
      "breached": [],
      "margin_rad": 0.05
    },
    "retract_ok": null,
    "return_home_ok": true,
    "released_on_finish_ok": null,
    "approach_ok": true,
    "grasp_ok": true,
    "lift_ok": true
  },
  "detection": {
    "class_name": "remote control",
    "pose_head_roll_link": [
      0.9425636022145824,
      -0.07999609349595202,
      -0.13781792053311265,
      -0.3107324628990401,
      -0.005275135029343904,
      0.9483947498406003,
      -0.06296751484618048
    ],
    "pose_tip_waist_yaw_link_rpy": {
      "x": 0.6716151962854398,
      "y": -0.08103825100817626,
      "z": -0.09218711007901259,
      "roll": -0.04799813990961176,
      "pitch": -0.0261382070229903,
      "yaw": -3.0221046800247517
    },
    "pose_tip_used_for_tcp_conversion_rpy": {
      "x": 0.6716151962854398,
      "y": -0.08103825100817626,
      "z": -0.09218711007901259,
      "roll": -1.383781177284473,
      "pitch": 0.12880560457132195,
      "yaw": 1.85697653447559
    },
    "pose_tcp_waist_yaw_link_rpy": {
      "x": 0.5007333464287469,
      "y": -0.1268404709767929,
      "z": -0.05899750273723866,
      "roll": -1.383781177284473,
      "pitch": 0.12880560457132195,
      "yaw": 1.85697653447559
    },
    "pose_tcp_waist_yaw_link_pose7": [
      0.5007333464287469,
      -0.1268404709767929,
      -0.05899750273723866,
      -0.4210772393425422,
      -0.48010478520893085,
      0.639902399758782,
      0.4274555795753542
    ],
    "current_tcp_pose7": [
      -0.007798840949541919,
      -0.3671187924493461,
      0.09797899266467847,
      -0.4210772393425422,
      -0.48010478520893085,
      0.639902399758782,
      0.4274555795753542
    ],
    "tcp_minus_tip_waist_m": [
      -0.17088184985669286,
      -0.04580221996861665,
      0.03318960734177393
    ],
    "tcp_to_tip_offset_m": [
      0.0,
      0.0,
      -0.18
    ],
    "orientation_policy": "current",
    "use_current_tcp_rotation": true,
    "rotation_source_arm": "right",
    "bbox_2d": [
      683.4924926757812,
      276.8750305175781,
      742.447265625,
      411.4396667480469
    ],
    "bbox_3d": {
      "min": [
        0.875791446656201,
        -0.11288140518990475,
        -0.19333514949910433
      ],
      "max": [
        1.0172863811715172,
        -0.04961050293438959,
        -0.07870670421861331
      ],
      "center": [
        0.9465389139138591,
        -0.08124595406214717,
        -0.1360209268588588
      ],
      "size": [
        0.14149493451531614,
        0.06327090225551515,
        0.11462844528049101
      ]
    },
    "object_long_axis_waist": [
      -0.9925306535962316,
      -0.11916312928659241,
      0.02613523082859766
    ],
    "object_long_axis_yaw_waist_deg": 6.8461565878476165,
    "object_angle_from_waist_x_deg": 6.846156587847631
  },
  "gripper": {
    "open_ok": true,
    "close_ok": true,
    "final_pos_pct": 53.0,
    "backend": "modbus_rtu"
  },
  "ok": true
}