{
  "arm": "right",
  "pipeline_version": "accelerated",
  "motion_strategy": "qp_all",
  "dry_run": false,
  "motion": {
    "detected_pose7": [
      0.36836771973407045,
      -0.0609796413569224,
      -0.2689304380310645,
      0.6949097936622206,
      0.506705946334266,
      -0.3428661162036262,
      -0.3778786696563691
    ],
    "approach_pose7": [
      0.3691651994029713,
      -0.16984728397396107,
      0.12677220506571932,
      0.2118829089010204,
      0.33787853728465367,
      -0.7080853918432239,
      -0.5827167449252276
    ],
    "grasp_pose7": [
      0.45242568116313253,
      -0.16984728397396107,
      0.04494571059579338,
      0.2118829089010204,
      0.33787853728465367,
      -0.7080853918432239,
      -0.5827167449252276
    ],
    "lift_pose7": [
      0.45242568116313253,
      -0.16984728397396107,
      0.16494571059579338,
      0.3024939112067911,
      0.41104773741732237,
      -0.6743713538614672,
      -0.5336295234879438
    ],
    "pre_home_pose7": [
      0.27242568116313254,
      -0.26984728397396107,
      0.21494571059579337,
      0.3024939112067911,
      0.41104773741732237,
      -0.6743713538614672,
      -0.5336295234879438
    ],
    "grasp_xyz_offset_m": [
      0.04,
      0.0,
      0.005
    ],
    "grasp_quat": [
      0.2118829089010204,
      0.33787853728465367,
      -0.7080853918432239,
      -0.5827167449252276
    ],
    "use_fixed_grasp_quat": true,
    "phase_backends": {
      "approach": "qp_stream",
      "grasp": "qp_stream",
      "lift": "qp_stream"
    },
    "joint_limits_used": {
      "shoulder_pitch": [
        -2.96,
        2.96
      ],
      "shoulder_roll": [
        -2.616,
        0.262
      ],
      "shoulder_yaw": [
        -2.96,
        2.96
      ],
      "elbow_pitch": [
        -2.61,
        0.261
      ],
      "elbow_yaw": [
        -2.96,
        2.96
      ],
      "wrist_pitch": [
        -0.785,
        1.05
      ],
      "wrist_roll": [
        -1.3,
        1.65
      ]
    },
    "approach_tcp_tracking": {
      "commanded_xyz": [
        0.3691651994029713,
        -0.16984728397396107,
        0.12677220506571932
      ],
      "achieved_xyz": [
        0.3750939682231781,
        -0.168013330082672,
        0.14392610445051207
      ],
      "error_mm": [
        5.9287688202067645,
        1.8339538912890696,
        17.153899384792755
      ],
      "error_norm_mm": 18.24198318995014,
      "achieved_quat": [
        -0.2186146829777203,
        -0.3779240421756063,
        0.6789012330616961,
        0.5903169949099467
      ],
      "approach_axis_tilt_deg": 38.22579106017497,
      "commanded_approach_axis_tilt_deg": 42.991311994604416,
      "orientation_error_deg": 5.7967743918559815
    },
    "approach_joint_limits": {
      "closest": {
        "joint": "wrist_pitch",
        "value": 0.6333,
        "lower": -0.785,
        "upper": 1.05,
        "dist_to_limit": 0.4167,
        "nearest_side": "upper"
      },
      "breached": [],
      "margin_rad": 0.05
    },
    "compliant_insert": {
      "ok": true,
      "contact": false,
      "reason": "reached_depth_no_contact",
      "resist_n": -0.06266829711063214,
      "traveled_m": 0.04878494792012581,
      "planned_depth_m": 0.036774848564465334,
      "ft_topic": "/arm_6dof_right",
      "calib_path": "/home/ubuntu/niu/compliant_grasp_execute/ft_calibration/ft_calibration_right.json",
      "calib_present": true,
      "commanded_m": 0.05677484856446534,
      "throttle_events": 0
    },
    "grasp_tcp_tracking": {
      "commanded_xyz": [
        0.45242568116313253,
        -0.16984728397396107,
        0.04494571059579338
      ],
      "achieved_xyz": [
        0.46496210389566545,
        -0.16961792134457718,
        0.038162512023208084
      ],
      "error_mm": [
        12.536422732532914,
        0.22936262938388907,
        -6.783198572585296
      ],
      "error_norm_mm": 14.255745684447696,
      "achieved_quat": [
        -0.21834616413603064,
        -0.3965387188692419,
        0.6726916202062017,
        0.585293072869462
      ],
      "approach_axis_tilt_deg": 36.16864658207544,
      "commanded_approach_axis_tilt_deg": 42.991311994604416,
      "orientation_error_deg": 7.892707140138884
    },
    "grasp_joint_limits": {
      "closest": {
        "joint": "shoulder_roll",
        "value": -0.4034,
        "lower": -2.616,
        "upper": 0.262,
        "dist_to_limit": 0.6654,
        "nearest_side": "upper"
      },
      "breached": [],
      "margin_rad": 0.05
    },
    "lift_joint_limits": {
      "closest": {
        "joint": "wrist_pitch",
        "value": 0.5465,
        "lower": -0.785,
        "upper": 1.05,
        "dist_to_limit": 0.5035,
        "nearest_side": "upper"
      },
      "breached": [],
      "margin_rad": 0.05
    },
    "retract_ok": null,
    "return_home_ok": true,
    "released_on_finish_ok": null,
    "approach_ok": true,
    "grasp_ok": true,
    "lift_ok": true
  },
  "detection": {
    "class_name": "remote controll",
    "pose_head_roll_link": [
      0.9211561564863746,
      -0.10709707837439625,
      -0.19058849482278667,
      -0.3488328890698626,
      -0.008095390066875182,
      0.9351409516660782,
      -0.061330911291937684
    ],
    "pose_tip_waist_yaw_link_rpy": {
      "x": 0.5969864157314899,
      "y": -0.10825278283006406,
      "z": -0.1414363521458758,
      "roll": -0.05738315350409611,
      "pitch": 0.021462908473818487,
      "yaw": -3.0360257327349536
    },
    "pose_tip_used_for_tcp_conversion_rpy": {
      "x": 0.5969864157314899,
      "y": -0.10825278283006406,
      "z": -0.1414363521458758,
      "roll": -2.0730629088789403,
      "pitch": 0.0937124100756015,
      "yaw": 1.3155417939665475
    },
    "pose_tcp_waist_yaw_link_rpy": {
      "x": 0.36836771973407045,
      "y": -0.0609796413569224,
      "z": -0.2689304380310645,
      "roll": -2.0730629088789403,
      "pitch": 0.0937124100756015,
      "yaw": 1.3155417939665475
    },
    "pose_tcp_waist_yaw_link_pose7": [
      0.36836771973407045,
      -0.0609796413569224,
      -0.2689304380310645,
      0.6949097936622206,
      0.506705946334266,
      -0.3428661162036262,
      -0.3778786696563691
    ],
    "current_tcp_pose7": [
      0.11558639716273246,
      -0.25789509718653914,
      0.1413688170118687,
      0.6949097936622206,
      0.506705946334266,
      -0.3428661162036262,
      -0.3778786696563691
    ],
    "tcp_minus_tip_waist_m": [
      -0.22861869599741946,
      0.04727314147314166,
      -0.12749408588518868
    ],
    "tcp_to_tip_offset_m": [
      0.0,
      0.0,
      -0.266
    ],
    "orientation_policy": "current",
    "use_current_tcp_rotation": true,
    "rotation_source_arm": "right",
    "bbox_2d": [
      704.296142578125,
      312.6610107421875,
      764.2535400390625,
      461.4330749511719
    ],
    "bbox_3d": {
      "min": [
        0.8588727873866916,
        -0.13959206997335438,
        -0.2524374925448164
      ],
      "max": [
        0.9954787864235246,
        -0.07523933090093246,
        -0.12826042387228104
      ],
      "center": [
        0.927175786905108,
        -0.10741570043714342,
        -0.19034895820854872
      ],
      "size": [
        0.13660599903683301,
        0.06435273907242192,
        0.12417706867253536
      ]
    },
    "object_long_axis_waist": [
      -0.9942039483802924,
      -0.10534668155819014,
      -0.021461260673936906
    ],
    "object_long_axis_yaw_waist_deg": 6.048539021173866,
    "object_angle_from_waist_x_deg": 6.048539021173889
  },
  "gripper": {
    "open_ok": true,
    "close_ok": true,
    "final_pos_pct": 89.0,
    "backend": "modbus_rtu"
  },
  "ok": true
}