{
  "arm": "right",
  "pipeline_version": "accelerated",
  "motion_strategy": "qp_all",
  "dry_run": false,
  "motion": {
    "pre_cycle_move_ok": true,
    "detected_pose7": [
      0.2600715442199417,
      -0.2726714486010804,
      -0.06871680521875637,
      -0.42136498675544753,
      -0.48013080663072777,
      0.6397533731944384,
      0.42736585959461726
    ],
    "approach_pose7": [
      0.29757370605717004,
      -0.28150545724261744,
      0.12099367812988134,
      0.23092474449591963,
      0.3836908723255006,
      -0.7168270872733509,
      -0.5344286704741753
    ],
    "grasp_pose7": [
      0.29757370605717004,
      -0.28150545724261744,
      0.000993678129881344,
      0.23092474449591963,
      0.3836908723255006,
      -0.7168270872733509,
      -0.5344286704741753
    ],
    "lift_pose7": [
      0.29757370605717004,
      -0.28150545724261744,
      0.12099367812988134,
      0.32251386147652067,
      0.4501652830933711,
      -0.680552804582279,
      -0.479774850558221
    ],
    "pre_home_pose7": [
      0.11757370605717005,
      -0.3815054572426174,
      0.17099367812988134,
      0.32251386147652067,
      0.4501652830933711,
      -0.680552804582279,
      -0.479774850558221
    ],
    "grasp_xyz_offset_m": [
      0.0,
      0.0,
      -0.005
    ],
    "grasp_quat": [
      0.23092474449591963,
      0.3836908723255006,
      -0.7168270872733509,
      -0.5344286704741753
    ],
    "use_fixed_grasp_quat": true,
    "phase_backends": {
      "approach": "qp_stream",
      "grasp": "qp_stream",
      "lift": "qp_stream"
    },
    "joint_limits_used": {
      "shoulder_pitch": [
        -2.96,
        2.96
      ],
      "shoulder_roll": [
        -2.616,
        0.262
      ],
      "shoulder_yaw": [
        -2.96,
        2.96
      ],
      "elbow_pitch": [
        -2.61,
        0.261
      ],
      "elbow_yaw": [
        -2.96,
        2.96
      ],
      "wrist_pitch": [
        -0.785,
        1.05
      ],
      "wrist_roll": [
        -1.3,
        1.65
      ]
    },
    "approach_tcp_tracking": {
      "commanded_xyz": [
        0.29757370605717004,
        -0.28150545724261744,
        0.12099367812988134
      ],
      "achieved_xyz": [
        0.3010206131735461,
        -0.2929372685535034,
        0.13584851045196034
      ],
      "error_mm": [
        3.4469071163760745,
        -11.431811310885942,
        14.854832322079
      ],
      "error_norm_mm": 19.058686256762474,
      "achieved_quat": [
        -0.26211290372167284,
        -0.39661638338537736,
        0.690262248453157,
        0.5454633796079151
      ],
      "approach_axis_tilt_deg": 33.22885358723838,
      "commanded_approach_axis_tilt_deg": 36.791882968150134,
      "orientation_error_deg": 5.082943871376772
    },
    "approach_joint_limits": {
      "closest": {
        "joint": "elbow_pitch",
        "value": -2.0811,
        "lower": -2.61,
        "upper": 0.261,
        "dist_to_limit": 0.5289,
        "nearest_side": "lower"
      },
      "breached": [],
      "margin_rad": 0.05
    },
    "compliant_insert": {
      "ok": true,
      "contact": true,
      "reason": "contact",
      "resist_n": 1.03198005506201,
      "traveled_m": 0.022298387335434478,
      "planned_depth_m": 0.03841625158587312,
      "ft_topic": "/arm_6dof_right",
      "calib_path": "/home/ubuntu/cheng/compliant_grasp_execute/ft_calibration/ft_calibration_right.json",
      "calib_present": true,
      "commanded_m": 0.06257576620880799,
      "throttle_events": 0,
      "contact_kind": "force"
    },
    "grasp_tcp_tracking": {
      "commanded_xyz": [
        0.29757370605717004,
        -0.28150545724261744,
        0.000993678129881344
      ],
      "achieved_xyz": [
        0.300474501385812,
        -0.27996897155765077,
        0.01737767726342454
      ],
      "error_mm": [
        2.9007953286419585,
        1.5364856849666708,
        16.383999133543195
      ],
      "error_norm_mm": 16.709602909905513,
      "achieved_quat": [
        -0.2223540793053502,
        -0.3771472223955124,
        0.7466531433909875,
        0.500827035532206
      ],
      "approach_axis_tilt_deg": 38.0709839591251,
      "commanded_approach_axis_tilt_deg": 36.791882968150134,
      "orientation_error_deg": 5.295220133303599
    },
    "grasp_joint_limits": {
      "closest": {
        "joint": "wrist_pitch",
        "value": -0.0698,
        "lower": -0.785,
        "upper": 1.05,
        "dist_to_limit": 0.7152,
        "nearest_side": "lower"
      },
      "breached": [],
      "margin_rad": 0.05
    },
    "lift_joint_limits": {
      "closest": {
        "joint": "elbow_pitch",
        "value": -1.973,
        "lower": -2.61,
        "upper": 0.261,
        "dist_to_limit": 0.637,
        "nearest_side": "lower"
      },
      "breached": [],
      "margin_rad": 0.05
    },
    "retract_ok": null,
    "return_home_ok": true,
    "released_on_finish_ok": null,
    "approach_ok": true,
    "grasp_ok": true,
    "lift_ok": true
  },
  "detection": {
    "class_name": "remote control",
    "pose_head_roll_link": [
      0.7586302676712114,
      -0.22478219329085167,
      -0.29452123938905217,
      -0.31409123465554883,
      0.010553739488033315,
      0.9445368537655184,
      -0.09531760998948308
    ],
    "pose_tip_waist_yaw_link_rpy": {
      "x": 0.4309855713658548,
      "y": -0.22691966299552738,
      "z": -0.10181014954461132,
      "roll": -0.03874868123839685,
      "pitch": -0.016190451395971417,
      "yaw": -2.9507516250086345
    },
    "pose_tip_used_for_tcp_conversion_rpy": {
      "x": 0.4309855713658548,
      "y": -0.22691966299552738,
      "z": -0.10181014954461132,
      "roll": -1.384322416755369,
      "pitch": 0.12911475169970799,
      "yaw": 1.856639965252558
    },
    "pose_tcp_waist_yaw_link_rpy": {
      "x": 0.2600715442199417,
      "y": -0.2726714486010804,
      "z": -0.06871680521875637,
      "roll": -1.384322416755369,
      "pitch": 0.12911475169970799,
      "yaw": 1.856639965252558
    },
    "pose_tcp_waist_yaw_link_pose7": [
      0.2600715442199417,
      -0.2726714486010804,
      -0.06871680521875637,
      -0.42136498675544753,
      -0.48013080663072777,
      0.6397533731944384,
      0.42736585959461726
    ],
    "current_tcp_pose7": [
      -0.00779582150374919,
      -0.3671362835114092,
      0.09802071766758441,
      -0.42136498675544753,
      -0.48013080663072777,
      0.6397533731944384,
      0.42736585959461726
    ],
    "tcp_minus_tip_waist_m": [
      -0.17091402714591308,
      -0.045751785605553014,
      0.03309334432585495
    ],
    "tcp_to_tip_offset_m": [
      0.0,
      0.0,
      -0.18
    ],
    "orientation_policy": "current",
    "use_current_tcp_rotation": true,
    "rotation_source_arm": "right",
    "bbox_2d": [
      802.6531372070312,
      425.558349609375,
      905.2930297851562,
      610.3528442382812
    ],
    "bbox_3d": {
      "min": [
        0.6978047751396201,
        -0.26691748046941777,
        -0.3545301334264307
      ],
      "max": [
        0.8352376283936332,
        -0.1889370219523082,
        -0.24024298689323062
      ],
      "center": [
        0.7665212017666267,
        -0.227927251210863,
        -0.29738656015983067
      ],
      "size": [
        0.1374328532540131,
        0.07798045851710958,
        0.11428714653320007
      ]
    },
    "object_long_axis_waist": [
      -0.9817163690450262,
      -0.18965986116206998,
      0.016189744069471504
    ],
    "object_long_axis_yaw_waist_deg": 10.934385495635894,
    "object_angle_from_waist_x_deg": 10.934385495635919
  },
  "gripper": {
    "open_ok": true,
    "close_ok": true,
    "final_pos_pct": 52.0,
    "backend": "modbus_rtu"
  },
  "ok": true
}