{
  "arm": "right",
  "pipeline_version": "accelerated",
  "motion_strategy": "qp_all",
  "dry_run": false,
  "motion": {
    "pre_cycle_move_ok": true,
    "detected_pose7": [
      0.43316260750998303,
      -0.2377635165599286,
      -0.05942277595546523,
      -0.42085794477127075,
      -0.4803363214819404,
      0.6398568852526563,
      0.42747956089486805
    ],
    "approach_pose7": [
      0.48460158616198834,
      -0.28441249707264776,
      0.12026032992573314,
      0.19232917217936,
      0.43723973610167466,
      -0.7721532241685836,
      -0.4190588277421217
    ],
    "grasp_pose7": [
      0.48460158616198834,
      -0.28441249707264776,
      0.00026032992573315084,
      0.19232917217936,
      0.43723973610167466,
      -0.7721532241685836,
      -0.4190588277421217
    ],
    "lift_pose7": [
      0.48460158616198834,
      -0.28441249707264776,
      0.12026032992573314,
      0.2914699896106664,
      0.48819724264782394,
      -0.7404433517977556,
      -0.3584024835376075
    ],
    "pre_home_pose7": [
      0.30460158616198835,
      -0.3844124970726478,
      0.17026032992573314,
      0.2914699896106664,
      0.48819724264782394,
      -0.7404433517977556,
      -0.3584024835376075
    ],
    "grasp_xyz_offset_m": [
      0.0,
      0.0,
      -0.005
    ],
    "grasp_quat": [
      0.19232917217936,
      0.43723973610167466,
      -0.7721532241685836,
      -0.4190588277421217
    ],
    "use_fixed_grasp_quat": true,
    "phase_backends": {
      "approach": "qp_stream",
      "grasp": "qp_stream",
      "lift": "qp_stream"
    },
    "joint_limits_used": {
      "shoulder_pitch": [
        -2.96,
        2.96
      ],
      "shoulder_roll": [
        -2.616,
        0.262
      ],
      "shoulder_yaw": [
        -2.96,
        2.96
      ],
      "elbow_pitch": [
        -2.61,
        0.261
      ],
      "elbow_yaw": [
        -2.96,
        2.96
      ],
      "wrist_pitch": [
        -0.785,
        1.05
      ],
      "wrist_roll": [
        -1.3,
        1.65
      ]
    },
    "approach_tcp_tracking": {
      "commanded_xyz": [
        0.48460158616198834,
        -0.28441249707264776,
        0.12026032992573314
      ],
      "achieved_xyz": [
        0.4767083174333035,
        -0.28365244189973315,
        0.1369491891068704
      ],
      "error_mm": [
        -7.893268728684843,
        0.7600551729146088,
        16.688859181137257
      ],
      "error_norm_mm": 18.47699639705917,
      "achieved_quat": [
        -0.2027434787391227,
        -0.4318346389872885,
        0.7920074749508017,
        0.3809699279753357
      ],
      "approach_axis_tilt_deg": 33.01290048036183,
      "commanded_approach_axis_tilt_deg": 32.93326345423423,
      "orientation_error_deg": 5.102807375805653
    },
    "approach_joint_limits": {
      "closest": {
        "joint": "wrist_pitch",
        "value": -0.4695,
        "lower": -0.785,
        "upper": 1.05,
        "dist_to_limit": 0.3155,
        "nearest_side": "lower"
      },
      "breached": [],
      "margin_rad": 0.05
    },
    "compliant_insert": {
      "ok": true,
      "contact": true,
      "reason": "contact",
      "resist_n": 1.5030586661303298,
      "traveled_m": 0.026468586895492682,
      "planned_depth_m": 0.037580603382805555,
      "ft_topic": "/arm_6dof_right",
      "calib_path": "/home/ubuntu/cheng/compliant_grasp_execute/ft_calibration/ft_calibration_right.json",
      "calib_present": true,
      "commanded_m": 0.06696858689549268,
      "throttle_events": 0,
      "contact_kind": "force"
    },
    "grasp_tcp_tracking": {
      "commanded_xyz": [
        0.48460158616198834,
        -0.28441249707264776,
        0.00026032992573315084
      ],
      "achieved_xyz": [
        0.4888396720633644,
        -0.2817371934304224,
        0.011875344634510676
      ],
      "error_mm": [
        4.238085901376087,
        2.6753036422253462,
        11.615014708777526
      ],
      "error_norm_mm": 12.650185309736187,
      "achieved_quat": [
        -0.19705267310568905,
        -0.4570743641540805,
        0.7652749980030003,
        0.40817575514299403
      ],
      "approach_axis_tilt_deg": 30.298600821459697,
      "commanded_approach_axis_tilt_deg": 32.93326345423423,
      "orientation_error_deg": 2.763304520036262
    },
    "grasp_joint_limits": {
      "closest": {
        "joint": "wrist_pitch",
        "value": -0.566,
        "lower": -0.785,
        "upper": 1.05,
        "dist_to_limit": 0.219,
        "nearest_side": "lower"
      },
      "breached": [],
      "margin_rad": 0.05
    },
    "lift_joint_limits": {
      "closest": {
        "joint": "wrist_pitch",
        "value": -0.5079,
        "lower": -0.785,
        "upper": 1.05,
        "dist_to_limit": 0.2771,
        "nearest_side": "lower"
      },
      "breached": [],
      "margin_rad": 0.05
    },
    "retract_ok": null,
    "return_home_ok": true,
    "released_on_finish_ok": null,
    "approach_ok": true,
    "grasp_ok": true,
    "lift_ok": false
  },
  "detection": {
    "class_name": "remote control",
    "pose_head_roll_link": [
      0.8896704957075451,
      -0.19048083091540485,
      -0.17976853277084992,
      -0.3028478855947242,
      0.08294237420959365,
      0.9101871118911551,
      -0.27011690450343634
    ],
    "pose_tip_waist_yaw_link_rpy": {
      "x": 0.6040268203570719,
      "y": -0.19188571664133172,
      "z": -0.09259879504718127,
      "roll": -0.019895504320271113,
      "pitch": -0.015327203685526758,
      "yaw": -2.5662864837759174
    },
    "pose_tip_used_for_tcp_conversion_rpy": {
      "x": 0.6040268203570719,
      "y": -0.19188571664133172,
      "z": -0.09259879504718127,
      "roll": -1.3838719574218585,
      "pitch": 0.12826116780986552,
      "yaw": 1.8573008541011757
    },
    "pose_tcp_waist_yaw_link_rpy": {
      "x": 0.43316260750998303,
      "y": -0.2377635165599286,
      "z": -0.05942277595546523,
      "roll": -1.3838719574218585,
      "pitch": 0.12826116780986552,
      "yaw": 1.8573008541011757
    },
    "pose_tcp_waist_yaw_link_pose7": [
      0.43316260750998303,
      -0.2377635165599286,
      -0.05942277595546523,
      -0.42085794477127075,
      -0.4803363214819404,
      0.6398568852526563,
      0.42747956089486805
    ],
    "current_tcp_pose7": [
      -0.007814118282278265,
      -0.3670602750499627,
      0.09798457683680256,
      -0.42085794477127075,
      -0.4803363214819404,
      0.6398568852526563,
      0.42747956089486805
    ],
    "tcp_minus_tip_waist_m": [
      -0.17086421284708886,
      -0.04587779991859689,
      0.03317601909171604
    ],
    "tcp_to_tip_offset_m": [
      0.0,
      0.0,
      -0.18
    ],
    "orientation_policy": "current",
    "use_current_tcp_rotation": true,
    "rotation_source_arm": "right",
    "bbox_2d": [
      733.410400390625,
      321.40625,
      869.1181030273438,
      453.4752502441406
    ],
    "bbox_3d": {
      "min": [
        0.8264944664019721,
        -0.25785855171627214,
        -0.2292827748771419
      ],
      "max": [
        0.965766106707361,
        -0.1277675330088566,
        -0.12830689525776004
      ],
      "center": [
        0.8961302865546665,
        -0.19281304236256436,
        -0.17879483506745097
      ],
      "size": [
        0.13927164030538886,
        0.13009101870741555,
        0.10097587961938187
      ]
    },
    "object_long_axis_waist": [
      -0.8389272059265553,
      -0.5440277919179944,
      0.015326603573355961
    ],
    "object_long_axis_yaw_waist_deg": 32.96261545817171,
    "object_angle_from_waist_x_deg": 32.962615458171726
  },
  "gripper": {
    "open_ok": true,
    "close_ok": true,
    "final_pos_pct": 52.0,
    "backend": "modbus_rtu"
  },
  "ok": false
}