{
  "arm": "left",
  "pipeline_version": "accelerated",
  "motion_strategy": "qp_all",
  "dry_run": false,
  "motion": {
    "detected_pose7": [
      0.3885535465922137,
      0.2754121099353683,
      -0.2655795296440933,
      0.6946937516123073,
      0.5070844294564861,
      -0.3429629910063604,
      -0.37768023468746564
    ],
    "approach_pose7": [
      0.3236362193908961,
      0.23345207433053777,
      0.061078222160233744,
      -0.3354861305143523,
      0.3687807632524903,
      0.5974176487722539,
      -0.6281257500077907
    ],
    "grasp_pose7": [
      0.42733206630145654,
      0.23345207433053777,
      0.000730268987253503,
      -0.3354861305143523,
      0.3687807632524903,
      0.5974176487722539,
      -0.6281257500077907
    ],
    "lift_pose7": [
      0.42733206630145654,
      0.23345207433053777,
      0.1207302689872535,
      -0.41059465101993653,
      0.4476126550840742,
      0.5485169308105973,
      -0.5746164983504429
    ],
    "pre_home_pose7": [
      0.24733206630145654,
      0.13345207433053777,
      0.17073026898725352,
      -0.41059465101993653,
      0.4476126550840742,
      0.5485169308105973,
      -0.5746164983504429
    ],
    "grasp_xyz_offset_m": [
      0.04,
      0.0,
      0.005
    ],
    "grasp_quat": [
      -0.3354861305143523,
      0.3687807632524903,
      0.5974176487722539,
      -0.6281257500077907
    ],
    "use_fixed_grasp_quat": true,
    "phase_backends": {
      "approach": "qp_stream",
      "grasp": "qp_stream",
      "lift": "qp_stream"
    },
    "joint_limits_used": {
      "shoulder_pitch": [
        -2.96,
        2.96
      ],
      "shoulder_roll": [
        -0.262,
        2.616
      ],
      "shoulder_yaw": [
        -2.96,
        2.96
      ],
      "elbow_pitch": [
        -2.61,
        0.261
      ],
      "elbow_yaw": [
        -2.96,
        2.96
      ],
      "wrist_pitch": [
        -0.785,
        1.05
      ],
      "wrist_roll": [
        -1.65,
        1.3
      ]
    },
    "approach_tcp_tracking": {
      "commanded_xyz": [
        0.3236362193908961,
        0.23345207433053777,
        0.061078222160233744
      ],
      "achieved_xyz": [
        0.33254255479777406,
        0.23153034682744492,
        0.07863969260414116
      ],
      "error_mm": [
        8.906335406877963,
        -1.9217275030928571,
        17.56147044390742
      ],
      "error_norm_mm": 19.784364814878074,
      "achieved_quat": [
        0.34440778835738606,
        -0.39918515520055853,
        -0.5565336302943338,
        0.6421096522695245
      ],
      "approach_axis_tilt_deg": 26.36378739075429,
      "commanded_approach_axis_tilt_deg": 30.19202277493345,
      "orientation_error_deg": 6.1408275792611775
    },
    "approach_joint_limits": {
      "closest": {
        "joint": "wrist_pitch",
        "value": 0.6858,
        "lower": -0.785,
        "upper": 1.05,
        "dist_to_limit": 0.3642,
        "nearest_side": "upper"
      },
      "breached": [],
      "margin_rad": 0.05
    },
    "compliant_insert": {
      "ok": true,
      "contact": false,
      "reason": "reached_depth_no_contact",
      "resist_n": 0.22215534907260664,
      "traveled_m": 0.04615898796678605,
      "planned_depth_m": 0.03406491961285159,
      "ft_topic": "/arm_6dof_left",
      "calib_path": "/home/ubuntu/niu/compliant_grasp_execute/ft_calibration/ft_calibration_left.json",
      "calib_present": true,
      "commanded_m": 0.05406491961285159,
      "throttle_events": 0
    },
    "grasp_tcp_tracking": {
      "commanded_xyz": [
        0.42733206630145654,
        0.23345207433053777,
        0.000730268987253503
      ],
      "achieved_xyz": [
        0.44480513162463725,
        0.2328799903179577,
        -0.0010981370112271849
      ],
      "error_mm": [
        17.473065323180712,
        -0.5720840125800764,
        -1.8284059984806877
      ],
      "error_norm_mm": 17.577780303578443,
      "achieved_quat": [
        0.3424632007154374,
        -0.4169313960424422,
        -0.5487823699566873,
        0.6385335367657363
      ],
      "approach_axis_tilt_deg": 24.69415144802018,
      "commanded_approach_axis_tilt_deg": 30.19202277493345,
      "orientation_error_deg": 7.974477077848671
    },
    "grasp_joint_limits": {
      "closest": {
        "joint": "wrist_pitch",
        "value": 0.4769,
        "lower": -0.785,
        "upper": 1.05,
        "dist_to_limit": 0.5731,
        "nearest_side": "upper"
      },
      "breached": [],
      "margin_rad": 0.05
    },
    "lift_joint_limits": {
      "closest": {
        "joint": "wrist_pitch",
        "value": 0.6761,
        "lower": -0.785,
        "upper": 1.05,
        "dist_to_limit": 0.3739,
        "nearest_side": "upper"
      },
      "breached": [],
      "margin_rad": 0.05
    },
    "retract_ok": null,
    "return_home_ok": true,
    "released_on_finish_ok": null,
    "approach_ok": true,
    "grasp_ok": true,
    "lift_ok": true
  },
  "detection": {
    "class_name": "remote control",
    "pose_head_roll_link": [
      0.9278587661985545,
      0.2272473213727019,
      -0.20789141229029892,
      -0.34634605058741563,
      0.06694567665389649,
      0.9337155736650482,
      -0.061138507629815424
    ],
    "pose_tip_waist_yaw_link_rpy": {
      "x": 0.6171911936198655,
      "y": 0.2283509076636949,
      "z": -0.13804102721285272,
      "roll": 0.08863409662824234,
      "pitch": 0.04197244772669273,
      "yaw": -2.980940239541449
    },
    "pose_tip_used_for_tcp_conversion_rpy": {
      "x": 0.6171911936198655,
      "y": 0.2283509076636949,
      "z": -0.13804102721285272,
      "roll": -2.0732491682697303,
      "pitch": 0.09361363192531869,
      "yaw": 1.3164786238240431
    },
    "pose_tcp_waist_yaw_link_rpy": {
      "x": 0.3885535465922137,
      "y": 0.2754121099353683,
      "z": -0.2655795296440933,
      "roll": -2.0732491682697303,
      "pitch": 0.09361363192531869,
      "yaw": 1.3164786238240431
    },
    "pose_tcp_waist_yaw_link_pose7": [
      0.3885535465922137,
      0.2754121099353683,
      -0.2655795296440933,
      0.6946937516123073,
      0.5070844294564861,
      -0.3429629910063604,
      -0.37768023468746564
    ],
    "current_tcp_pose7": [
      0.11559713875788312,
      -0.25782968913402915,
      0.14138329206244293,
      0.6946937516123073,
      0.5070844294564861,
      -0.3429629910063604,
      -0.37768023468746564
    ],
    "tcp_minus_tip_waist_m": [
      -0.22863764702765182,
      0.0470612022716734,
      -0.1275385024312406
    ],
    "tcp_to_tip_offset_m": [
      0.0,
      0.0,
      -0.266
    ],
    "orientation_policy": "current",
    "use_current_tcp_rotation": true,
    "rotation_source_arm": "right",
    "bbox_2d": [
      459.49371337890625,
      324.5653076171875,
      495.67236328125,
      468.7159729003906
    ],
    "bbox_3d": {
      "min": [
        0.8625477597994715,
        0.19284456488188875,
        -0.26850333656002756
      ],
      "max": [
        0.9996605037994518,
        0.2660128432314969,
        -0.14645940481002234
      ],
      "center": [
        0.9311041317994617,
        0.2294287040566928,
        -0.20748137068502495
      ],
      "size": [
        0.1371127439999803,
        0.07316827834960812,
        0.12204393175000522
      ]
    },
    "object_long_axis_waist": [
      -0.9862537588020525,
      -0.15982137263407165,
      -0.04196012509733983
    ],
    "object_long_axis_yaw_waist_deg": 9.204705293558334,
    "object_angle_from_waist_x_deg": 9.204705293558353
  },
  "gripper": {
    "open_ok": true,
    "close_ok": true,
    "final_pos_pct": 90.0,
    "backend": "modbus_rtu"
  },
  "ok": true
}