{
  "arm": "right",
  "pipeline_version": "accelerated",
  "motion_strategy": "qp_all",
  "dry_run": false,
  "motion": {
    "pre_cycle_move_ok": true,
    "detected_pose7": [
      0.4584596287218603,
      -0.09240796347824899,
      -0.0432059200637063,
      -0.41303456657299664,
      -0.4234785500759539,
      0.6328686688406792,
      0.4995454057853513
    ],
    "approach_pose7": [
      0.41072086827823806,
      -0.09419636020990525,
      0.09851819766186377,
      0.23468222847906586,
      0.32246011331337526,
      -0.6662085234793892,
      -0.6301665892456035
    ],
    "grasp_pose7": [
      0.49701308204535766,
      -0.09419636020990525,
      0.016691703191937805,
      0.23468222847906586,
      0.32246011331337526,
      -0.6662085234793892,
      -0.6301665892456035
    ],
    "lift_pose7": [
      0.49701308204535766,
      -0.09419636020990525,
      0.1366917031919378,
      0.31963215127563177,
      0.40195466770108834,
      -0.6298768395419851,
      -0.582685935983373
    ],
    "pre_home_pose7": [
      0.31701308204535766,
      -0.19419636020990527,
      0.18669170319193779,
      0.31963215127563177,
      0.40195466770108834,
      -0.6298768395419851,
      -0.582685935983373
    ],
    "grasp_xyz_offset_m": [
      0.0,
      0.0,
      -0.005
    ],
    "grasp_quat": [
      0.23468222847906586,
      0.32246011331337526,
      -0.6662085234793892,
      -0.6301665892456035
    ],
    "use_fixed_grasp_quat": true,
    "phase_backends": {
      "approach": "qp_stream",
      "grasp": "qp_stream",
      "lift": "qp_stream"
    },
    "joint_limits_used": {
      "shoulder_pitch": [
        -2.96,
        2.96
      ],
      "shoulder_roll": [
        -2.616,
        0.262
      ],
      "shoulder_yaw": [
        -2.96,
        2.96
      ],
      "elbow_pitch": [
        -2.61,
        0.261
      ],
      "elbow_yaw": [
        -2.96,
        2.96
      ],
      "wrist_pitch": [
        -0.785,
        1.05
      ],
      "wrist_roll": [
        -1.3,
        1.65
      ]
    },
    "approach_tcp_tracking": {
      "commanded_xyz": [
        0.41072086827823806,
        -0.09419636020990525,
        0.09851819766186377
      ],
      "achieved_xyz": [
        0.4277371222503121,
        -0.09900168670200779,
        0.09125728430095453
      ],
      "error_mm": [
        17.016253972074015,
        -4.805326492102538,
        -7.260913360909241
      ],
      "error_norm_mm": 19.11452130639053,
      "achieved_quat": [
        -0.26227379117405464,
        -0.3141113376931194,
        0.6566729044818208,
        0.6335039246249677
      ],
      "approach_axis_tilt_deg": 41.689464483659975,
      "commanded_approach_axis_tilt_deg": 42.99131199460444,
      "orientation_error_deg": 3.5004575647195115
    },
    "approach_joint_limits": {
      "closest": {
        "joint": "wrist_pitch",
        "value": 0.832,
        "lower": -0.785,
        "upper": 1.05,
        "dist_to_limit": 0.218,
        "nearest_side": "upper"
      },
      "breached": [],
      "margin_rad": 0.05
    },
    "compliant_insert": {
      "ok": false,
      "contact": false,
      "reason": "blocked_no_progress",
      "resist_n": 0.24245027277674897,
      "traveled_m": 0.003441906681169137,
      "planned_depth_m": 0.03863753393017642,
      "ft_topic": "/arm_6dof_right",
      "calib_path": "/home/ubuntu/cheng/compliant_grasp_execute/ft_calibration/ft_calibration_right.json",
      "calib_present": true,
      "commanded_m": 0.04394190668116914,
      "throttle_events": 0,
      "contact_kind": "blocked_no_progress"
    },
    "grasp_tcp_tracking": {
      "commanded_xyz": [
        0.49701308204535766,
        -0.09419636020990525,
        0.016691703191937805
      ],
      "achieved_xyz": [
        0.4788046889738335,
        -0.09692324724111079,
        0.0473747552966437
      ],
      "error_mm": [
        -18.208393071524164,
        -2.7268870312055355,
        30.683052104705897
      ],
      "error_norm_mm": 35.78311302260024,
      "achieved_quat": [
        -0.2450718523721207,
        -0.32595252980292283,
        0.6530658477511575,
        0.6381220369106791
      ],
      "approach_axis_tilt_deg": 41.86590124572865,
      "commanded_approach_axis_tilt_deg": 42.99131199460444,
      "orientation_error_deg": 2.162628121556885
    },
    "grasp_joint_limits": {
      "closest": {
        "joint": "shoulder_roll",
        "value": -0.159,
        "lower": -2.616,
        "upper": 0.262,
        "dist_to_limit": 0.421,
        "nearest_side": "upper"
      },
      "breached": [],
      "margin_rad": 0.05
    },
    "grasp_reach_retry_used": true,
    "grasp_reach_retry_yaw_scale": 0.5,
    "lift_joint_limits": {
      "closest": {
        "joint": "shoulder_roll",
        "value": -0.1589,
        "lower": -2.616,
        "upper": 0.262,
        "dist_to_limit": 0.4209,
        "nearest_side": "upper"
      },
      "breached": [],
      "margin_rad": 0.05
    },
    "retract_ok": null,
    "return_home_ok": true,
    "released_on_finish_ok": null,
    "approach_ok": true,
    "grasp_ok": false,
    "lift_ok": true
  },
  "detection": {
    "class_name": "remote control",
    "pose_head_roll_link": [
      0.9025764693919224,
      -0.07019877948990269,
      -0.1712490271174583,
      0.03201642668224796,
      0.9501108465011033,
      0.010468566089215882,
      0.3100882727667924
    ],
    "pose_tip_waist_yaw_link_rpy": {
      "x": 0.6192603848821104,
      "y": -0.07143785620184669,
      "z": -0.09422916397379066,
      "roll": -3.135488841562601,
      "pitch": -0.030902974735103284,
      "yaw": 3.0766225126985627
    },
    "pose_tip_used_for_tcp_conversion_rpy": {
      "x": 0.6192603848821104,
      "y": -0.07143785620184669,
      "z": -0.09422916397379066,
      "roll": -1.2643844102205803,
      "pitch": 0.09986565748698029,
      "yaw": 1.732007118251936
    },
    "pose_tcp_waist_yaw_link_rpy": {
      "x": 0.4584596287218603,
      "y": -0.09240796347824899,
      "z": -0.0432059200637063,
      "roll": -1.2643844102205803,
      "pitch": 0.09986565748698029,
      "yaw": 1.732007118251936
    },
    "pose_tcp_waist_yaw_link_pose7": [
      0.4584596287218603,
      -0.09240796347824899,
      -0.0432059200637063,
      -0.41303456657299664,
      -0.4234785500759539,
      0.6328686688406792,
      0.4995454057853513
    ],
    "current_tcp_pose7": [
      -0.09639682367644435,
      -0.2674151926284307,
      0.13609353211033198,
      -0.41303456657299664,
      -0.4234785500759539,
      0.6328686688406792,
      0.4995454057853513
    ],
    "tcp_minus_tip_waist_m": [
      -0.16080075616025014,
      -0.020970107276402306,
      0.051023243910084365
    ],
    "tcp_to_tip_offset_m": [
      0.0,
      0.0,
      -0.17
    ],
    "orientation_policy": "current",
    "use_current_tcp_rotation": true,
    "rotation_source_arm": "right",
    "bbox_2d": [
      691.355712890625,
      304.80572509765625,
      725.206787109375,
      448.4202880859375
    ],
    "bbox_3d": {
      "min": [
        0.8363517322660934,
        -0.09747034473676944,
        -0.2271500395247231
      ],
      "max": [
        0.9814045295536538,
        -0.043552817488238645,
        -0.11174357558496553
      ],
      "center": [
        0.9088781309098736,
        -0.07051158111250404,
        -0.16944680755484431
      ],
      "size": [
        0.14505279728756038,
        0.05391752724853079,
        0.11540646393975756
      ]
    },
    "object_long_axis_waist": [
      -0.9974137311288425,
      0.06489344399762025,
      0.030898056278173946
    ],
    "object_long_axis_yaw_waist_deg": -3.7225148674378374,
    "object_angle_from_waist_x_deg": 3.7225148674378272
  },
  "gripper": {
    "open_ok": true,
    "close_ok": null,
    "final_pos_pct": null,
    "backend": "modbus_rtu"
  },
  "ok": false
}