{
  "arm": "right",
  "pipeline_version": "accelerated",
  "motion_strategy": "qp_all",
  "dry_run": false,
  "motion": {
    "pre_cycle_move_ok": true,
    "detected_pose7": [
      0.39780680615966146,
      -0.2336251482001378,
      -0.06376248876954865,
      -0.4210711041146985,
      -0.4804180251743095,
      0.639726833633314,
      0.4273724660021275
    ],
    "approach_pose7": [
      0.4432212208438064,
      -0.23828799050319663,
      0.07691527816430409,
      0.20997236969829008,
      0.35499318381844935,
      -0.7230727561131449,
      -0.5541274517407216
    ],
    "grasp_pose7": [
      0.4432212208438064,
      -0.23828799050319663,
      0.016915278164304094,
      0.20997236969829008,
      0.35499318381844935,
      -0.7230727561131449,
      -0.5541274517407216
    ],
    "lift_pose7": [
      0.4432212208438064,
      -0.23828799050319663,
      0.1369152781643041,
      0.30255596052135847,
      0.4242843141998469,
      -0.6894798745596372,
      -0.5030509060266075
    ],
    "pre_home_pose7": [
      0.2632212208438064,
      -0.33828799050319663,
      0.1869152781643041,
      0.30255596052135847,
      0.4242843141998469,
      -0.6894798745596372,
      -0.5030509060266075
    ],
    "grasp_xyz_offset_m": [
      0.0,
      0.0,
      -0.005
    ],
    "grasp_quat": [
      0.20997236969829008,
      0.35499318381844935,
      -0.7230727561131449,
      -0.5541274517407216
    ],
    "use_fixed_grasp_quat": true,
    "phase_backends": {
      "approach": "qp_stream",
      "grasp": "qp_stream",
      "lift": "qp_stream"
    },
    "joint_limits_used": {
      "shoulder_pitch": [
        -2.96,
        2.96
      ],
      "shoulder_roll": [
        -2.616,
        0.262
      ],
      "shoulder_yaw": [
        -2.96,
        2.96
      ],
      "elbow_pitch": [
        -2.61,
        0.261
      ],
      "elbow_yaw": [
        -2.96,
        2.96
      ],
      "wrist_pitch": [
        -0.785,
        1.05
      ],
      "wrist_roll": [
        -1.3,
        1.65
      ]
    },
    "approach_tcp_tracking": {
      "commanded_xyz": [
        0.4432212208438064,
        -0.23828799050319663,
        0.07691527816430409
      ],
      "achieved_xyz": [
        0.44367118043825865,
        -0.24140204536100396,
        0.09528442355406941
      ],
      "error_mm": [
        0.44995959445226497,
        -3.1140548578073304,
        18.369145389765322
      ],
      "error_norm_mm": 18.636665572049353,
      "achieved_quat": [
        -0.22180330896316386,
        -0.37263612770884885,
        0.7186801679559385,
        0.5435479966350443
      ],
      "approach_axis_tilt_deg": 38.60085191994608,
      "commanded_approach_axis_tilt_deg": 41.28331660860805,
      "orientation_error_deg": 2.7656538482510644
    },
    "approach_joint_limits": {
      "closest": {
        "joint": "shoulder_roll",
        "value": -0.5183,
        "lower": -2.616,
        "upper": 0.262,
        "dist_to_limit": 0.7803,
        "nearest_side": "upper"
      },
      "breached": [],
      "margin_rad": 0.05
    },
    "compliant_insert": {
      "ok": true,
      "contact": true,
      "reason": "contact",
      "resist_n": 1.5652565266697944,
      "traveled_m": 0.027479696666839876,
      "planned_depth_m": 0.03812922851374401,
      "ft_topic": "/arm_6dof_right",
      "calib_path": "/home/ubuntu/cheng/compliant_grasp_execute/ft_calibration/ft_calibration_right.json",
      "calib_present": true,
      "commanded_m": 0.06797969666683988,
      "throttle_events": 0,
      "contact_kind": "force"
    },
    "grasp_tcp_tracking": {
      "commanded_xyz": [
        0.4432212208438064,
        -0.23828799050319663,
        0.016915278164304094
      ],
      "achieved_xyz": [
        0.4459904912201923,
        -0.23608508236252873,
        0.028625810047484268
      ],
      "error_mm": [
        2.769270376385913,
        2.2029081406678976,
        11.710531883180174
      ],
      "error_norm_mm": 12.233487633570766,
      "achieved_quat": [
        -0.21571099158019713,
        -0.3767271390283572,
        0.7168057728910238,
        0.5456509092644297
      ],
      "approach_axis_tilt_deg": 38.542198561737614,
      "commanded_approach_axis_tilt_deg": 41.28331660860805,
      "orientation_error_deg": 2.8451381303429355
    },
    "grasp_joint_limits": {
      "closest": {
        "joint": "shoulder_roll",
        "value": -0.4764,
        "lower": -2.616,
        "upper": 0.262,
        "dist_to_limit": 0.7384,
        "nearest_side": "upper"
      },
      "breached": [],
      "margin_rad": 0.05
    },
    "lift_joint_limits": {
      "closest": {
        "joint": "shoulder_roll",
        "value": -0.5047,
        "lower": -2.616,
        "upper": 0.262,
        "dist_to_limit": 0.7667,
        "nearest_side": "upper"
      },
      "breached": [],
      "margin_rad": 0.05
    },
    "retract_ok": null,
    "return_home_ok": true,
    "released_on_finish_ok": null,
    "approach_ok": true,
    "grasp_ok": true,
    "lift_ok": true
  },
  "detection": {
    "class_name": "remote control",
    "pose_head_roll_link": [
      0.8642864326601584,
      -0.18738967566069661,
      -0.2043561935888158,
      -0.30803726485151084,
      -0.004036682235247511,
      0.9469739627897045,
      -0.09130751588831562
    ],
    "pose_tip_waist_yaw_link_rpy": {
      "x": 0.5686944574678041,
      "y": -0.1877675900626762,
      "z": -0.096845641461757,
      "roll": -0.06845076614571935,
      "pitch": -0.02738768614117193,
      "yaw": -2.9695079748876414
    },
    "pose_tip_used_for_tcp_conversion_rpy": {
      "x": 0.5686944574678041,
      "y": -0.1877675900626762,
      "z": -0.096845641461757,
      "roll": -1.3843965326984096,
      "pitch": 0.12845910451306963,
      "yaw": 1.8571235612301542
    },
    "pose_tcp_waist_yaw_link_rpy": {
      "x": 0.39780680615966146,
      "y": -0.2336251482001378,
      "z": -0.06376248876954865,
      "roll": -1.3843965326984096,
      "pitch": 0.12845910451306963,
      "yaw": 1.8571235612301542
    },
    "pose_tcp_waist_yaw_link_pose7": [
      0.39780680615966146,
      -0.2336251482001378,
      -0.06376248876954865,
      -0.4210711041146985,
      -0.4804180251743095,
      0.639726833633314,
      0.4273724660021275
    ],
    "current_tcp_pose7": [
      -0.007809206107231875,
      -0.367074448596899,
      0.09802443377369924,
      -0.4210711041146985,
      -0.4804180251743095,
      0.639726833633314,
      0.4273724660021275
    ],
    "tcp_minus_tip_waist_m": [
      -0.17088765130814265,
      -0.04585755813746159,
      0.03308315269220835
    ],
    "tcp_to_tip_offset_m": [
      0.0,
      0.0,
      -0.18
    ],
    "orientation_policy": "current",
    "use_current_tcp_rotation": true,
    "rotation_source_arm": "right",
    "bbox_2d": [
      762.055908203125,
      335.410888671875,
      846.9423828125,
      487.6293029785156
    ],
    "bbox_3d": {
      "min": [
        0.797537858654537,
        -0.22757543730776988,
        -0.261418954127861
      ],
      "max": [
        0.9408317271549562,
        -0.15065053034590203,
        -0.14868346783718403
      ],
      "center": [
        0.8691847929047466,
        -0.18911298382683595,
        -0.2050512109825225
      ],
      "size": [
        0.14329386850041925,
        0.07692490696186785,
        0.11273548629067695
      ]
    },
    "object_long_axis_waist": [
      -0.9848604545314796,
      -0.17117239050677413,
      0.027384262419211235
    ],
    "object_long_axis_yaw_waist_deg": 9.859725808498098,
    "object_angle_from_waist_x_deg": 9.859725808498094
  },
  "gripper": {
    "open_ok": true,
    "close_ok": true,
    "final_pos_pct": 53.0,
    "backend": "modbus_rtu"
  },
  "ok": true
}