{
  "arm": "right",
  "pipeline_version": "accelerated",
  "motion_strategy": "qp_all",
  "dry_run": false,
  "motion": {
    "detected_pose7": [
      0.35160035941885104,
      -0.038212550994364505,
      -0.26853259782558714,
      0.6945734192014347,
      0.5067269612657798,
      -0.34324983613158794,
      -0.3781204861691773
    ],
    "approach_pose7": [
      0.36757081709532846,
      -0.18406139384733097,
      0.11787266316879483,
      0.18647487182432032,
      0.3688078463075032,
      -0.7579946699098419,
      -0.5046305332303965
    ],
    "grasp_pose7": [
      0.4461608952689281,
      -0.18406139384733097,
      0.03886276844556496,
      0.18647487182432032,
      0.3688078463075032,
      -0.7579946699098419,
      -0.5046305332303965
    ],
    "lift_pose7": [
      0.4461608952689281,
      -0.18406139384733097,
      0.15886276844556496,
      0.2838177114319889,
      0.431520146036454,
      -0.7271700654668997,
      -0.4521742652242061
    ],
    "pre_home_pose7": [
      0.2661608952689281,
      -0.284061393847331,
      0.20886276844556495,
      0.2838177114319889,
      0.431520146036454,
      -0.7271700654668997,
      -0.4521742652242061
    ],
    "grasp_xyz_offset_m": [
      0.04,
      0.0,
      0.005
    ],
    "grasp_quat": [
      0.18647487182432032,
      0.3688078463075032,
      -0.7579946699098419,
      -0.5046305332303965
    ],
    "use_fixed_grasp_quat": true,
    "phase_backends": {
      "approach": "qp_stream",
      "grasp": "qp_stream",
      "lift": "qp_stream"
    },
    "joint_limits_used": {
      "shoulder_pitch": [
        -2.96,
        2.96
      ],
      "shoulder_roll": [
        -2.616,
        0.262
      ],
      "shoulder_yaw": [
        -2.96,
        2.96
      ],
      "elbow_pitch": [
        -2.61,
        0.261
      ],
      "elbow_yaw": [
        -2.96,
        2.96
      ],
      "wrist_pitch": [
        -0.785,
        1.05
      ],
      "wrist_roll": [
        -1.3,
        1.65
      ]
    },
    "approach_tcp_tracking": {
      "commanded_xyz": [
        0.36757081709532846,
        -0.18406139384733097,
        0.11787266316879483
      ],
      "achieved_xyz": [
        0.3664700712692144,
        -0.16738647679318341,
        0.12766034553276315
      ],
      "error_mm": [
        -1.1007458261140801,
        16.67491705414756,
        9.787682363968319
      ],
      "error_norm_mm": 19.366549155550278,
      "achieved_quat": [
        -0.1676300939855129,
        -0.3834320355006657,
        0.7642384411299773,
        0.4907337677819275
      ],
      "approach_axis_tilt_deg": 40.523513226681274,
      "commanded_approach_axis_tilt_deg": 41.17916351207003,
      "orientation_error_deg": 3.243469121410603
    },
    "approach_joint_limits": {
      "closest": {
        "joint": "wrist_pitch",
        "value": 0.4766,
        "lower": -0.785,
        "upper": 1.05,
        "dist_to_limit": 0.5734,
        "nearest_side": "upper"
      },
      "breached": [],
      "margin_rad": 0.05
    },
    "compliant_insert": {
      "ok": true,
      "contact": false,
      "reason": "reached_depth_no_contact",
      "resist_n": 0.285578596591525,
      "traveled_m": 0.050288103868771326,
      "planned_depth_m": 0.0381498634576046,
      "ft_topic": "/arm_6dof_right",
      "calib_path": "/home/ubuntu/niu/compliant_grasp_execute/ft_calibration/ft_calibration_right.json",
      "calib_present": true,
      "commanded_m": 0.0581498634576046,
      "throttle_events": 0
    },
    "grasp_tcp_tracking": {
      "commanded_xyz": [
        0.4461608952689281,
        -0.18406139384733097,
        0.03886276844556496
      ],
      "achieved_xyz": [
        0.46247282172506077,
        -0.18507154222502664,
        0.03792506664470857
      ],
      "error_mm": [
        16.311926456132664,
        -1.0101483776956688,
        -0.9377018008563873
      ],
      "error_norm_mm": 16.370052813676907,
      "achieved_quat": [
        -0.16199340694342487,
        -0.38706573298245506,
        0.7787970509230475,
        0.46627610697008814
      ],
      "approach_axis_tilt_deg": 40.3816904194471,
      "commanded_approach_axis_tilt_deg": 41.17916351207003,
      "orientation_error_deg": 6.1037238249016
    },
    "grasp_joint_limits": {
      "closest": {
        "joint": "shoulder_roll",
        "value": -0.4238,
        "lower": -2.616,
        "upper": 0.262,
        "dist_to_limit": 0.6858,
        "nearest_side": "upper"
      },
      "breached": [],
      "margin_rad": 0.05
    },
    "lift_joint_limits": {
      "closest": {
        "joint": "wrist_roll",
        "value": 0.9416,
        "lower": -1.3,
        "upper": 1.65,
        "dist_to_limit": 0.7084,
        "nearest_side": "upper"
      },
      "breached": [],
      "margin_rad": 0.05
    },
    "retract_ok": null,
    "return_home_ok": true,
    "released_on_finish_ok": null,
    "approach_ok": true,
    "grasp_ok": true,
    "lift_ok": true
  },
  "detection": {
    "class_name": "remote control",
    "pose_head_roll_link": [
      0.9006615539893522,
      -0.0856941407537067,
      -0.23234604733126613,
      -0.342996311961209,
      0.05361295122864636,
      0.925008633734585,
      -0.1543962724875189
    ],
    "pose_tip_waist_yaw_link_rpy": {
      "x": 0.580368901887074,
      "y": -0.08540014902069583,
      "z": -0.14127583152426126,
      "roll": 0.007108932661435927,
      "pitch": 0.04787379208733333,
      "yaw": -2.81506904576338
    },
    "pose_tip_used_for_tcp_conversion_rpy": {
      "x": 0.580368901887074,
      "y": -0.08540014902069583,
      "z": -0.14127583152426126,
      "roll": -2.0720429575187485,
      "pitch": 0.09375402117026876,
      "yaw": 1.3161315280491208
    },
    "pose_tcp_waist_yaw_link_rpy": {
      "x": 0.35160035941885104,
      "y": -0.038212550994364505,
      "z": -0.26853259782558714,
      "roll": -2.0720429575187485,
      "pitch": 0.09375402117026876,
      "yaw": 1.3161315280491208
    },
    "pose_tcp_waist_yaw_link_pose7": [
      0.35160035941885104,
      -0.038212550994364505,
      -0.26853259782558714,
      0.6945734192014347,
      0.5067269612657798,
      -0.34324983613158794,
      -0.3781204861691773
    ],
    "current_tcp_pose7": [
      0.11563551126803978,
      -0.25789244394518596,
      0.14128983069847506,
      0.6945734192014347,
      0.5067269612657798,
      -0.34324983613158794,
      -0.3781204861691773
    ],
    "tcp_minus_tip_waist_m": [
      -0.22876854246822298,
      0.04718759802633132,
      -0.12725676630132587
    ],
    "tcp_to_tip_offset_m": [
      0.0,
      0.0,
      -0.266
    ],
    "orientation_policy": "current",
    "use_current_tcp_rotation": true,
    "rotation_source_arm": "right",
    "bbox_2d": [
      672.0728149414062,
      348.70513916015625,
      760.9134521484375,
      497.6829528808594
    ],
    "bbox_3d": {
      "min": [
        0.8383790094906284,
        -0.13473901908340413,
        -0.2933024788816023
      ],
      "max": [
        0.978759465494898,
        -0.037789850203723066,
        -0.17170189500372168
      ],
      "center": [
        0.9085692374927632,
        -0.08626443464356359,
        -0.232502186942662
      ],
      "size": [
        0.14038045600426963,
        0.09694916887968107,
        0.12160058387788064
      ]
    },
    "object_long_axis_waist": [
      -0.9460779310271085,
      -0.3203847668894791,
      -0.04785550719238455
    ],
    "object_long_axis_yaw_waist_deg": 18.70842463983834,
    "object_angle_from_waist_x_deg": 18.70842463983834
  },
  "gripper": {
    "open_ok": true,
    "close_ok": true,
    "final_pos_pct": 89.0,
    "backend": "modbus_rtu"
  },
  "ok": true
}