{
  "arm": "right",
  "pipeline_version": "accelerated",
  "motion_strategy": "qp_all",
  "dry_run": false,
  "motion": {
    "detected_pose7": [
      0.3827343329801565,
      -0.3139627552344638,
      -0.2215097412289451,
      0.7091247891205381,
      0.48871805938778107,
      -0.3353242294053526,
      -0.3819088281994803
    ],
    "approach_pose7": [
      0.27926587892363924,
      -0.43994525995783396,
      -0.04206426638353258,
      0.4000435007201085,
      0.523531523326057,
      -0.5973927856840622,
      -0.4571671480193377
    ],
    "grasp_pose7": [
      0.39406376245336305,
      -0.43994525995783396,
      -0.057875452371252294,
      0.4000435007201085,
      0.523531523326057,
      -0.5973927856840622,
      -0.4571671480193377
    ],
    "lift_pose7": [
      0.39406376245336305,
      -0.43994525995783396,
      0.0621245476287477,
      0.4745964786900118,
      0.5787249256078871,
      -0.5400658527168742,
      -0.38492144344577917
    ],
    "pre_home_pose7": [
      0.21406376245336306,
      -0.5399452599578339,
      0.11212454762874771,
      0.4745964786900118,
      0.5787249256078871,
      -0.5400658527168742,
      -0.38492144344577917
    ],
    "grasp_xyz_offset_m": [
      0.04,
      0.0,
      0.0
    ],
    "grasp_quat": [
      0.4000435007201085,
      0.523531523326057,
      -0.5973927856840622,
      -0.4571671480193377
    ],
    "use_fixed_grasp_quat": true,
    "phase_backends": {
      "approach": "qp_stream",
      "grasp": "qp_stream",
      "lift": "qp_stream"
    },
    "joint_limits_used": {
      "shoulder_pitch": [
        -2.96,
        2.96
      ],
      "shoulder_roll": [
        -2.616,
        0.262
      ],
      "shoulder_yaw": [
        -2.96,
        2.96
      ],
      "elbow_pitch": [
        -2.61,
        0.261
      ],
      "elbow_yaw": [
        -2.96,
        2.96
      ],
      "wrist_pitch": [
        -0.785,
        1.05
      ],
      "wrist_roll": [
        -1.3,
        1.65
      ]
    },
    "grasp_reach_retry_used": true,
    "grasp_reach_retry_yaw_scale": 0.5,
    "approach_tcp_tracking": {
      "commanded_xyz": [
        0.27926587892363924,
        -0.43994525995783396,
        -0.04206426638353258
      ],
      "achieved_xyz": [
        0.29170318883187396,
        -0.4417879257299715,
        -0.026664806840922595
      ],
      "error_mm": [
        12.437309908234717,
        -1.8426657721375417,
        15.399459542609982
      ],
      "error_norm_mm": 19.880277893071874,
      "achieved_quat": [
        -0.40911628111815684,
        -0.5308124271423182,
        0.5997810904828594,
        0.4371780863841671
      ],
      "approach_axis_tilt_deg": 5.838458835287251,
      "commanded_approach_axis_tilt_deg": 7.571301087870142,
      "orientation_error_deg": 2.6643901314764395
    },
    "approach_joint_limits": {
      "closest": {
        "joint": "wrist_pitch",
        "value": -0.4615,
        "lower": -0.785,
        "upper": 1.05,
        "dist_to_limit": 0.3235,
        "nearest_side": "lower"
      },
      "breached": [],
      "margin_rad": 0.05
    },
    "compliant_insert": {
      "ok": false,
      "contact": false,
      "reason": "blocked_no_progress",
      "resist_n": -0.688498484547323,
      "traveled_m": -0.009892029209677309,
      "planned_depth_m": 0.03503904741865752,
      "ft_topic": "/arm_6dof_right",
      "calib_path": "/home/ubuntu/niu/compliant_grasp_execute/ft_calibration/ft_calibration_right.json",
      "calib_present": true,
      "commanded_m": 0.032348974205228996,
      "throttle_events": 0,
      "contact_kind": "blocked_no_progress"
    },
    "grasp_tcp_tracking": {
      "commanded_xyz": [
        0.39406376245336305,
        -0.43994525995783396,
        -0.057875452371252294
      ],
      "achieved_xyz": [
        0.35455662510773744,
        -0.4348837975002726,
        -0.03704684547052184
      ],
      "error_mm": [
        -39.50713734562561,
        5.061462457561339,
        20.828606900730456
      ],
      "error_norm_mm": 44.9473377285083,
      "achieved_quat": [
        -0.40430049500184856,
        -0.5238212894683695,
        0.6041350515629031,
        0.4440418965751353
      ],
      "approach_axis_tilt_deg": 7.140606765953881,
      "commanded_approach_axis_tilt_deg": 7.571301087870142,
      "orientation_error_deg": 1.760168789628106
    },
    "grasp_joint_limits": {
      "closest": {
        "joint": "wrist_pitch",
        "value": -0.4831,
        "lower": -0.785,
        "upper": 1.05,
        "dist_to_limit": 0.3019,
        "nearest_side": "lower"
      },
      "breached": [],
      "margin_rad": 0.05
    },
    "lift_joint_limits": {
      "closest": {
        "joint": "wrist_pitch",
        "value": -0.4828,
        "lower": -0.785,
        "upper": 1.05,
        "dist_to_limit": 0.3022,
        "nearest_side": "lower"
      },
      "breached": [],
      "margin_rad": 0.05
    },
    "retract_ok": null,
    "return_home_ok": true,
    "released_on_finish_ok": null,
    "approach_ok": true,
    "grasp_ok": false,
    "lift_ok": true
  },
  "detection": {
    "class_name": "remote control",
    "pose_head_roll_link": [
      0.8933927983485388,
      -0.3708400710616615,
      -0.17592633429487156,
      -0.3113527337682262,
      0.0004945231581348573,
      0.9436721236608224,
      -0.1119917570510056
    ],
    "pose_tip_waist_yaw_link_rpy": {
      "x": 0.6085324042775843,
      "y": -0.37085590487341974,
      "z": -0.09292358131069767,
      "roll": -0.07535808716549418,
      "pitch": -0.016381433677116863,
      "yaw": -2.929791471671868
    },
    "pose_tip_used_for_tcp_conversion_rpy": {
      "x": 0.6085324042775843,
      "y": -0.37085590487341974,
      "z": -0.09292358131069767,
      "roll": -2.0782521283641975,
      "pitch": 0.10246114783770777,
      "yaw": 1.267159411641981
    },
    "pose_tcp_waist_yaw_link_rpy": {
      "x": 0.3827343329801565,
      "y": -0.3139627552344638,
      "z": -0.2215097412289451,
      "roll": -2.0782521283641975,
      "pitch": 0.10246114783770777,
      "yaw": 1.267159411641981
    },
    "pose_tcp_waist_yaw_link_pose7": [
      0.3827343329801565,
      -0.3139627552344638,
      -0.2215097412289451,
      0.7091247891205381,
      0.48871805938778107,
      -0.3353242294053526,
      -0.3819088281994803
    ],
    "current_tcp_pose7": [
      0.1144144707166956,
      -0.26191389849492325,
      0.1418129100539376,
      0.7091247891205381,
      0.48871805938778107,
      -0.3353242294053526,
      -0.3819088281994803
    ],
    "tcp_minus_tip_waist_m": [
      -0.22579807129742774,
      0.05689314963895592,
      -0.12858615991824743
    ],
    "tcp_to_tip_offset_m": [
      0.0,
      0.0,
      -0.266
    ],
    "orientation_policy": "current",
    "use_current_tcp_rotation": true,
    "rotation_source_arm": "right",
    "bbox_2d": [
      892.2582397460938,
      311.3216552734375,
      1003.330322265625,
      456.6944580078125
    ],
    "bbox_3d": {
      "min": [
        0.8256650735606815,
        -0.41390306766171153,
        -0.23054266107531415
      ],
      "max": [
        0.9674948081138391,
        -0.3327710099990511,
        -0.11727747723683182
      ],
      "center": [
        0.8965799408372603,
        -0.37333703883038133,
        -0.173910069156073
      ],
      "size": [
        0.14182973455315762,
        0.0811320576626604,
        0.11326518383848233
      ]
    },
    "object_long_axis_waist": [
      -0.9775226797920968,
      -0.21019296640481036,
      0.016380701023587383
    ],
    "object_long_axis_yaw_waist_deg": 12.135313819779668,
    "object_angle_from_waist_x_deg": 12.135313819779682
  },
  "gripper": {
    "open_ok": true,
    "close_ok": null,
    "final_pos_pct": null,
    "backend": "modbus_rtu"
  },
  "ok": false
}