{
  "arm": "right",
  "pipeline_version": "accelerated",
  "motion_strategy": "qp_all",
  "dry_run": false,
  "motion": {
    "detected_pose7": [
      0.42968552907588276,
      -0.30799811106952696,
      -0.22900933385250258,
      0.7092846832445806,
      0.48822317932678133,
      -0.33535480781308946,
      -0.38221789356246805
    ],
    "approach_pose7": [
      0.3252800066849281,
      -0.4317338951762317,
      -0.04970040925572551,
      0.4025826290161487,
      0.5215815230613017,
      -0.5951643484562233,
      -0.46006449541578187
    ],
    "grasp_pose7": [
      0.4403753590825879,
      -0.4317338951762317,
      -0.06551159524344523,
      0.4025826290161487,
      0.5215815230613017,
      -0.5951643484562233,
      -0.46006449541578187
    ],
    "lift_pose7": [
      0.4403753590825879,
      -0.4317338951762317,
      0.05448840475655477,
      0.47682301496553847,
      0.5771697875889146,
      -0.5375250573303991,
      -0.3880485297429852
    ],
    "pre_home_pose7": [
      0.2603753590825879,
      -0.5317338951762317,
      0.10448840475655477,
      0.47682301496553847,
      0.5771697875889146,
      -0.5375250573303991,
      -0.3880485297429852
    ],
    "grasp_xyz_offset_m": [
      0.04,
      0.0,
      0.0
    ],
    "grasp_quat": [
      0.4025826290161487,
      0.5215815230613017,
      -0.5951643484562233,
      -0.46006449541578187
    ],
    "use_fixed_grasp_quat": true,
    "phase_backends": {
      "approach": "qp_stream",
      "grasp": "qp_stream",
      "lift": "qp_stream"
    },
    "joint_limits_used": {
      "shoulder_pitch": [
        -2.96,
        2.96
      ],
      "shoulder_roll": [
        -2.616,
        0.262
      ],
      "shoulder_yaw": [
        -2.96,
        2.96
      ],
      "elbow_pitch": [
        -2.61,
        0.261
      ],
      "elbow_yaw": [
        -2.96,
        2.96
      ],
      "wrist_pitch": [
        -0.785,
        1.05
      ],
      "wrist_roll": [
        -1.3,
        1.65
      ]
    },
    "grasp_reach_retry_used": true,
    "grasp_reach_retry_yaw_scale": 0.5,
    "approach_tcp_tracking": {
      "commanded_xyz": [
        0.3252800066849281,
        -0.4317338951762317,
        -0.04970040925572551
      ],
      "achieved_xyz": [
        0.33491386201789297,
        -0.4342856002578839,
        -0.03384624392842922
      ],
      "error_mm": [
        9.633855332964847,
        -2.5517050816522002,
        15.854165327296291
      ],
      "error_norm_mm": 18.726369793034333,
      "achieved_quat": [
        -0.4201238639522711,
        -0.535228395484712,
        0.5782413399715823,
        0.4501815815340999
      ],
      "approach_axis_tilt_deg": 4.2468123000496485,
      "commanded_approach_axis_tilt_deg": 7.571301087870144,
      "orientation_error_deg": 3.3955791570317406
    },
    "approach_joint_limits": {
      "closest": {
        "joint": "wrist_pitch",
        "value": -0.4513,
        "lower": -0.785,
        "upper": 1.05,
        "dist_to_limit": 0.3337,
        "nearest_side": "lower"
      },
      "breached": [],
      "margin_rad": 0.05
    },
    "compliant_insert": {
      "ok": false,
      "contact": false,
      "reason": "blocked_no_progress",
      "resist_n": -0.027311031444032297,
      "traveled_m": -0.005738622245447718,
      "planned_depth_m": 0.059340016113038525,
      "ft_topic": "/arm_6dof_right",
      "calib_path": "/home/ubuntu/niu/compliant_grasp_execute/ft_calibration/ft_calibration_right.json",
      "calib_present": true,
      "commanded_m": 0.03586887322161679,
      "throttle_events": 0,
      "contact_kind": "blocked_no_progress"
    },
    "grasp_tcp_tracking": {
      "commanded_xyz": [
        0.4403753590825879,
        -0.4317338951762317,
        -0.06551159524344523
      ],
      "achieved_xyz": [
        0.38739771744710216,
        -0.4175108431739464,
        -0.030457344266394182
      ],
      "error_mm": [
        -52.97764163548574,
        14.223052002285296,
        35.05425097705105
      ],
      "error_norm_mm": 65.09782049408219,
      "achieved_quat": [
        -0.43048141213885305,
        -0.5426609220302446,
        0.561419065634545,
        0.4527841762321848
      ],
      "approach_axis_tilt_deg": 2.3159390064513,
      "commanded_approach_axis_tilt_deg": 7.571301087870144,
      "orientation_error_deg": 5.631235194875089
    },
    "grasp_joint_limits": {
      "closest": {
        "joint": "wrist_pitch",
        "value": -0.4183,
        "lower": -0.785,
        "upper": 1.05,
        "dist_to_limit": 0.3667,
        "nearest_side": "lower"
      },
      "breached": [],
      "margin_rad": 0.05
    },
    "lift_joint_limits": {
      "closest": {
        "joint": "wrist_pitch",
        "value": -0.4188,
        "lower": -0.785,
        "upper": 1.05,
        "dist_to_limit": 0.3662,
        "nearest_side": "lower"
      },
      "breached": [],
      "margin_rad": 0.05
    },
    "retract_ok": null,
    "return_home_ok": true,
    "released_on_finish_ok": null,
    "approach_ok": true,
    "grasp_ok": false,
    "lift_ok": true
  },
  "detection": {
    "class_name": "remote control",
    "pose_head_roll_link": [
      0.9351920509802704,
      -0.3647641914478159,
      -0.15338762420027022,
      -0.29835029035012606,
      -0.006987480790364495,
      0.9487894904800059,
      -0.10361844485848251
    ],
    "pose_tip_waist_yaw_link_rpy": {
      "x": 0.6555033902307338,
      "y": -0.36512071044291666,
      "z": -0.10055972418289061,
      "roll": -0.08616401508551086,
      "pitch": -0.0439924467821724,
      "yaw": -2.9492276335992105
    },
    "pose_tip_used_for_tcp_conversion_rpy": {
      "x": 0.6555033902307338,
      "y": -0.36512071044291666,
      "z": -0.10055972418289061,
      "roll": -2.0776747971231306,
      "pitch": 0.10268916908863313,
      "yaw": 1.2661764599852858
    },
    "pose_tcp_waist_yaw_link_rpy": {
      "x": 0.42968552907588276,
      "y": -0.30799811106952696,
      "z": -0.22900933385250258,
      "roll": -2.0776747971231306,
      "pitch": 0.10268916908863313,
      "yaw": 1.2661764599852858
    },
    "pose_tcp_waist_yaw_link_pose7": [
      0.42968552907588276,
      -0.30799811106952696,
      -0.22900933385250258,
      0.7092846832445806,
      0.48822317932678133,
      -0.33535480781308946,
      -0.38221789356246805
    ],
    "current_tcp_pose7": [
      0.11442171617200575,
      -0.2620140951812902,
      0.1417734935889466,
      0.7092846832445806,
      0.48822317932678133,
      -0.33535480781308946,
      -0.38221789356246805
    ],
    "tcp_minus_tip_waist_m": [
      -0.22581786115485103,
      0.057122599373389704,
      -0.12844960966961197
    ],
    "tcp_to_tip_offset_m": [
      0.0,
      0.0,
      -0.266
    ],
    "orientation_policy": "current",
    "use_current_tcp_rotation": true,
    "rotation_source_arm": "right",
    "bbox_2d": [
      879.3817138671875,
      288.84759521484375,
      982.5697021484375,
      424.3556823730469
    ],
    "bbox_3d": {
      "min": [
        0.8688971059609666,
        -0.40944037351277296,
        -0.2068551723499136
      ],
      "max": [
        1.0161799485794765,
        -0.32420328905499385,
        -0.09885228805811694
      ],
      "center": [
        0.9425385272702216,
        -0.3668218312838834,
        -0.15285373020401527
      ],
      "size": [
        0.14728284261850988,
        0.08523708445777911,
        0.10800288429179666
      ]
    },
    "object_long_axis_waist": [
      -0.9806051684201672,
      -0.19099585461291127,
      0.04397825813215821
    ],
    "object_long_axis_yaw_waist_deg": 11.021703771410102,
    "object_angle_from_waist_x_deg": 11.021703771410106
  },
  "gripper": {
    "open_ok": true,
    "close_ok": null,
    "final_pos_pct": null,
    "backend": "modbus_rtu"
  },
  "ok": false
}