{
  "arm": "right",
  "pipeline_version": "accelerated",
  "motion_strategy": "qp_all",
  "dry_run": false,
  "motion": {
    "pre_cycle_move_ok": true,
    "detected_pose7": [
      0.45815088365871015,
      -0.2918627969908963,
      -0.067867914538536,
      -0.42119323253853336,
      -0.4805865005781103,
      0.6395845621083995,
      0.4272756302884988
    ],
    "approach_pose7": [
      0.4954242876408337,
      -0.3133477851586975,
      0.11417752201945805,
      0.2296255621495939,
      0.41158462205171176,
      -0.7303807819080835,
      -0.49438255786118634
    ],
    "grasp_pose7": [
      0.4954242876408337,
      -0.3133477851586975,
      -0.005822477980541941,
      0.2296255621495939,
      0.41158462205171176,
      -0.7303807819080835,
      -0.49438255786118634
    ],
    "lift_pose7": [
      0.4954242876408337,
      -0.3133477851586975,
      0.11417752201945805,
      0.32299490596645347,
      0.47259333133128145,
      -0.6941601228051798,
      -0.4364304730515747
    ],
    "pre_home_pose7": [
      0.3154242876408337,
      -0.4133477851586975,
      0.16417752201945807,
      0.32299490596645347,
      0.47259333133128145,
      -0.6941601228051798,
      -0.4364304730515747
    ],
    "grasp_xyz_offset_m": [
      0.0,
      0.0,
      -0.005
    ],
    "grasp_quat": [
      0.2296255621495939,
      0.41158462205171176,
      -0.7303807819080835,
      -0.49438255786118634
    ],
    "use_fixed_grasp_quat": true,
    "phase_backends": {
      "approach": "qp_stream",
      "grasp": "qp_stream",
      "lift": "qp_stream"
    },
    "joint_limits_used": {
      "shoulder_pitch": [
        -2.96,
        2.96
      ],
      "shoulder_roll": [
        -2.616,
        0.262
      ],
      "shoulder_yaw": [
        -2.96,
        2.96
      ],
      "elbow_pitch": [
        -2.61,
        0.261
      ],
      "elbow_yaw": [
        -2.96,
        2.96
      ],
      "wrist_pitch": [
        -0.785,
        1.05
      ],
      "wrist_roll": [
        -1.3,
        1.65
      ]
    },
    "approach_tcp_tracking": {
      "commanded_xyz": [
        0.4954242876408337,
        -0.3133477851586975,
        0.11417752201945805
      ],
      "achieved_xyz": [
        0.49184290056682856,
        -0.31303898686476905,
        0.1333778357707666
      ],
      "error_mm": [
        -3.581387074005127,
        0.30879829392843616,
        19.20031375130854
      ],
      "error_norm_mm": 19.533912508989896,
      "achieved_quat": [
        -0.24594360940320067,
        -0.4160606820466407,
        0.7423225251007902,
        0.46407167396491317
      ],
      "approach_axis_tilt_deg": 32.195546387618286,
      "commanded_approach_axis_tilt_deg": 33.76172686009992,
      "orientation_error_deg": 4.206961985008916
    },
    "approach_joint_limits": {
      "closest": {
        "joint": "wrist_pitch",
        "value": -0.338,
        "lower": -0.785,
        "upper": 1.05,
        "dist_to_limit": 0.447,
        "nearest_side": "lower"
      },
      "breached": [],
      "margin_rad": 0.05
    },
    "compliant_insert": {
      "ok": true,
      "contact": true,
      "reason": "contact",
      "resist_n": 1.097016648101705,
      "traveled_m": 0.027973565036023947,
      "planned_depth_m": 0.03751593829544908,
      "ft_topic": "/arm_6dof_right",
      "calib_path": "/home/ubuntu/cheng/compliant_grasp_execute/ft_calibration/ft_calibration_right.json",
      "calib_present": true,
      "commanded_m": 0.06847356503602395,
      "throttle_events": 0,
      "contact_kind": "force"
    },
    "grasp_tcp_tracking": {
      "commanded_xyz": [
        0.4954242876408337,
        -0.3133477851586975,
        -0.005822477980541941
      ],
      "achieved_xyz": [
        0.4912805082560703,
        -0.31344667365633894,
        0.0028802644126494914
      ],
      "error_mm": [
        -4.143779384763402,
        -0.09888849764144725,
        8.702742393191434
      ],
      "error_norm_mm": 9.63941967583149,
      "achieved_quat": [
        -0.25316428362446164,
        -0.4283973704912027,
        0.734516168407156,
        0.4613778676980581
      ],
      "approach_axis_tilt_deg": 30.31589163112495,
      "commanded_approach_axis_tilt_deg": 33.76172686009992,
      "orientation_error_deg": 5.051740836078876
    },
    "grasp_joint_limits": {
      "closest": {
        "joint": "wrist_pitch",
        "value": -0.4918,
        "lower": -0.785,
        "upper": 1.05,
        "dist_to_limit": 0.2932,
        "nearest_side": "lower"
      },
      "breached": [],
      "margin_rad": 0.05
    },
    "lift_joint_limits": {
      "closest": {
        "joint": "wrist_pitch",
        "value": -0.3847,
        "lower": -0.785,
        "upper": 1.05,
        "dist_to_limit": 0.4003,
        "nearest_side": "lower"
      },
      "breached": [],
      "margin_rad": 0.05
    },
    "retract_ok": null,
    "return_home_ok": true,
    "released_on_finish_ok": null,
    "approach_ok": true,
    "grasp_ok": true,
    "lift_ok": false
  },
  "detection": {
    "class_name": "remote control",
    "pose_head_roll_link": [
      0.9143824744190713,
      -0.24472490679879955,
      -0.17171427768752578,
      -0.3017386174601376,
      0.0027944997980641037,
      0.9420946750834895,
      -0.1462997631011679
    ],
    "pose_tip_waist_yaw_link_rpy": {
      "x": 0.6290542557486908,
      "y": -0.24599516004722594,
      "z": -0.10085575001583369,
      "roll": -0.0903972797521237,
      "pitch": -0.0298435726084203,
      "yaw": -2.8574761616698807
    },
    "pose_tip_used_for_tcp_conversion_rpy": {
      "x": 0.6290542557486908,
      "y": -0.24599516004722594,
      "z": -0.10085575001583369,
      "roll": -1.3849402119298644,
      "pitch": 0.12844446634386797,
      "yaw": 1.857080742352262
    },
    "pose_tcp_waist_yaw_link_rpy": {
      "x": 0.45815088365871015,
      "y": -0.2918627969908963,
      "z": -0.067867914538536,
      "roll": -1.3849402119298644,
      "pitch": 0.12844446634386797,
      "yaw": 1.857080742352262
    },
    "pose_tcp_waist_yaw_link_pose7": [
      0.45815088365871015,
      -0.2918627969908963,
      -0.067867914538536,
      -0.42119323253853336,
      -0.4805865005781103,
      0.6395845621083995,
      0.4272756302884988
    ],
    "current_tcp_pose7": [
      -0.007809039616265889,
      -0.3670630187453059,
      0.09806742578356692,
      -0.42119323253853336,
      -0.4805865005781103,
      0.6395845621083995,
      0.4272756302884988
    ],
    "tcp_minus_tip_waist_m": [
      -0.17090337208998063,
      -0.045867636943670353,
      0.032987835477297694
    ],
    "tcp_to_tip_offset_m": [
      0.0,
      0.0,
      -0.18
    ],
    "orientation_policy": "current",
    "use_current_tcp_rotation": true,
    "rotation_source_arm": "right",
    "bbox_2d": [
      790.4000854492188,
      305.4286193847656,
      892.3857421875,
      443.9653625488281
    ],
    "bbox_3d": {
      "min": [
        0.8506109997397331,
        -0.29257437519831064,
        -0.2278028209325957
      ],
      "max": [
        0.9953374137308176,
        -0.1986864275688403,
        -0.11593622327019856
      ],
      "center": [
        0.9229742067352753,
        -0.24563040138357548,
        -0.17186952210139714
      ],
      "size": [
        0.14472641399108455,
        0.09388794762947034,
        0.11186659766239715
      ]
    },
    "object_long_axis_waist": [
      -0.9594822482646365,
      -0.2801846548619543,
      0.02983914283161274
    ],
    "object_long_axis_yaw_waist_deg": 16.278675877073738,
    "object_angle_from_waist_x_deg": 16.27867587707374
  },
  "gripper": {
    "open_ok": true,
    "close_ok": true,
    "final_pos_pct": 52.0,
    "backend": "modbus_rtu"
  },
  "ok": false
}