{
  "arm": "right",
  "pipeline_version": "accelerated",
  "motion_strategy": "qp_all",
  "dry_run": false,
  "motion": {
    "pre_cycle_move_ok": true,
    "detected_pose7": [
      0.5392169822917452,
      -0.27689727412950715,
      0.0213873473881854,
      -0.19736342225987374,
      -0.4457846677078979,
      0.7716355747950923,
      0.4085367172006423
    ],
    "approach_pose7": [
      0.5300114326351204,
      -0.20846812497918746,
      0.1640557986341654,
      0.2334921720813768,
      0.32603816796454965,
      -0.6712043039467276,
      -0.6234302695333536
    ],
    "grasp_pose7": [
      0.5300114326351204,
      -0.20846812497918746,
      0.04405579863416539,
      0.2334921720813768,
      0.32603816796454965,
      -0.6712043039467276,
      -0.6234302695333536
    ],
    "lift_pose7": [
      0.5300114326351204,
      -0.20846812497918746,
      0.1640557986341654,
      0.31910435617696703,
      0.40462284543709315,
      -0.6349852139449971,
      -0.5755402165709188
    ],
    "pre_home_pose7": [
      0.3500114326351204,
      -0.30846812497918746,
      0.2140557986341654,
      0.31910435617696703,
      0.40462284543709315,
      -0.6349852139449971,
      -0.5755402165709188
    ],
    "grasp_xyz_offset_m": [
      0.0,
      0.0,
      -0.005
    ],
    "grasp_quat": [
      0.2334921720813768,
      0.32603816796454965,
      -0.6712043039467276,
      -0.6234302695333536
    ],
    "use_fixed_grasp_quat": true,
    "phase_backends": {
      "approach": "qp_stream",
      "grasp": "qp_stream",
      "lift": "qp_stream"
    },
    "joint_limits_used": {
      "shoulder_pitch": [
        -2.96,
        2.96
      ],
      "shoulder_roll": [
        -2.616,
        0.262
      ],
      "shoulder_yaw": [
        -2.96,
        2.96
      ],
      "elbow_pitch": [
        -2.61,
        0.261
      ],
      "elbow_yaw": [
        -2.96,
        2.96
      ],
      "wrist_pitch": [
        -0.785,
        1.05
      ],
      "wrist_roll": [
        -1.3,
        1.65
      ]
    },
    "grasp_reach_retry_used": true,
    "grasp_reach_retry_yaw_scale": 0.5,
    "approach_tcp_tracking": {
      "commanded_xyz": [
        0.5300114326351204,
        -0.20846812497918746,
        0.1640557986341654
      ],
      "achieved_xyz": [
        0.4840999289372462,
        -0.2780443899966095,
        0.018181388821130906
      ],
      "error_mm": [
        -45.911503697874224,
        -69.57626501742206,
        -145.87440981303448
      ],
      "error_norm_mm": 168.01210153996527,
      "achieved_quat": [
        -0.19736342225987374,
        -0.4457846677078979,
        0.7716355747950923,
        0.4085367172006423
      ],
      "approach_axis_tilt_deg": 31.6445107189821,
      "commanded_approach_axis_tilt_deg": 42.71570108720563,
      "orientation_error_deg": 30.82178363012605
    },
    "approach_joint_limits": {
      "closest": {
        "joint": "wrist_pitch",
        "value": -0.5093,
        "lower": -0.785,
        "upper": 1.05,
        "dist_to_limit": 0.2757,
        "nearest_side": "lower"
      },
      "breached": [],
      "margin_rad": 0.05
    },
    "lift_joint_limits": {
      "closest": {
        "joint": "wrist_pitch",
        "value": -0.5093,
        "lower": -0.785,
        "upper": 1.05,
        "dist_to_limit": 0.2757,
        "nearest_side": "lower"
      },
      "breached": [],
      "margin_rad": 0.05
    },
    "retract_ok": null,
    "return_home_ok": true,
    "released_on_finish_ok": null,
    "approach_ok": false,
    "grasp_ok": false,
    "lift_ok": true
  },
  "detection": {
    "class_name": "remote control",
    "pose_head_roll_link": [
      0.9217678532757272,
      -0.1790910250682127,
      -0.1304638391159588,
      -0.006728992598009084,
      0.9434080872598735,
      0.06465568670412988,
      0.3252007744887767
    ],
    "pose_tip_waist_yaw_link_rpy": {
      "x": 0.6596053175927489,
      "y": -0.18209015680611473,
      "z": -0.07304918806436933,
      "roll": 3.0190559752523383,
      "pitch": 0.0005027773333272645,
      "yaw": 3.11206076016419
    },
    "pose_tip_used_for_tcp_conversion_rpy": {
      "x": 0.6596053175927489,
      "y": -0.18209015680611473,
      "z": -0.07304918806436933,
      "roll": -1.017395594621225,
      "pitch": -0.05968897062051859,
      "yaw": 2.201038461197171
    },
    "pose_tcp_waist_yaw_link_rpy": {
      "x": 0.5392169822917452,
      "y": -0.27689727412950715,
      "z": 0.0213873473881854,
      "roll": -1.017395594621225,
      "pitch": -0.05968897062051859,
      "yaw": 2.201038461197171
    },
    "pose_tcp_waist_yaw_link_pose7": [
      0.5392169822917452,
      -0.27689727412950715,
      0.0213873473881854,
      -0.19736342225987374,
      -0.4457846677078979,
      0.7716355747950923,
      0.4085367172006423
    ],
    "current_tcp_pose7": [
      0.4840999289372462,
      -0.2780443899966095,
      0.018181388821130906,
      -0.19736342225987374,
      -0.4457846677078979,
      0.7716355747950923,
      0.4085367172006423
    ],
    "tcp_minus_tip_waist_m": [
      -0.12038833530100368,
      -0.09480711732339242,
      0.09443653545255473
    ],
    "tcp_to_tip_offset_m": [
      0.0,
      0.0,
      -0.18
    ],
    "orientation_policy": "current",
    "use_current_tcp_rotation": true,
    "rotation_source_arm": "right",
    "bbox_2d": [
      769.8601684570312,
      271.0957336425781,
      817.4141845703125,
      410.99639892578125
    ],
    "bbox_3d": {
      "min": [
        0.8550993013391243,
        -0.2072890970703279,
        -0.18898860858276637
      ],
      "max": [
        0.9974349267904531,
        -0.15676343492997097,
        -0.06881671284791283
      ],
      "center": [
        0.9262671140647887,
        -0.18202626600014943,
        -0.1289026607153396
      ],
      "size": [
        0.14233562545132883,
        0.05052566214035692,
        0.12017189573485354
      ]
    },
    "object_long_axis_waist": [
      -0.9995638389893311,
      0.029527597258915787,
      -0.0005027773121445985
    ],
    "object_long_axis_yaw_waist_deg": -1.692052854317211,
    "object_angle_from_waist_x_deg": 1.6920528543172093
  },
  "gripper": {
    "open_ok": true,
    "close_ok": null,
    "final_pos_pct": null,
    "backend": "modbus_rtu"
  },
  "ok": false
}