{
  "arm": "right",
  "pipeline_version": "accelerated",
  "motion_strategy": "qp_all",
  "dry_run": false,
  "motion": {
    "pre_cycle_move_ok": true,
    "detected_pose7": [
      0.38773818673632254,
      -0.16423816677249214,
      -0.05852740420257247,
      -0.4212157611513361,
      -0.4800629715008824,
      0.6398517261479195,
      0.4274419194428309
    ],
    "approach_pose7": [
      0.44009134555300655,
      -0.19554704627241162,
      0.0746971270307872,
      0.18773609460021476,
      0.39414206613314623,
      -0.7670935471162607,
      -0.4700794405854684
    ],
    "grasp_pose7": [
      0.44009134555300655,
      -0.19554704627241162,
      0.0146971270307872,
      0.18773609460021476,
      0.39414206613314623,
      -0.7670935471162607,
      -0.4700794405854684
    ],
    "lift_pose7": [
      0.44009134555300655,
      -0.19554704627241162,
      0.1346971270307872,
      0.28625578606742874,
      0.4521278055395176,
      -0.7360264779109963,
      -0.4146119827198348
    ],
    "pre_home_pose7": [
      0.26009134555300656,
      -0.29554704627241163,
      0.18469712703078722,
      0.28625578606742874,
      0.4521278055395176,
      -0.7360264779109963,
      -0.4146119827198348
    ],
    "grasp_xyz_offset_m": [
      0.0,
      0.0,
      -0.005
    ],
    "grasp_quat": [
      0.18773609460021476,
      0.39414206613314623,
      -0.7670935471162607,
      -0.4700794405854684
    ],
    "use_fixed_grasp_quat": true,
    "phase_backends": {
      "approach": "qp_stream",
      "grasp": "qp_stream",
      "lift": "qp_stream"
    },
    "joint_limits_used": {
      "shoulder_pitch": [
        -2.96,
        2.96
      ],
      "shoulder_roll": [
        -2.616,
        0.262
      ],
      "shoulder_yaw": [
        -2.96,
        2.96
      ],
      "elbow_pitch": [
        -2.61,
        0.261
      ],
      "elbow_yaw": [
        -2.96,
        2.96
      ],
      "wrist_pitch": [
        -0.785,
        1.05
      ],
      "wrist_roll": [
        -1.3,
        1.65
      ]
    },
    "approach_tcp_tracking": {
      "commanded_xyz": [
        0.44009134555300655,
        -0.19554704627241162,
        0.0746971270307872
      ],
      "achieved_xyz": [
        0.4423592167882509,
        -0.1976992919488552,
        0.0929978476901398
      ],
      "error_mm": [
        2.2678712352443564,
        -2.152245676443565,
        18.300720659352606
      ],
      "error_norm_mm": 18.565876710865933,
      "achieved_quat": [
        -0.19917029020500637,
        -0.41372922589036426,
        0.7579683115703283,
        0.4632961922993102
      ],
      "approach_axis_tilt_deg": 35.3323718642453,
      "commanded_approach_axis_tilt_deg": 38.229605891321356,
      "orientation_error_deg": 2.907363252069774
    },
    "approach_joint_limits": {
      "closest": {
        "joint": "shoulder_roll",
        "value": -0.492,
        "lower": -2.616,
        "upper": 0.262,
        "dist_to_limit": 0.754,
        "nearest_side": "upper"
      },
      "breached": [],
      "margin_rad": 0.05
    },
    "compliant_insert": {
      "ok": true,
      "contact": true,
      "reason": "contact",
      "resist_n": 1.7404109558874952,
      "traveled_m": 0.03702238685165526,
      "planned_depth_m": 0.03882691660193113,
      "ft_topic": "/arm_6dof_right",
      "calib_path": "/home/ubuntu/cheng/compliant_grasp_execute/ft_calibration/ft_calibration_right.json",
      "calib_present": true,
      "commanded_m": 0.07752238685165526,
      "throttle_events": 0,
      "contact_kind": "force"
    },
    "grasp_tcp_tracking": {
      "commanded_xyz": [
        0.44009134555300655,
        -0.19554704627241162,
        0.0146971270307872
      ],
      "achieved_xyz": [
        0.44186293062390114,
        -0.19358984325320272,
        0.01669977320799365
      ],
      "error_mm": [
        1.771585070894588,
        1.957203019208903,
        2.002646177206451
      ],
      "error_norm_mm": 3.313570435783226,
      "achieved_quat": [
        -0.20258450150080073,
        -0.43181613470355135,
        0.7498418770342736,
        0.45851009259019987
      ],
      "approach_axis_tilt_deg": 33.02389082603119,
      "commanded_approach_axis_tilt_deg": 38.229605891321356,
      "orientation_error_deg": 5.215663704858132
    },
    "grasp_joint_limits": {
      "closest": {
        "joint": "shoulder_roll",
        "value": -0.449,
        "lower": -2.616,
        "upper": 0.262,
        "dist_to_limit": 0.711,
        "nearest_side": "upper"
      },
      "breached": [],
      "margin_rad": 0.05
    },
    "lift_joint_limits": {
      "closest": {
        "joint": "shoulder_roll",
        "value": -0.4904,
        "lower": -2.616,
        "upper": 0.262,
        "dist_to_limit": 0.7524,
        "nearest_side": "upper"
      },
      "breached": [],
      "margin_rad": 0.05
    },
    "retract_ok": null,
    "return_home_ok": true,
    "released_on_finish_ok": null,
    "approach_ok": true,
    "grasp_ok": true,
    "lift_ok": true
  },
  "detection": {
    "class_name": "remote control",
    "pose_head_roll_link": [
      0.8531945440466832,
      -0.11711346607686982,
      -0.2068584819051138,
      -0.3020641701945113,
      0.04991537671275587,
      0.929193592125875,
      -0.20703854859551662
    ],
    "pose_tip_waist_yaw_link_rpy": {
      "x": 0.5586354678805795,
      "y": -0.11847358166225416,
      "z": -0.09168946154509217,
      "roll": -0.041716436211459595,
      "pitch": -0.02568954990027139,
      "yaw": -2.7098906636365254
    },
    "pose_tip_used_for_tcp_conversion_rpy": {
      "x": 0.5586354678805795,
      "y": -0.11847358166225416,
      "z": -0.09168946154509217,
      "roll": -1.3839337144301733,
      "pitch": 0.12899059349643216,
      "yaw": 1.8567628644259393
    },
    "pose_tcp_waist_yaw_link_rpy": {
      "x": 0.38773818673632254,
      "y": -0.16423816677249214,
      "z": -0.05852740420257247,
      "roll": -1.3839337144301733,
      "pitch": 0.12899059349643216,
      "yaw": 1.8567628644259393
    },
    "pose_tcp_waist_yaw_link_pose7": [
      0.38773818673632254,
      -0.16423816677249214,
      -0.05852740420257247,
      -0.4212157611513361,
      -0.4800629715008824,
      0.6398517261479195,
      0.4274419194428309
    ],
    "current_tcp_pose7": [
      -0.007808094764324897,
      -0.3671386498765785,
      0.09799005705784541,
      -0.4212157611513361,
      -0.4800629715008824,
      0.6398517261479195,
      0.4274419194428309
    ],
    "tcp_minus_tip_waist_m": [
      -0.17089728114425695,
      -0.04576458511023798,
      0.033162057342519695
    ],
    "tcp_to_tip_offset_m": [
      0.0,
      0.0,
      -0.18
    ],
    "orientation_policy": "current",
    "use_current_tcp_rotation": true,
    "rotation_source_arm": "right",
    "bbox_2d": [
      689.033935546875,
      343.4956359863281,
      803.8336181640625,
      491.2576599121094
    ],
    "bbox_3d": {
      "min": [
        0.7888302705721777,
        -0.173018090791339,
        -0.26292355679819057
      ],
      "max": [
        0.9276378941522542,
        -0.06275550525060747,
        -0.15507147238755314
      ],
      "center": [
        0.8582340823622159,
        -0.11788679802097324,
        -0.20899751459287186
      ],
      "size": [
        0.13880762358007648,
        0.11026258554073154,
        0.10785208441063743
      ]
    },
    "object_long_axis_waist": [
      -0.9079552372810382,
      -0.41827918820614196,
      0.025686724344366297
    ],
    "object_long_axis_yaw_waist_deg": 24.734702031721298,
    "object_angle_from_waist_x_deg": 24.734702031721323
  },
  "gripper": {
    "open_ok": true,
    "close_ok": true,
    "final_pos_pct": 52.0,
    "backend": "modbus_rtu"
  },
  "ok": true
}