{
  "arm": "right",
  "pipeline_version": "accelerated",
  "motion_strategy": "qp_all",
  "dry_run": false,
  "motion": {
    "pre_cycle_move_ok": true,
    "detected_pose7": [
      0.4339013311111975,
      -0.2755401566632935,
      -0.05379293839659246,
      -0.4131681237173275,
      -0.42340019101150106,
      0.6326052642850717,
      0.499834932146746
    ],
    "approach_pose7": [
      0.33943828929684383,
      -0.2996661091215511,
      0.004405114641610447,
      0.3178688365137532,
      0.44950185347313315,
      -0.6577924874164923,
      -0.5140199704253081
    ],
    "grasp_pose7": [
      0.44507300819387163,
      -0.2996661091215511,
      -0.04285268211781614,
      0.3178688365137532,
      0.44950185347313315,
      -0.6577924874164923,
      -0.5140199704253081
    ],
    "lift_pose7": [
      0.44507300819387163,
      -0.2996661091215511,
      0.07714731788218385,
      0.40100857320586336,
      0.5127493722686203,
      -0.6106747726438199,
      -0.4509506929919861
    ],
    "pre_home_pose7": [
      0.26507300819387164,
      -0.3996661091215511,
      0.12714731788218386,
      0.40100857320586336,
      0.5127493722686203,
      -0.6106747726438199,
      -0.4509506929919861
    ],
    "grasp_xyz_offset_m": [
      0.0,
      0.0,
      -0.005
    ],
    "grasp_quat": [
      0.3178688365137532,
      0.44950185347313315,
      -0.6577924874164923,
      -0.5140199704253081
    ],
    "use_fixed_grasp_quat": true,
    "phase_backends": {
      "approach": "qp_stream",
      "grasp": "qp_stream",
      "lift": "qp_stream"
    },
    "joint_limits_used": {
      "shoulder_pitch": [
        -2.96,
        2.96
      ],
      "shoulder_roll": [
        -2.616,
        0.262
      ],
      "shoulder_yaw": [
        -2.96,
        2.96
      ],
      "elbow_pitch": [
        -2.61,
        0.261
      ],
      "elbow_yaw": [
        -2.96,
        2.96
      ],
      "wrist_pitch": [
        -0.785,
        1.05
      ],
      "wrist_roll": [
        -1.3,
        1.65
      ]
    },
    "approach_tcp_tracking": {
      "commanded_xyz": [
        0.33943828929684383,
        -0.2996661091215511,
        0.004405114641610447
      ],
      "achieved_xyz": [
        0.333974193575123,
        -0.30388376203638207,
        -0.013979104175600554
      ],
      "error_mm": [
        -5.464095721720852,
        -4.21765291483095,
        -18.384218817211
      ],
      "error_norm_mm": 19.637322620082536,
      "achieved_quat": [
        -0.2967832840497934,
        -0.44575782983961054,
        0.6755186010101536,
        0.5068473726227506
      ],
      "approach_axis_tilt_deg": 25.24179912985046,
      "commanded_approach_axis_tilt_deg": 23.192087437314097,
      "orientation_error_deg": 3.2900673928712587
    },
    "approach_joint_limits": {
      "closest": {
        "joint": "wrist_pitch",
        "value": -0.065,
        "lower": -0.785,
        "upper": 1.05,
        "dist_to_limit": 0.72,
        "nearest_side": "lower"
      },
      "breached": [],
      "margin_rad": 0.05
    },
    "compliant_insert": {
      "ok": false,
      "contact": false,
      "reason": "blocked_no_progress",
      "resist_n": -36.9172124782257,
      "traveled_m": -0.0014719590538337535,
      "planned_depth_m": 0.02901983681076795,
      "ft_topic": "/arm_6dof_right",
      "calib_path": "/home/ubuntu/cheng/compliant_grasp_execute/ft_calibration/ft_calibration_right.json",
      "calib_present": true,
      "commanded_m": 0.03902804094616625,
      "throttle_events": 0,
      "contact_kind": "blocked_no_progress"
    },
    "grasp_tcp_tracking": {
      "commanded_xyz": [
        0.44507300819387163,
        -0.2996661091215511,
        -0.04285268211781614
      ],
      "achieved_xyz": [
        0.4204343160204471,
        -0.29899289760573566,
        -0.02471722936387366
      ],
      "error_mm": [
        -24.638692173424516,
        0.6732115158154528,
        18.13545275394248
      ],
      "error_norm_mm": 30.600866202646568,
      "achieved_quat": [
        -0.3193437473918363,
        -0.48063897551297335,
        0.651894924720455,
        0.4919743421595182
      ],
      "approach_axis_tilt_deg": 19.512438525051483,
      "commanded_approach_axis_tilt_deg": 23.192087437314097,
      "orientation_error_deg": 4.427258438686012
    },
    "grasp_joint_limits": {
      "closest": {
        "joint": "wrist_pitch",
        "value": -0.1098,
        "lower": -0.785,
        "upper": 1.05,
        "dist_to_limit": 0.6752,
        "nearest_side": "lower"
      },
      "breached": [],
      "margin_rad": 0.05
    },
    "grasp_reach_retry_used": true,
    "grasp_reach_retry_yaw_scale": 0.5,
    "lift_joint_limits": {
      "closest": {
        "joint": "wrist_pitch",
        "value": -0.1098,
        "lower": -0.785,
        "upper": 1.05,
        "dist_to_limit": 0.6752,
        "nearest_side": "lower"
      },
      "breached": [],
      "margin_rad": 0.05
    },
    "retract_ok": null,
    "return_home_ok": true,
    "released_on_finish_ok": null,
    "approach_ok": true,
    "grasp_ok": false,
    "lift_ok": true
  },
  "detection": {
    "class_name": "remote control",
    "pose_head_roll_link": [
      0.8897030230682125,
      -0.2533490124421477,
      -0.19601629321953767,
      -0.300952626214417,
      -0.02292921367189098,
      0.9441629943964259,
      -0.13212875518754028
    ],
    "pose_tip_waist_yaw_link_rpy": {
      "x": 0.5947221932979944,
      "y": -0.2546881849223847,
      "z": -0.10480122752700383,
      "roll": -0.12987519523496244,
      "pitch": -0.0293610886052178,
      "yaw": -2.901298722724234
    },
    "pose_tip_used_for_tcp_conversion_rpy": {
      "x": 0.5947221932979944,
      "y": -0.2546881849223847,
      "z": -0.10480122752700383,
      "roll": -1.2644839934475778,
      "pitch": 0.09964908508633119,
      "yaw": 1.7311897239585428
    },
    "pose_tcp_waist_yaw_link_rpy": {
      "x": 0.4339013311111975,
      "y": -0.2755401566632935,
      "z": -0.05379293839659246,
      "roll": -1.2644839934475778,
      "pitch": 0.09964908508633119,
      "yaw": 1.7311897239585428
    },
    "pose_tcp_waist_yaw_link_pose7": [
      0.4339013311111975,
      -0.2755401566632935,
      -0.05379293839659246,
      -0.4131681237173275,
      -0.42340019101150106,
      0.6326052642850717,
      0.499834932146746
    ],
    "current_tcp_pose7": [
      -0.09640560955567588,
      -0.2672655227362205,
      0.13607035859661007,
      -0.4131681237173275,
      -0.42340019101150106,
      0.6326052642850717,
      0.499834932146746
    ],
    "tcp_minus_tip_waist_m": [
      -0.16082086218679686,
      -0.020851971740908803,
      0.05100828913041137
    ],
    "tcp_to_tip_offset_m": [
      0.0,
      0.0,
      -0.17
    ],
    "orientation_policy": "current",
    "use_current_tcp_rotation": true,
    "rotation_source_arm": "right",
    "bbox_2d": [
      802.7499389648438,
      324.6510314941406,
      901.6783447265625,
      469.260498046875
    ],
    "bbox_3d": {
      "min": [
        0.8219869844033574,
        -0.30135998125039787,
        -0.25012113598651164
      ],
      "max": [
        0.9687632532508001,
        -0.21329039413883494,
        -0.14229159411343198
      ],
      "center": [
        0.8953751188270788,
        -0.25732518769461643,
        -0.1962063650499718
      ],
      "size": [
        0.14677626884744277,
        0.08806958711156293,
        0.10782954187307967
      ]
    },
    "object_long_axis_waist": [
      -0.9708494425879409,
      -0.2378855481060493,
      0.02935687021752909
    ],
    "object_long_axis_yaw_waist_deg": 13.767828081204925,
    "object_angle_from_waist_x_deg": 13.767828081204945
  },
  "gripper": {
    "open_ok": true,
    "close_ok": null,
    "final_pos_pct": null,
    "backend": "modbus_rtu"
  },
  "ok": false
}