{
  "arm": "right",
  "pipeline_version": "accelerated",
  "motion_strategy": "qp_all",
  "dry_run": false,
  "motion": {
    "pre_cycle_move_ok": true,
    "detected_pose7": [
      0.42271747932048664,
      -0.26390518140823305,
      -0.05890041915989869,
      -0.42145882811810975,
      -0.4802943723914104,
      0.6396105789975685,
      0.42730326383593903
    ],
    "approach_pose7": [
      0.45432703830990273,
      -0.26864783010996035,
      0.06526652377714731,
      0.24963303113932145,
      0.39225397469801837,
      -0.701426831846327,
      -0.5402041916385186
    ],
    "grasp_pose7": [
      0.45432703830990273,
      -0.26864783010996035,
      0.005266523777147318,
      0.24963303113932145,
      0.39225397469801837,
      -0.701426831846327,
      -0.5402041916385186
    ],
    "lift_pose7": [
      0.45432703830990273,
      -0.26864783010996035,
      0.1252665237771473,
      0.33905195943412414,
      0.45940898372368977,
      -0.6628423790567876,
      -0.4843832521920896
    ],
    "pre_home_pose7": [
      0.27432703830990274,
      -0.3686478301099604,
      0.1752665237771473,
      0.33905195943412414,
      0.45940898372368977,
      -0.6628423790567876,
      -0.4843832521920896
    ],
    "grasp_xyz_offset_m": [
      0.0,
      0.0,
      -0.005
    ],
    "grasp_quat": [
      0.24963303113932145,
      0.39225397469801837,
      -0.701426831846327,
      -0.5402041916385186
    ],
    "use_fixed_grasp_quat": true,
    "phase_backends": {
      "approach": "qp_stream",
      "grasp": "qp_stream",
      "lift": "qp_stream"
    },
    "joint_limits_used": {
      "shoulder_pitch": [
        -2.96,
        2.96
      ],
      "shoulder_roll": [
        -2.616,
        0.262
      ],
      "shoulder_yaw": [
        -2.96,
        2.96
      ],
      "elbow_pitch": [
        -2.61,
        0.261
      ],
      "elbow_yaw": [
        -2.96,
        2.96
      ],
      "wrist_pitch": [
        -0.785,
        1.05
      ],
      "wrist_roll": [
        -1.3,
        1.65
      ]
    },
    "approach_tcp_tracking": {
      "commanded_xyz": [
        0.45432703830990273,
        -0.26864783010996035,
        0.06526652377714731
      ],
      "achieved_xyz": [
        0.4567778167926194,
        -0.269680206344581,
        0.08438400654296585
      ],
      "error_mm": [
        2.4507784827166867,
        -1.0323762346206578,
        19.11748276581854
      ],
      "error_norm_mm": 19.30156115868676,
      "achieved_quat": [
        -0.26186426031275717,
        -0.41230195366720135,
        0.6924865738994056,
        0.5309393121083844
      ],
      "approach_axis_tilt_deg": 31.52485662322709,
      "commanded_approach_axis_tilt_deg": 34.5858427329583,
      "orientation_error_deg": 3.0691151879598513
    },
    "approach_joint_limits": {
      "closest": {
        "joint": "shoulder_roll",
        "value": -0.5088,
        "lower": -2.616,
        "upper": 0.262,
        "dist_to_limit": 0.7708,
        "nearest_side": "upper"
      },
      "breached": [],
      "margin_rad": 0.05
    },
    "compliant_insert": {
      "ok": true,
      "contact": true,
      "reason": "contact",
      "resist_n": 1.5869830167852192,
      "traveled_m": 0.036040403859180864,
      "planned_depth_m": 0.03870600709522677,
      "ft_topic": "/arm_6dof_right",
      "calib_path": "/home/ubuntu/cheng/compliant_grasp_execute/ft_calibration/ft_calibration_right.json",
      "calib_present": true,
      "commanded_m": 0.07635863240725911,
      "throttle_events": 0,
      "contact_kind": "force"
    },
    "grasp_tcp_tracking": {
      "commanded_xyz": [
        0.45432703830990273,
        -0.26864783010996035,
        0.005266523777147318
      ],
      "achieved_xyz": [
        0.45589377640498646,
        -0.26736897099043566,
        0.008205010945970537
      ],
      "error_mm": [
        1.5667380950837306,
        1.278859119524689,
        2.9384871688232184
      ],
      "error_norm_mm": 3.567191577069664,
      "achieved_quat": [
        -0.265365237871767,
        -0.430203160296678,
        0.684299029891148,
        0.5255866903661514
      ],
      "approach_axis_tilt_deg": 29.275733678198755,
      "commanded_approach_axis_tilt_deg": 34.5858427329583,
      "orientation_error_deg": 5.368804047964854
    },
    "grasp_joint_limits": {
      "closest": {
        "joint": "shoulder_roll",
        "value": -0.4666,
        "lower": -2.616,
        "upper": 0.262,
        "dist_to_limit": 0.7286,
        "nearest_side": "upper"
      },
      "breached": [],
      "margin_rad": 0.05
    },
    "lift_joint_limits": {
      "closest": {
        "joint": "shoulder_roll",
        "value": -0.509,
        "lower": -2.616,
        "upper": 0.262,
        "dist_to_limit": 0.771,
        "nearest_side": "upper"
      },
      "breached": [],
      "margin_rad": 0.05
    },
    "retract_ok": null,
    "return_home_ok": true,
    "released_on_finish_ok": null,
    "approach_ok": true,
    "grasp_ok": true,
    "lift_ok": true
  },
  "detection": {
    "class_name": "remote control",
    "pose_head_roll_link": [
      0.880861589289911,
      -0.2165596761899629,
      -0.18693109811980282,
      -0.3038546305646646,
      -0.018552459049670282,
      0.9486393048957086,
      -0.08609087614032294
    ],
    "pose_tip_waist_yaw_link_rpy": {
      "x": 0.5936457954008987,
      "y": -0.21814535504483915,
      "z": -0.09190873709806102,
      "roll": -0.08904679445998376,
      "pitch": -0.03483485204631287,
      "yaw": -2.9859025105167913
    },
    "pose_tip_used_for_tcp_conversion_rpy": {
      "x": 0.5936457954008987,
      "y": -0.21814535504483915,
      "z": -0.09190873709806102,
      "roll": -1.3848091011323362,
      "pitch": 0.12903411173675883,
      "yaw": 1.856583091502096
    },
    "pose_tcp_waist_yaw_link_rpy": {
      "x": 0.42271747932048664,
      "y": -0.26390518140823305,
      "z": -0.05890041915989869,
      "roll": -1.3848091011323362,
      "pitch": 0.12903411173675883,
      "yaw": 1.856583091502096
    },
    "pose_tcp_waist_yaw_link_pose7": [
      0.42271747932048664,
      -0.26390518140823305,
      -0.05890041915989869,
      -0.42145882811810975,
      -0.4802943723914104,
      0.6396105789975685,
      0.42730326383593903
    ],
    "current_tcp_pose7": [
      -0.00781727265806001,
      -0.367117945328129,
      0.09806104304931368,
      -0.42145882811810975,
      -0.4802943723914104,
      0.6396105789975685,
      0.42730326383593903
    ],
    "tcp_minus_tip_waist_m": [
      -0.17092831608041203,
      -0.0457598263633939,
      0.033008317938162335
    ],
    "tcp_to_tip_offset_m": [
      0.0,
      0.0,
      -0.18
    ],
    "orientation_policy": "current",
    "use_current_tcp_rotation": true,
    "rotation_source_arm": "right",
    "bbox_2d": [
      784.0640258789062,
      319.91473388671875,
      868.563232421875,
      467.2193603515625
    ],
    "bbox_3d": {
      "min": [
        0.8138062698148458,
        -0.2554022461052049,
        -0.24049761283312357
      ],
      "max": [
        0.9580613184673099,
        -0.18219986414381728,
        -0.13053032927101701
      ],
      "center": [
        0.8859337941410779,
        -0.2188010551245111,
        -0.1855139710520703
      ],
      "size": [
        0.14425504865246408,
        0.07320238196138762,
        0.10996728356210655
      ]
    },
    "object_long_axis_waist": [
      -0.9873054168762145,
      -0.15496786003676385,
      0.034827807317000505
    ],
    "object_long_axis_yaw_waist_deg": 8.920388109870942,
    "object_angle_from_waist_x_deg": 8.920388109870956
  },
  "gripper": {
    "open_ok": true,
    "close_ok": true,
    "final_pos_pct": 52.0,
    "backend": "modbus_rtu"
  },
  "ok": true
}