{
  "arm": "right",
  "pipeline_version": "accelerated",
  "motion_strategy": "qp_all",
  "dry_run": false,
  "motion": {
    "detected_pose7": [
      0.3509830889148118,
      -0.016409974547404345,
      -0.2679120750708158,
      0.694675042986365,
      0.5066470176005206,
      -0.3431668415159529,
      -0.3781162560540803
    ],
    "approach_pose7": [
      0.3471930304741502,
      -0.11450395011467654,
      0.1275852577419158,
      0.22153961011527457,
      0.33162701064893285,
      -0.6909845447089406,
      -0.6028964139314505
    ],
    "grasp_pose7": [
      0.43191715418140164,
      -0.11450395011467654,
      0.04575876327198985,
      0.22153961011527457,
      0.33162701064893285,
      -0.6909845447089406,
      -0.6028964139314505
    ],
    "lift_pose7": [
      0.43191715418140164,
      -0.11450395011467654,
      0.16575876327198985,
      0.3098358895433104,
      0.40748366881423864,
      -0.6561563544061394,
      -0.5544525405957107
    ],
    "pre_home_pose7": [
      0.25191715418140165,
      -0.21450395011467654,
      0.21575876327198984,
      0.3098358895433104,
      0.40748366881423864,
      -0.6561563544061394,
      -0.5544525405957107
    ],
    "grasp_xyz_offset_m": [
      0.04,
      0.0,
      0.005
    ],
    "grasp_quat": [
      0.22153961011527457,
      0.33162701064893285,
      -0.6909845447089406,
      -0.6028964139314505
    ],
    "use_fixed_grasp_quat": true,
    "phase_backends": {
      "approach": "qp_stream",
      "grasp": "qp_stream",
      "lift": "qp_stream"
    },
    "joint_limits_used": {
      "shoulder_pitch": [
        -2.96,
        2.96
      ],
      "shoulder_roll": [
        -2.616,
        0.262
      ],
      "shoulder_yaw": [
        -2.96,
        2.96
      ],
      "elbow_pitch": [
        -2.61,
        0.261
      ],
      "elbow_yaw": [
        -2.96,
        2.96
      ],
      "wrist_pitch": [
        -0.785,
        1.05
      ],
      "wrist_roll": [
        -1.3,
        1.65
      ]
    },
    "approach_tcp_tracking": {
      "commanded_xyz": [
        0.3471930304741502,
        -0.11450395011467654,
        0.1275852577419158
      ],
      "achieved_xyz": [
        0.3598862995491268,
        -0.12390197916462839,
        0.1390697427183829
      ],
      "error_mm": [
        12.693269074976643,
        -9.39802904995185,
        11.484484976467119
      ],
      "error_norm_mm": 19.52781157754745,
      "achieved_quat": [
        -0.2234570813645794,
        -0.3507108446961251,
        0.6627182259389026,
        0.62279482111603
      ],
      "approach_axis_tilt_deg": 40.854296008589834,
      "commanded_approach_axis_tilt_deg": 42.991311994604416,
      "orientation_error_deg": 4.530360111837921
    },
    "approach_joint_limits": {
      "closest": {
        "joint": "wrist_pitch",
        "value": 0.8713,
        "lower": -0.785,
        "upper": 1.05,
        "dist_to_limit": 0.1787,
        "nearest_side": "upper"
      },
      "breached": [],
      "margin_rad": 0.05
    },
    "compliant_insert": {
      "ok": true,
      "contact": true,
      "reason": "stall_contact",
      "resist_n": -0.07305272256195257,
      "traveled_m": 0.046444681304102106,
      "planned_depth_m": 0.03571788202702427,
      "ft_topic": "/arm_6dof_right",
      "calib_path": "/home/ubuntu/niu/compliant_grasp_execute/ft_calibration/ft_calibration_right.json",
      "calib_present": true,
      "commanded_m": 0.05571788202702427,
      "throttle_events": 0,
      "contact_kind": "stall"
    },
    "grasp_tcp_tracking": {
      "commanded_xyz": [
        0.43191715418140164,
        -0.11450395011467654,
        0.04575876327198985
      ],
      "achieved_xyz": [
        0.4440329241730887,
        -0.11221865842737269,
        0.039860864150901565
      ],
      "error_mm": [
        12.115769991687063,
        2.2852916873038476,
        -5.897899121088283
      ],
      "error_norm_mm": 13.667467015876014,
      "achieved_quat": [
        -0.21834400789909872,
        -0.36930213504287573,
        0.6547849134440544,
        0.6222527978188561
      ],
      "approach_axis_tilt_deg": 39.18923228200585,
      "commanded_approach_axis_tilt_deg": 42.991311994604416,
      "orientation_error_deg": 6.396137619498601
    },
    "grasp_joint_limits": {
      "closest": {
        "joint": "wrist_pitch",
        "value": 0.6446,
        "lower": -0.785,
        "upper": 1.05,
        "dist_to_limit": 0.4054,
        "nearest_side": "upper"
      },
      "breached": [],
      "margin_rad": 0.05
    },
    "lift_joint_limits": {
      "closest": {
        "joint": "wrist_pitch",
        "value": 0.9147,
        "lower": -0.785,
        "upper": 1.05,
        "dist_to_limit": 0.1353,
        "nearest_side": "upper"
      },
      "breached": [],
      "margin_rad": 0.05
    },
    "retract_ok": null,
    "return_home_ok": true,
    "released_on_finish_ok": null,
    "approach_ok": true,
    "grasp_ok": true,
    "lift_ok": true
  },
  "detection": {
    "class_name": "remote control",
    "pose_head_roll_link": [
      0.8997220161663437,
      -0.06409053428810961,
      -0.23232830755792347,
      -0.34863108292107176,
      0.02414149154825082,
      0.9367845859955473,
      -0.017555507633148403
    ],
    "pose_tip_waist_yaw_link_rpy": {
      "x": 0.5797222950658091,
      "y": -0.06365342039309857,
      "z": -0.14062329946967933,
      "roll": 0.03353101679214644,
      "pitch": 0.050352250799709175,
      "yaw": -3.093716257713699
    },
    "pose_tip_used_for_tcp_conversion_rpy": {
      "x": 0.5797222950658091,
      "y": -0.06365342039309857,
      "z": -0.14062329946967933,
      "roll": -2.072181777310514,
      "pitch": 0.09377330502059356,
      "yaw": 1.315844626389838
    },
    "pose_tcp_waist_yaw_link_rpy": {
      "x": 0.3509830889148118,
      "y": -0.016409974547404345,
      "z": -0.2679120750708158,
      "roll": -2.072181777310514,
      "pitch": 0.09377330502059356,
      "yaw": 1.315844626389838
    },
    "pose_tcp_waist_yaw_link_pose7": [
      0.3509830889148118,
      -0.016409974547404345,
      -0.2679120750708158,
      0.694675042986365,
      0.5066470176005206,
      -0.3431668415159529,
      -0.3781162560540803
    ],
    "current_tcp_pose7": [
      0.11562470548404065,
      -0.2579088792813281,
      0.14129975317373777,
      0.694675042986365,
      0.5066470176005206,
      -0.3431668415159529,
      -0.3781162560540803
    ],
    "tcp_minus_tip_waist_m": [
      -0.2287392061509973,
      0.047243445845694225,
      -0.1272887756011365
    ],
    "tcp_to_tip_offset_m": [
      0.0,
      0.0,
      -0.266
    ],
    "orientation_policy": "current",
    "use_current_tcp_rotation": true,
    "rotation_source_arm": "right",
    "bbox_2d": [
      679.935791015625,
      344.8953857421875,
      724.4717407226562,
      499.64898681640625
    ],
    "bbox_3d": {
      "min": [
        0.8388776913407707,
        -0.09027373221980031,
        -0.2935748419790237
      ],
      "max": [
        0.9775544627082836,
        -0.03798386355078839,
        -0.16991595878730464
      ],
      "center": [
        0.9082160770245271,
        -0.06412879788529435,
        -0.23174540038316419
      ],
      "size": [
        0.13867677136751289,
        0.052289868669011925,
        0.12365888319171908
      ]
    },
    "object_long_axis_waist": [
      -0.99758818975228,
      -0.047797452307675695,
      -0.050330976740613556
    ],
    "object_long_axis_yaw_waist_deg": 2.743115421997743,
    "object_angle_from_waist_x_deg": 2.7431154219977443
  },
  "gripper": {
    "open_ok": true,
    "close_ok": true,
    "final_pos_pct": 89.0,
    "backend": "modbus_rtu"
  },
  "ok": true
}