{
  "arm": "right",
  "pipeline_version": "accelerated",
  "motion_strategy": "qp_all",
  "dry_run": false,
  "motion": {
    "detected_pose7": [
      0.4285385147599696,
      -0.18973879585066894,
      -0.19479638994150322,
      0.7088219254356263,
      0.4886628524174272,
      -0.3356528971344945,
      -0.38225283168894364
    ],
    "approach_pose7": [
      0.32863267757339876,
      -0.27849008701154226,
      0.05225823720319529,
      0.2937653528634996,
      0.41307263690877666,
      -0.6667989601824701,
      -0.5463076612988236
    ],
    "grasp_pose7": [
      0.4298040003037643,
      -0.27849008701154226,
      -0.006079262179415952,
      0.2937653528634996,
      0.41307263690877666,
      -0.6667989601824701,
      -0.5463076612988236
    ],
    "lift_pose7": [
      0.4298040003037643,
      -0.27849008701154226,
      0.11392073782058404,
      0.37828687879508843,
      0.4808462020473135,
      -0.6227503297268576,
      -0.4877171251178642
    ],
    "pre_home_pose7": [
      0.24980400030376432,
      -0.3784900870115423,
      0.16392073782058403,
      0.37828687879508843,
      0.4808462020473135,
      -0.6227503297268576,
      -0.4877171251178642
    ],
    "grasp_xyz_offset_m": [
      0.0,
      0.0,
      -0.005
    ],
    "grasp_quat": [
      0.2937653528634996,
      0.41307263690877666,
      -0.6667989601824701,
      -0.5463076612988236
    ],
    "use_fixed_grasp_quat": true,
    "phase_backends": {
      "approach": "qp_stream",
      "grasp": "qp_stream",
      "lift": "qp_stream"
    },
    "joint_limits_used": {
      "shoulder_pitch": [
        -2.96,
        2.96
      ],
      "shoulder_roll": [
        -2.616,
        0.262
      ],
      "shoulder_yaw": [
        -2.96,
        2.96
      ],
      "elbow_pitch": [
        -2.61,
        0.261
      ],
      "elbow_yaw": [
        -2.96,
        2.96
      ],
      "wrist_pitch": [
        -0.785,
        1.05
      ],
      "wrist_roll": [
        -1.3,
        1.65
      ]
    },
    "approach_tcp_tracking": {
      "commanded_xyz": [
        0.32863267757339876,
        -0.27849008701154226,
        0.05225823720319529
      ],
      "achieved_xyz": [
        0.31353417788977006,
        -0.2634450708768195,
        0.040028802005687814
      ],
      "error_mm": [
        -15.098499683628697,
        15.045016134722754,
        -12.22943519750748
      ],
      "error_norm_mm": 24.57389445001827,
      "achieved_quat": [
        -0.2555637240503764,
        -0.3974993062184209,
        0.7154477873655722,
        0.5146027089503941
      ],
      "approach_axis_tilt_deg": 33.598034018152354,
      "commanded_approach_axis_tilt_deg": 29.087571260258027,
      "orientation_error_deg": 8.164157797788386
    },
    "approach_joint_limits": {
      "closest": {
        "joint": "elbow_pitch",
        "value": -1.7468,
        "lower": -2.61,
        "upper": 0.261,
        "dist_to_limit": 0.8632,
        "nearest_side": "lower"
      },
      "breached": [],
      "margin_rad": 0.05
    },
    "compliant_insert": {
      "ok": true,
      "contact": false,
      "reason": "reached_depth_no_contact",
      "resist_n": -12.888865380821315,
      "traveled_m": 0.04511647093964873,
      "planned_depth_m": 0.032936882731569646,
      "ft_topic": "/arm_6dof_right",
      "calib_path": "/home/ubuntu/cheng/compliant_grasp_execute/ft_calibration/ft_calibration_right.json",
      "calib_present": true,
      "commanded_m": 0.05293688273156964,
      "throttle_events": 0
    },
    "grasp_tcp_tracking": {
      "commanded_xyz": [
        0.4298040003037643,
        -0.27849008701154226,
        -0.006079262179415952
      ],
      "achieved_xyz": [
        0.47629359118082193,
        -0.2855346275149079,
        0.034322695338135256
      ],
      "error_mm": [
        46.489590877057616,
        -7.044540503365615,
        40.4019575175512
      ],
      "error_norm_mm": 61.99375599259792,
      "achieved_quat": [
        -0.25957205367246583,
        -0.41702969625460695,
        0.7119658269685751,
        0.5018099666437501
      ],
      "approach_axis_tilt_deg": 31.159158805646474,
      "commanded_approach_axis_tilt_deg": 29.087571260258027,
      "orientation_error_deg": 8.269025586145286
    },
    "grasp_joint_limits": {
      "closest": {
        "joint": "wrist_pitch",
        "value": -0.1662,
        "lower": -0.785,
        "upper": 1.05,
        "dist_to_limit": 0.6188,
        "nearest_side": "lower"
      },
      "breached": [],
      "margin_rad": 0.05
    },
    "lift_joint_limits": {
      "closest": {
        "joint": "wrist_pitch",
        "value": -0.0499,
        "lower": -0.785,
        "upper": 1.05,
        "dist_to_limit": 0.7351,
        "nearest_side": "lower"
      },
      "breached": [],
      "margin_rad": 0.05
    },
    "retract_ok": null,
    "return_home_ok": true,
    "released_on_finish_ok": null,
    "approach_ok": true,
    "grasp_ok": true,
    "lift_ok": true
  },
  "detection": {
    "class_name": "remote control",
    "pose_head_roll_link": [
      0.8886444790999621,
      -0.23100744197410703,
      -0.1886625093140627,
      -0.3074971261223558,
      -0.04651886207811762,
      0.9486228632392099,
      -0.05827672122977083
    ],
    "pose_tip_waist_yaw_link_rpy": {
      "x": 0.5984228715210402,
      "y": -0.2325100302606938,
      "z": -0.09830842781710136,
      "roll": -0.12223024486627236,
      "pitch": -0.030105254439386497,
      "yaw": -3.056203372332327
    },
    "pose_tip_used_for_tcp_conversion_rpy": {
      "x": 0.5984228715210402,
      "y": -0.2325100302606938,
      "z": -0.09830842781710136,
      "roll": -2.077138644918663,
      "pitch": 0.10242976663528247,
      "yaw": 1.2675113530318565
    },
    "pose_tcp_waist_yaw_link_rpy": {
      "x": 0.4285385147599696,
      "y": -0.18973879585066894,
      "z": -0.19479638994150322,
      "roll": -2.077138644918663,
      "pitch": 0.10242976663528247,
      "yaw": 1.2675113530318565
    },
    "pose_tcp_waist_yaw_link_pose7": [
      0.4285385147599696,
      -0.18973879585066894,
      -0.19479638994150322,
      0.7088219254356263,
      0.4886628524174272,
      -0.3356528971344945,
      -0.38225283168894364
    ],
    "current_tcp_pose7": [
      0.11447059408854114,
      -0.26191297145879033,
      0.1417321579187997,
      0.7088219254356263,
      0.4886628524174272,
      -0.3356528971344945,
      -0.38225283168894364
    ],
    "tcp_minus_tip_waist_m": [
      -0.1698843567610706,
      0.042771234410024866,
      -0.09648796212440186
    ],
    "tcp_to_tip_offset_m": [
      0.0,
      0.0,
      -0.2
    ],
    "orientation_policy": "current",
    "use_current_tcp_rotation": true,
    "rotation_source_arm": "right",
    "bbox_2d": [
      800.09521484375,
      318.6982727050781,
      872.7611083984375,
      464.9011535644531
    ],
    "bbox_3d": {
      "min": [
        0.8215594261791076,
        -0.2636079088783412,
        -0.24213047732317985
      ],
      "max": [
        0.9681850928330235,
        -0.20265946061168566,
        -0.1347192436716327
      ],
      "center": [
        0.8948722595060655,
        -0.23313368474501342,
        -0.18842486049740628
      ],
      "size": [
        0.14662566665391585,
        0.06094844826665552,
        0.10741123365154714
      ]
    },
    "object_long_axis_waist": [
      -0.9959050719353884,
      -0.08524690683285951,
      0.03010070711458979
    ],
    "object_long_axis_yaw_waist_deg": 4.892445431708353,
    "object_angle_from_waist_x_deg": 4.8924454317083415
  },
  "gripper": {
    "open_ok": true,
    "close_ok": true,
    "final_pos_pct": 90.0,
    "backend": "modbus_rtu"
  },
  "ok": true
}