{
  "arm": "left",
  "pipeline_version": "accelerated",
  "motion_strategy": "qp_all",
  "dry_run": false,
  "motion": {
    "detected_pose7": [
      0.3875760439495072,
      0.5867952810878098,
      -0.12900158375115775,
      0.6947911172720315,
      0.506837735877227,
      -0.34296642004016636,
      -0.37782912483761866
    ],
    "approach_pose7": [
      0.28717901161173903,
      0.5596890944126501,
      0.11280918219604841,
      -0.400430700781317,
      0.4450075647101436,
      0.5809862457324232,
      -0.5514331360122233
    ],
    "grasp_pose7": [
      0.4019078067669912,
      0.5596890944126501,
      0.07881953710264102,
      -0.400430700781317,
      0.4450075647101436,
      0.5809862457324232,
      -0.5514331360122233
    ],
    "lift_pose7": [
      0.4019078067669912,
      0.5596890944126501,
      0.198819537102641,
      -0.472838883013627,
      0.5131769308119826,
      0.5237491332392807,
      -0.48863040615983105
    ],
    "pre_home_pose7": [
      0.22190780676699123,
      0.45968909441265016,
      0.248819537102641,
      -0.472838883013627,
      0.5131769308119826,
      0.5237491332392807,
      -0.48863040615983105
    ],
    "grasp_xyz_offset_m": [
      0.04,
      0.0,
      0.005
    ],
    "grasp_quat": [
      -0.400430700781317,
      0.4450075647101436,
      0.5809862457324232,
      -0.5514331360122233
    ],
    "use_fixed_grasp_quat": true,
    "phase_backends": {
      "approach": "qp_stream",
      "grasp": "qp_stream",
      "lift": "qp_stream"
    },
    "joint_limits_used": {
      "shoulder_pitch": [
        -2.96,
        2.96
      ],
      "shoulder_roll": [
        -0.262,
        2.616
      ],
      "shoulder_yaw": [
        -2.96,
        2.96
      ],
      "elbow_pitch": [
        -2.61,
        0.261
      ],
      "elbow_yaw": [
        -2.96,
        2.96
      ],
      "wrist_pitch": [
        -0.785,
        1.05
      ],
      "wrist_roll": [
        -1.65,
        1.3
      ]
    },
    "approach_tcp_tracking": {
      "commanded_xyz": [
        0.28717901161173903,
        0.5596890944126501,
        0.11280918219604841
      ],
      "achieved_xyz": [
        0.2837074349356701,
        0.5439941125682328,
        0.10101871716234079
      ],
      "error_mm": [
        -3.471576676068955,
        -15.69498184441731,
        -11.79046503370762
      ],
      "error_norm_mm": 19.934878114136968,
      "achieved_quat": [
        0.3664985001268629,
        -0.44240337753181885,
        -0.6077971492891147,
        0.5482159485724805
      ],
      "approach_axis_tilt_deg": 19.871768721388904,
      "commanded_approach_axis_tilt_deg": 16.454094333991076,
      "orientation_error_deg": 4.978667355744568
    },
    "approach_joint_limits": {
      "closest": {
        "joint": "wrist_pitch",
        "value": -0.3366,
        "lower": -0.785,
        "upper": 1.05,
        "dist_to_limit": 0.4484,
        "nearest_side": "lower"
      },
      "breached": [],
      "margin_rad": 0.05
    },
    "compliant_insert": {
      "ok": true,
      "contact": false,
      "reason": "reached_depth_no_contact",
      "resist_n": -13.617994966495589,
      "traveled_m": 0.04575846464411382,
      "planned_depth_m": 0.03318100512370012,
      "ft_topic": "/arm_6dof_left",
      "calib_path": "/home/ubuntu/niu/compliant_grasp_execute/ft_calibration/ft_calibration_left.json",
      "calib_present": true,
      "commanded_m": 0.05318100512370012,
      "throttle_events": 0
    },
    "grasp_tcp_tracking": {
      "commanded_xyz": [
        0.4019078067669912,
        0.5596890944126501,
        0.07881953710264102
      ],
      "achieved_xyz": [
        0.44580141585395877,
        0.5463768651322102,
        0.1450516403754994
      ],
      "error_mm": [
        43.893609086967544,
        -13.312229280439958,
        66.23210327285838
      ],
      "error_norm_mm": 80.56398619135662,
      "achieved_quat": [
        0.35942746778926465,
        -0.5021090288240156,
        -0.5929061920409603,
        0.5168758709898237
      ],
      "approach_axis_tilt_deg": 13.732950353131473,
      "commanded_approach_axis_tilt_deg": 16.454094333991076,
      "orientation_error_deg": 9.082000503021321
    },
    "grasp_joint_limits": {
      "closest": {
        "joint": "wrist_pitch",
        "value": -0.7409,
        "lower": -0.785,
        "upper": 1.05,
        "dist_to_limit": 0.0441,
        "nearest_side": "lower"
      },
      "breached": [
        {
          "joint": "wrist_pitch",
          "value": -0.7409,
          "lower": -0.785,
          "upper": 1.05,
          "dist_to_limit": 0.0441,
          "nearest_side": "lower"
        }
      ],
      "margin_rad": 0.05
    },
    "lift_joint_limits": {
      "closest": {
        "joint": "wrist_pitch",
        "value": -0.7712,
        "lower": -0.785,
        "upper": 1.05,
        "dist_to_limit": 0.0138,
        "nearest_side": "lower"
      },
      "breached": [
        {
          "joint": "wrist_pitch",
          "value": -0.7712,
          "lower": -0.785,
          "upper": 1.05,
          "dist_to_limit": 0.0138,
          "nearest_side": "lower"
        }
      ],
      "margin_rad": 0.05
    },
    "retract_ok": null,
    "return_home_ok": true,
    "released_on_finish_ok": null,
    "approach_ok": true,
    "grasp_ok": true,
    "lift_ok": false
  },
  "detection": {
    "class_name": "remote control",
    "pose_head_roll_link": [
      0.8427295433693077,
      0.5398464711451398,
      -0.1020070561036317,
      -0.33426308804323346,
      0.01955005398273192,
      0.9414332890224234,
      -0.039866598569429604
    ],
    "pose_tip_waist_yaw_link_rpy": {
      "x": 0.616223302694467,
      "y": 0.5396153952324257,
      "z": -0.001524176187745363,
      "roll": 0.009978880759583567,
      "pitch": 0.02062254211718728,
      "yaw": -3.055749342698031
    },
    "pose_tip_used_for_tcp_conversion_rpy": {
      "x": 0.616223302694467,
      "y": 0.5396153952324257,
      "z": -0.001524176187745363,
      "roll": -2.07299150645666,
      "pitch": 0.09372106973242889,
      "yaw": 1.3159616873742959
    },
    "pose_tcp_waist_yaw_link_rpy": {
      "x": 0.3875760439495072,
      "y": 0.5867952810878098,
      "z": -0.12900158375115775,
      "roll": -2.07299150645666,
      "pitch": 0.09372106973242889,
      "yaw": 1.3159616873742959
    },
    "pose_tcp_waist_yaw_link_pose7": [
      0.3875760439495072,
      0.5867952810878098,
      -0.12900158375115775,
      0.6947911172720315,
      0.506837735877227,
      -0.34296642004016636,
      -0.37782912483761866
    ],
    "current_tcp_pose7": [
      0.11559927861676171,
      -0.257881215081037,
      0.1413712633434184,
      0.6947911172720315,
      0.506837735877227,
      -0.34296642004016636,
      -0.37782912483761866
    ],
    "tcp_minus_tip_waist_m": [
      -0.22864725874495984,
      0.04717988585538402,
      -0.1274774075634124
    ],
    "tcp_to_tip_offset_m": [
      0.0,
      0.0,
      -0.266
    ],
    "orientation_policy": "current",
    "use_current_tcp_rotation": true,
    "rotation_source_arm": "right",
    "bbox_2d": [
      136.88702392578125,
      250.9595489501953,
      230.81326293945312,
      405.17376708984375
    ],
    "bbox_3d": {
      "min": [
        0.7803987236808795,
        0.5122631104853602,
        -0.15971235553533267
      ],
      "max": [
        0.9180784515637724,
        0.5758779678450583,
        -0.04206481169277895
      ],
      "center": [
        0.849238587622326,
        0.5440705391652092,
        -0.10088858361405581
      ],
      "size": [
        0.13767972788289295,
        0.06361485735969807,
        0.11764754384255371
      ]
    },
    "object_long_axis_waist": [
      -0.9961058709700625,
      -0.0857196877181217,
      -0.02062108039071507
    ],
    "object_long_axis_yaw_waist_deg": 4.918459413527387,
    "object_angle_from_waist_x_deg": 4.918459413527385
  },