{
  "arm": "right",
  "pipeline_version": "accelerated",
  "motion_strategy": "qp_all",
  "dry_run": false,
  "motion": {
    "detected_pose7": [
      0.31058514898524353,
      -0.35386569240816507,
      -0.2233850305059741,
      0.7089433513483517,
      0.4883948785216002,
      -0.33563554807360685,
      -0.38238533716941653
    ],
    "approach_pose7": [
      0.20795955549685174,
      -0.4347570699939269,
      0.014229611720589334,
      0.3970884590377562,
      0.44799244912887703,
      -0.5850976220327246,
      -0.5470688200895585
    ],
    "grasp_pose7": [
      0.3225399267785149,
      -0.4347570699939269,
      -0.01976003337281805,
      0.3970884590377562,
      0.44799244912887703,
      -0.5850976220327246,
      -0.5470688200895585
    ],
    "lift_pose7": [
      0.3225399267785149,
      -0.4347570699939269,
      0.10023996662718195,
      0.4700618769047667,
      0.5155666215916999,
      -0.5282615862336546,
      -0.48391382196749877
    ],
    "pre_home_pose7": [
      0.1425399267785149,
      -0.5347570699939269,
      0.15023996662718195,
      0.4700618769047667,
      0.5155666215916999,
      -0.5282615862336546,
      -0.48391382196749877
    ],
    "grasp_xyz_offset_m": [
      0.04,
      0.0,
      0.0
    ],
    "grasp_quat": [
      0.3970884590377562,
      0.44799244912887703,
      -0.5850976220327246,
      -0.5470688200895585
    ],
    "use_fixed_grasp_quat": true,
    "phase_backends": {
      "approach": "qp_stream",
      "grasp": "qp_stream",
      "lift": "qp_stream"
    },
    "joint_limits_used": {
      "shoulder_pitch": [
        -2.96,
        2.96
      ],
      "shoulder_roll": [
        -2.616,
        0.262
      ],
      "shoulder_yaw": [
        -2.96,
        2.96
      ],
      "elbow_pitch": [
        -2.61,
        0.261
      ],
      "elbow_yaw": [
        -2.96,
        2.96
      ],
      "wrist_pitch": [
        -0.785,
        1.05
      ],
      "wrist_roll": [
        -1.3,
        1.65
      ]
    },
    "approach_tcp_tracking": {
      "commanded_xyz": [
        0.20795955549685174,
        -0.4347570699939269,
        0.014229611720589334
      ],
      "achieved_xyz": [
        0.20426920043722285,
        -0.41616976514014026,
        0.00915631759336527
      ],
      "error_mm": [
        -3.6903550596288914,
        18.587304853786623,
        -5.073294127224064
      ],
      "error_norm_mm": 19.617465062924275,
      "achieved_quat": [
        -0.3649883861331688,
        -0.46211896872419145,
        0.5943010819296332,
        0.5477552014818864
      ],
      "approach_axis_tilt_deg": 17.84596681238012,
      "commanded_approach_axis_tilt_deg": 16.454094333991076,
      "orientation_error_deg": 4.155887174752788
    },
    "approach_joint_limits": {
      "closest": {
        "joint": "wrist_pitch",
        "value": 0.0264,
        "lower": -0.785,
        "upper": 1.05,
        "dist_to_limit": 0.8114,
        "nearest_side": "lower"
      },
      "breached": [],
      "margin_rad": 0.05
    },
    "compliant_insert": {
      "ok": true,
      "contact": false,
      "reason": "reached_depth_no_contact",
      "resist_n": -5.181592573486431,
      "traveled_m": 0.04608706736662425,
      "planned_depth_m": 0.033607368450490796,
      "ft_topic": "/arm_6dof_right",
      "calib_path": "/home/ubuntu/niu/compliant_grasp_execute/ft_calibration/ft_calibration_right.json",
      "calib_present": true,
      "commanded_m": 0.0536073684504908,
      "throttle_events": 0
    },
    "grasp_tcp_tracking": {
      "commanded_xyz": [
        0.3225399267785149,
        -0.4347570699939269,
        -0.01976003337281805
      ],
      "achieved_xyz": [
        0.34742660313674734,
        -0.4258940411907103,
        -0.012761719934723359
      ],
      "error_mm": [
        24.88667635823244,
        8.863028803216599,
        6.998313438094692
      ],
      "error_norm_mm": 27.329038232324773,
      "achieved_quat": [
        -0.3482392199955515,
        -0.48724365154723165,
        0.6211835668168484,
        0.5054246195037472
      ],
      "approach_axis_tilt_deg": 16.418198253647557,
      "commanded_approach_axis_tilt_deg": 16.454094333991076,
      "orientation_error_deg": 9.565055885590432
    },
    "grasp_joint_limits": {
      "closest": {
        "joint": "wrist_pitch",
        "value": -0.4228,
        "lower": -0.785,
        "upper": 1.05,
        "dist_to_limit": 0.3622,
        "nearest_side": "lower"
      },
      "breached": [],
      "margin_rad": 0.05
    },
    "lift_joint_limits": {
      "closest": {
        "joint": "wrist_pitch",
        "value": -0.3039,
        "lower": -0.785,
        "upper": 1.05,
        "dist_to_limit": 0.4811,
        "nearest_side": "lower"
      },
      "breached": [],
      "margin_rad": 0.05
    },
    "retract_ok": null,
    "return_home_ok": true,
    "released_on_finish_ok": null,
    "approach_ok": true,
    "grasp_ok": true,
    "lift_ok": true
  },
  "detection": {
    "class_name": "remote control",
    "pose_head_roll_link": [
      0.8377874093418933,
      -0.41095352726443773,
      -0.2224943536984535,
      0.027048135261098845,
      0.9527444017465337,
      0.030207683667813588,
      0.3010548109015401
    ],
    "pose_tip_waist_yaw_link_rpy": {
      "x": 0.5365264164528682,
      "y": -0.41087846177410625,
      "z": -0.09510374666320442,
      "roll": 3.1028446781926795,
      "pitch": -0.05075426353802692,
      "yaw": 3.070720120238798
    },
    "pose_tip_used_for_tcp_conversion_rpy": {
      "x": 0.5365264164528682,
      "y": -0.41087846177410625,
      "z": -0.09510374666320442,
      "roll": -2.0769400845998263,
      "pitch": 0.10256281738638195,
      "yaw": 1.2669308897362477
    },
    "pose_tcp_waist_yaw_link_rpy": {
      "x": 0.31058514898524353,
      "y": -0.35386569240816507,
      "z": -0.2233850305059741,
      "roll": -2.0769400845998263,
      "pitch": 0.10256281738638195,
      "yaw": 1.2669308897362477
    },
    "pose_tcp_waist_yaw_link_pose7": [
      0.31058514898524353,
      -0.35386569240816507,
      -0.2233850305059741,
      0.7089433513483517,
      0.4883948785216002,
      -0.33563554807360685,
      -0.38238533716941653
    ],
    "current_tcp_pose7": [
      0.11445880772372767,
      -0.2619647159376064,
      0.1417172827034752,
      0.7089433513483517,
      0.4883948785216002,
      -0.33563554807360685,
      -0.38238533716941653
    ],
    "tcp_minus_tip_waist_m": [
      -0.22594126746762472,
      0.057012769365941185,
      -0.12828128384276968
    ],
    "tcp_to_tip_offset_m": [
      0.0,
      0.0,
      -0.266
    ],
    "orientation_policy": "current",
    "use_current_tcp_rotation": true,
    "rotation_source_arm": "right",
    "bbox_2d": [
      961.6948852539062,
      367.1196594238281,
      1044.6314697265625,
      532.430419921875
    ],
    "bbox_3d": {
      "min": [
        0.7668402229205693,
        -0.44240247417838985,
        -0.2751362766146134
      ],
      "max": [
        0.9037670549683418,
        -0.3865485975313146,
        -0.17280413300425315
      ],
      "center": [
        0.8353036389444555,
        -0.4144755358548522,
        -0.22397020480943325
      ],
      "size": [
        0.13692683204777245,
        0.05585387664707525,
        0.10233214361036022
      ]
    },
    "object_long_axis_waist": [
      -0.9962051046054985,
      0.0707220294412422,
      0.050732475887349394
    ],
    "object_long_axis_yaw_waist_deg": -4.060697044412194,
    "object_angle_from_waist_x_deg": 4.060697044412177
  },
  "gripper": {
    "open_ok": true,
    "close_ok": true,
    "final_pos_pct": 90.0,
    "backend": "modbus_rtu"
  },
  "ok": true
}