{
  "arm": "left",
  "pipeline_version": "accelerated",
  "motion_strategy": "qp_all",
  "dry_run": false,
  "motion": {
    "detected_pose7": [
      0.5218913522043152,
      0.057867108027062,
      -0.25681640207215584,
      0.6946209867123322,
      0.5066689771961046,
      -0.3432023457560393,
      -0.3781539134180567
    ],
    "approach_pose7": [
      0.6700204908754493,
      0.16906105256267082,
      0.1610873922796136,
      -0.21455753408912664,
      0.2897602543801487,
      0.9216789713851952,
      0.14321987729876565
    ],
    "grasp_pose7": [
      0.7075213882939676,
      0.16906105256267082,
      0.07228641798829885,
      -0.21455753408912664,
      0.2897602543801487,
      0.9216789713851952,
      0.14321987729876565
    ],
    "lift_pose7": [
      0.7075213882939676,
      0.16906105256267082,
      0.19228641798829885,
      -0.33302521122590417,
      0.26858737000153565,
      0.8857885020793733,
      0.17981591405540315
    ],
    "pre_home_pose7": [
      0.5275213882939676,
      0.06906105256267081,
      0.24228641798829886,
      -0.33302521122590417,
      0.26858737000153565,
      0.8857885020793733,
      0.17981591405540315
    ],
    "grasp_xyz_offset_m": [
      0.04,
      0.0,
      0.005
    ],
    "grasp_quat": [
      -0.21455753408912664,
      0.2897602543801487,
      0.9216789713851952,
      0.14321987729876565
    ],
    "use_fixed_grasp_quat": true,
    "phase_backends": {
      "approach": "qp_stream",
      "grasp": "qp_stream",
      "lift": "qp_stream"
    },
    "joint_limits_used": {
      "shoulder_pitch": [
        -2.96,
        2.96
      ],
      "shoulder_roll": [
        -0.262,
        2.616
      ],
      "shoulder_yaw": [
        -2.96,
        2.96
      ],
      "elbow_pitch": [
        -2.61,
        0.261
      ],
      "elbow_yaw": [
        -2.96,
        2.96
      ],
      "wrist_pitch": [
        -0.785,
        1.05
      ],
      "wrist_roll": [
        -1.65,
        1.3
      ]
    },
    "elbow_high_proactive_used": true,
    "elbow_high_orientation": "seed",
    "grasp_reach_retry_used": true,
    "grasp_reach_retry_yaw_scale": 0.5,
    "approach_tcp_tracking": {
      "commanded_xyz": [
        0.6700204908754493,
        0.16906105256267082,
        0.1610873922796136
      ],
      "achieved_xyz": [
        0.5683169055114726,
        0.16958368200438648,
        0.18535589021466356
      ],
      "error_mm": [
        -101.70358536397673,
        0.5226294417156607,
        24.268497935049954
      ],
      "error_norm_mm": 104.56028122305607,
      "achieved_quat": [
        -0.2209169634018443,
        0.28957152982669215,
        0.919716160049103,
        0.1465135124815123
      ],
      "approach_axis_tilt_deg": 47.28086320608746,
      "commanded_approach_axis_tilt_deg": 47.73210719721113,
      "orientation_error_deg": 0.8512145544359657
    },
    "approach_joint_limits": {
      "closest": {
        "joint": "wrist_pitch",
        "value": -0.7678,
        "lower": -0.785,
        "upper": 1.05,
        "dist_to_limit": 0.0172,
        "nearest_side": "lower"
      },
      "breached": [],
      "margin_rad": 0.05
    },
    "lift_joint_limits": {
      "closest": {
        "joint": "wrist_pitch",
        "value": -0.7678,
        "lower": -0.785,
        "upper": 1.05,
        "dist_to_limit": 0.0172,
        "nearest_side": "lower"
      },
      "breached": [],
      "margin_rad": 0.05
    },
    "retract_ok": null,
    "return_home_ok": true,
    "released_on_finish_ok": null,
    "approach_ok": false,
    "grasp_ok": false,
    "lift_ok": true
  },
  "detection": {
    "class_name": "remote controll",
    "pose_head_roll_link": [
      1.0312486454497891,
      0.012386184038887851,
      -0.08338342684424273,
      -0.6044619078073095,
      0.7117778958647922,
      -0.25149310743365166,
      0.2544587311954587
    ],
    "pose_tip_waist_yaw_link_rpy": {
      "x": 0.7506483775716831,
      "y": 0.010634199325923917,
      "z": -0.1295557416907822,
      "roll": -3.1004043566587915,
      "pitch": -0.043520674757639544,
      "yaw": -1.7197377125117164
    },
    "pose_tip_used_for_tcp_conversion_rpy": {
      "x": 0.7506483775716831,
      "y": 0.010634199325923917,
      "z": -0.1295557416907822,
      "roll": -2.0720585162277914,
      "pitch": 0.09373057451237332,
      "yaw": 1.3159424538441356
    },
    "pose_tcp_waist_yaw_link_rpy": {
      "x": 0.5218913522043152,
      "y": 0.057867108027062,
      "z": -0.25681640207215584,
      "roll": -2.0720585162277914,
      "pitch": 0.09373057451237332,
      "yaw": 1.3159424538441356
    },
    "pose_tcp_waist_yaw_link_pose7": [
      0.5218913522043152,
      0.057867108027062,
      -0.25681640207215584,
      0.6946209867123322,
      0.5066689771961046,
      -0.3432023457560393,
      -0.3781539134180567
    ],
    "current_tcp_pose7": [
      0.11563254196489324,
      -0.2578990276798222,
      0.14129619411329897,
      0.6946209867123322,
      0.5066689771961046,
      -0.3432023457560393,
      -0.3781539134180567
    ],
    "tcp_minus_tip_waist_m": [
      -0.22875702536736797,
      0.04723290870113808,
      -0.12726066038137362
    ],
    "tcp_to_tip_offset_m": [
      0.0,
      0.0,
      -0.266
    ],
    "orientation_policy": "current",
    "use_current_tcp_rotation": true,
    "rotation_source_arm": "right",
    "bbox_2d": [
      560.1264038085938,
      276.9186096191406,
      718.9520263671875,
      313.63995361328125
    ],
    "bbox_3d": {
      "min": [
        1.0094345266676499,
        -0.07444214713492706,
        -0.10919288432735993
      ],
      "max": [
        1.06734198578543,
        0.1025585801532157,
        -0.06298389755279502
      ],
      "center": [
        1.0383882562265399,
        0.014058216509144322,
        -0.08608839094007747
      ],
      "size": [
        0.05790745911778017,
        0.17700072728814276,
        0.04620898677456492
      ]
    },
    "object_long_axis_waist": [
      -0.14825081370073107,
      -0.9879923292268689,
      0.043506937675936004
    ],
    "object_long_axis_yaw_waist_deg": 81.46628720359612,
    "object_angle_from_waist_x_deg": 81.46628720359612
  },
  "gripper": {
    "open_ok": true,
    "close_ok": null,
    "final_pos_pct": null,
    "backend": "modbus_rtu"
  },
  "ok": false
}