{
  "arm": "right",
  "pipeline_version": "accelerated",
  "motion_strategy": "qp_all",
  "dry_run": false,
  "motion": {
    "pre_cycle_move_ok": true,
    "detected_pose7": [
      0.41056533977338694,
      -0.24443432188108827,
      -0.06019428205823317,
      -0.4213108941781529,
      -0.48004737108013823,
      0.6397747102035201,
      0.4274809611548274
    ],
    "approach_pose7": [
      0.4561421204407219,
      -0.2627276799354404,
      0.07388341475467528,
      0.2064611995380852,
      0.3816567203583556,
      -0.7422237318655004,
      -0.5107013341927442
    ],
    "grasp_pose7": [
      0.4561421204407219,
      -0.2627276799354404,
      0.01388341475467528,
      0.2064611995380852,
      0.3816567203583556,
      -0.7422237318655004,
      -0.5107013341927442
    ],
    "lift_pose7": [
      0.4561421204407219,
      -0.2627276799354404,
      0.13388341475467527,
      0.3015745328508678,
      0.4450514947219519,
      -0.7089253107308527,
      -0.4565160150385761
    ],
    "pre_home_pose7": [
      0.2761421204407219,
      -0.3627276799354404,
      0.1838834147546753,
      0.3015745328508678,
      0.4450514947219519,
      -0.7089253107308527,
      -0.4565160150385761
    ],
    "grasp_xyz_offset_m": [
      0.0,
      0.0,
      -0.005
    ],
    "grasp_quat": [
      0.2064611995380852,
      0.3816567203583556,
      -0.7422237318655004,
      -0.5107013341927442
    ],
    "use_fixed_grasp_quat": true,
    "phase_backends": {
      "approach": "qp_stream",
      "grasp": "qp_stream",
      "lift": "qp_stream"
    },
    "joint_limits_used": {
      "shoulder_pitch": [
        -2.96,
        2.96
      ],
      "shoulder_roll": [
        -2.616,
        0.262
      ],
      "shoulder_yaw": [
        -2.96,
        2.96
      ],
      "elbow_pitch": [
        -2.61,
        0.261
      ],
      "elbow_yaw": [
        -2.96,
        2.96
      ],
      "wrist_pitch": [
        -0.785,
        1.05
      ],
      "wrist_roll": [
        -1.3,
        1.65
      ]
    },
    "approach_tcp_tracking": {
      "commanded_xyz": [
        0.4561421204407219,
        -0.2627276799354404,
        0.07388341475467528
      ],
      "achieved_xyz": [
        0.4565606656350406,
        -0.26424800077725247,
        0.09273907118766106
      ],
      "error_mm": [
        0.41854519431872017,
        -1.520320841812084,
        18.855656432985786
      ],
      "error_norm_mm": 18.921478141533594,
      "achieved_quat": [
        -0.21987027790846556,
        -0.39789980522748236,
        0.7393965306431536,
        0.4966141121285758
      ],
      "approach_axis_tilt_deg": 35.92074520413924,
      "commanded_approach_axis_tilt_deg": 38.56659491222707,
      "orientation_error_deg": 2.9217910749157068
    },
    "approach_joint_limits": {
      "closest": {
        "joint": "wrist_pitch",
        "value": -0.091,
        "lower": -0.785,
        "upper": 1.05,
        "dist_to_limit": 0.694,
        "nearest_side": "lower"
      },
      "breached": [],
      "margin_rad": 0.05
    },
    "compliant_insert": {
      "ok": true,
      "contact": true,
      "reason": "contact",
      "resist_n": 1.5534191729338998,
      "traveled_m": 0.03484376895415409,
      "planned_depth_m": 0.03860303201273163,
      "ft_topic": "/arm_6dof_right",
      "calib_path": "/home/ubuntu/cheng/compliant_grasp_execute/ft_calibration/ft_calibration_right.json",
      "calib_present": true,
      "commanded_m": 0.0753437689541541,
      "throttle_events": 0,
      "contact_kind": "force"
    },
    "grasp_tcp_tracking": {
      "commanded_xyz": [
        0.4561421204407219,
        -0.2627276799354404,
        0.01388341475467528
      ],
      "achieved_xyz": [
        0.4586473772975616,
        -0.2607713996864781,
        0.018208601943116576
      ],
      "error_mm": [
        2.5052568568397215,
        1.9562802489622722,
        4.325187188441295
      ],
      "error_norm_mm": 5.367549584892443,
      "achieved_quat": [
        -0.22552104089864677,
        -0.4180442001560759,
        0.7315051486703751,
        0.48916206342743923
      ],
      "approach_axis_tilt_deg": 33.28189029745791,
      "commanded_approach_axis_tilt_deg": 38.56659491222707,
      "orientation_error_deg": 5.455548197558565
    },
    "grasp_joint_limits": {
      "closest": {
        "joint": "wrist_pitch",
        "value": -0.1537,
        "lower": -0.785,
        "upper": 1.05,
        "dist_to_limit": 0.6313,
        "nearest_side": "lower"
      },
      "breached": [],
      "margin_rad": 0.05
    },
    "lift_joint_limits": {
      "closest": {
        "joint": "wrist_pitch",
        "value": -0.1131,
        "lower": -0.785,
        "upper": 1.05,
        "dist_to_limit": 0.6719,
        "nearest_side": "lower"
      },
      "breached": [],
      "margin_rad": 0.05
    },
    "retract_ok": null,
    "return_home_ok": true,
    "released_on_finish_ok": null,
    "approach_ok": true,
    "grasp_ok": true,
    "lift_ok": true
  },
  "detection": {
    "class_name": "remote control",
    "pose_head_roll_link": [
      0.8729444534692229,
      -0.19490453705048016,
      -0.19385689086247077,
      -0.30059285430157695,
      0.009657727099999618,
      0.9432794773241389,
      -0.1406218045297114
    ],
    "pose_tip_waist_yaw_link_rpy": {
      "x": 0.5814771998277227,
      "y": -0.1987072004588353,
      "z": -0.09333287676594038,
      "roll": -0.07398994736549987,
      "pitch": -0.03594461056472542,
      "yaw": -2.8676917802202273
    },
    "pose_tip_used_for_tcp_conversion_rpy": {
      "x": 0.5814771998277227,
      "y": -0.1987072004588353,
      "z": -0.09333287676594038,
      "roll": -1.384066673171109,
      "pitch": 0.12902356705793738,
      "yaw": 1.8565254758713194
    },
    "pose_tcp_waist_yaw_link_rpy": {
      "x": 0.41056533977338694,
      "y": -0.24443432188108827,
      "z": -0.06019428205823317,
      "roll": -1.384066673171109,
      "pitch": 0.12902356705793738,
      "yaw": 1.8565254758713194
    },
    "pose_tcp_waist_yaw_link_pose7": [
      0.41056533977338694,
      -0.24443432188108827,
      -0.06019428205823317,
      -0.4213108941781529,
      -0.48004737108013823,
      0.6397747102035201,
      0.4274809611548274
    ],
    "current_tcp_pose7": [
      -0.007835791538260722,
      -0.36712252146101276,
      0.0979959719639899,
      -0.4213108941781529,
      -0.48004737108013823,
      0.6397747102035201,
      0.4274809611548274
    ],
    "tcp_minus_tip_waist_m": [
      -0.17091186005433578,
      -0.045727121422252964,
      0.033138594707707206
    ],
    "tcp_to_tip_offset_m": [
      0.0,
      0.0,
      -0.18
    ],
    "orientation_policy": "current",
    "use_current_tcp_rotation": true,
    "rotation_source_arm": "right",
    "bbox_2d": [
      758.0993041992188,
      326.66064453125,
      859.340576171875,
      474.404296875
    ],
    "bbox_3d": {
      "min": [
        0.808571647190572,
        -0.24411148551548642,
        -0.24625450519916467
      ],
      "max": [
        0.9507050740630987,
        -0.1509966210295054,
        -0.13770880635088267
      ],
      "center": [
        0.8796383606268353,
        -0.19755405327249592,
        -0.19198165577502369
      ],
      "size": [
        0.14213342687252672,
        0.09311486448598102,
        0.108545698848282
      ]
    },
    "object_long_axis_waist": [
      -0.962101221309308,
      -0.270314226900692,
      0.03593687090188893
    ],
    "object_long_axis_yaw_waist_deg": 15.69336404902333,
    "object_angle_from_waist_x_deg": 15.693364049023328
  },
  "gripper": {
    "open_ok": true,
    "close_ok": true,
    "final_pos_pct": 52.0,
    "backend": "modbus_rtu"
  },
  "ok": true
}