{
  "arm": "right",
  "pipeline_version": "accelerated",
  "motion_strategy": "qp_all",
  "dry_run": false,
  "motion": {
    "pre_cycle_move_ok": true,
    "detected_pose7": [
      0.3846034275744563,
      -0.16235143449096218,
      -0.044266816689352145,
      -0.4126435872309789,
      -0.42357598878172015,
      0.6335774676820988,
      0.4988870053331483
    ],
    "approach_pose7": [
      0.35157863109288806,
      -0.19170392099026856,
      0.09737560338709145,
      0.19525136735604595,
      0.3477544774515055,
      -0.7355061258768953,
      -0.5476992475397291
    ],
    "grasp_pose7": [
      0.4317562572700816,
      -0.19170392099026856,
      0.015549108917165506,
      0.19525136735604595,
      0.3477544774515055,
      -0.7355061258768953,
      -0.5476992475397291
    ],
    "lift_pose7": [
      0.4317562572700816,
      -0.19170392099026856,
      0.1355491089171655,
      0.28958377880659497,
      0.41626848695217805,
      -0.7037283515028637,
      -0.4976225367823482
    ],
    "pre_home_pose7": [
      0.2517562572700816,
      -0.29170392099026854,
      0.18554910891716553,
      0.28958377880659497,
      0.41626848695217805,
      -0.7037283515028637,
      -0.4976225367823482
    ],
    "grasp_xyz_offset_m": [
      0.0,
      0.0,
      -0.005
    ],
    "grasp_quat": [
      0.19525136735604595,
      0.3477544774515055,
      -0.7355061258768953,
      -0.5476992475397291
    ],
    "use_fixed_grasp_quat": true,
    "phase_backends": {
      "approach": "qp_stream",
      "grasp": "qp_stream",
      "lift": "qp_stream"
    },
    "joint_limits_used": {
      "shoulder_pitch": [
        -2.96,
        2.96
      ],
      "shoulder_roll": [
        -2.616,
        0.262
      ],
      "shoulder_yaw": [
        -2.96,
        2.96
      ],
      "elbow_pitch": [
        -2.61,
        0.261
      ],
      "elbow_yaw": [
        -2.96,
        2.96
      ],
      "wrist_pitch": [
        -0.785,
        1.05
      ],
      "wrist_roll": [
        -1.3,
        1.65
      ]
    },
    "approach_tcp_tracking": {
      "commanded_xyz": [
        0.35157863109288806,
        -0.19170392099026856,
        0.09737560338709145
      ],
      "achieved_xyz": [
        0.347198582441503,
        -0.19439569759490852,
        0.11469730137822154
      ],
      "error_mm": [
        -4.380048651385082,
        -2.691776604639956,
        17.32169799113009
      ],
      "error_norm_mm": 18.068528129698542,
      "achieved_quat": [
        -0.2024693457273839,
        -0.3628772166620916,
        0.7369056191603802,
        0.5331945218380957
      ],
      "approach_axis_tilt_deg": 40.89331192847948,
      "commanded_approach_axis_tilt_deg": 42.991311994604416,
      "orientation_error_deg": 2.544764474191292
    },
    "approach_joint_limits": {
      "closest": {
        "joint": "wrist_pitch",
        "value": 0.414,
        "lower": -0.785,
        "upper": 1.05,
        "dist_to_limit": 0.636,
        "nearest_side": "upper"
      },
      "breached": [],
      "margin_rad": 0.05
    },
    "compliant_insert": {
      "ok": true,
      "contact": true,
      "reason": "stall_contact",
      "resist_n": -0.3511473477106047,
      "traveled_m": 0.009659907492419713,
      "planned_depth_m": 0.036482177477751364,
      "ft_topic": "/arm_6dof_right",
      "calib_path": "/home/ubuntu/cheng/compliant_grasp_execute/ft_calibration/ft_calibration_right.json",
      "calib_present": true,
      "commanded_m": 0.049900216717956455,
      "throttle_events": 0,
      "contact_kind": "stall"
    },
    "grasp_tcp_tracking": {
      "commanded_xyz": [
        0.4317562572700816,
        -0.19170392099026856,
        0.015549108917165506
      ],
      "achieved_xyz": [
        0.4337447100602613,
        -0.1896272337646046,
        0.04789926643258147
      ],
      "error_mm": [
        1.9884527901796734,
        2.0766872256639535,
        32.350157515415965
      ],
      "error_norm_mm": 32.477673340376974,
      "achieved_quat": [
        -0.2043538251749846,
        -0.3818038081628535,
        0.7330777294642835,
        0.5244639251389799
      ],
      "approach_axis_tilt_deg": 38.67710357781173,
      "commanded_approach_axis_tilt_deg": 42.991311994604416,
      "orientation_error_deg": 4.845821433930349
    },
    "grasp_joint_limits": {
      "closest": {
        "joint": "shoulder_roll",
        "value": -0.4709,
        "lower": -2.616,
        "upper": 0.262,
        "dist_to_limit": 0.7329,
        "nearest_side": "upper"
      },
      "breached": [],
      "margin_rad": 0.05
    },
    "lift_joint_limits": {
      "closest": {
        "joint": "shoulder_roll",
        "value": -0.4921,
        "lower": -2.616,
        "upper": 0.262,
        "dist_to_limit": 0.7541,
        "nearest_side": "upper"
      },
      "breached": [],
      "margin_rad": 0.05
    },
    "retract_ok": null,
    "return_home_ok": true,
    "released_on_finish_ok": null,
    "approach_ok": true,
    "grasp_ok": true,
    "lift_ok": true
  },
  "detection": {
    "class_name": "remote control",
    "pose_head_roll_link": [
      0.844993479664729,
      -0.13977600380904168,
      -0.21794208182319294,
      -0.3082431831287591,
      -0.010645610408133539,
      0.9450362263823029,
      -0.1085326764563795
    ],
    "pose_tip_waist_yaw_link_rpy": {
      "x": 0.5453412276877725,
      "y": -0.1410995036854735,
      "z": -0.09537175824856292,
      "roll": -0.08949953509104439,
      "pitch": -0.023021835645040012,
      "yaw": -2.939015931443499
    },
    "pose_tip_used_for_tcp_conversion_rpy": {
      "x": 0.5453412276877725,
      "y": -0.1410995036854735,
      "z": -0.09537175824856292,
      "roll": -1.2638601740077158,
      "pitch": 0.10041892998828739,
      "yaw": 1.734012679503493
    },
    "pose_tcp_waist_yaw_link_rpy": {
      "x": 0.3846034275744563,
      "y": -0.16235143449096218,
      "z": -0.044266816689352145,
      "roll": -1.2638601740077158,
      "pitch": 0.10041892998828739,
      "yaw": 1.734012679503493
    },
    "pose_tcp_waist_yaw_link_pose7": [
      0.3846034275744563,
      -0.16235143449096218,
      -0.044266816689352145,
      -0.4126435872309789,
      -0.42357598878172015,
      0.6335774676820988,
      0.4988870053331483
    ],
    "current_tcp_pose7": [
      -0.09637158298303455,
      -0.26777784173591623,
      0.1360726685859812,
      -0.4126435872309789,
      -0.42357598878172015,
      0.6335774676820988,
      0.4988870053331483
    ],
    "tcp_minus_tip_waist_m": [
      -0.16073780011331618,
      -0.021251930805488678,
      0.051104941559210776
    ],
    "tcp_to_tip_offset_m": [
      0.0,
      0.0,
      -0.17
    ],
    "orientation_policy": "current",
    "use_current_tcp_rotation": true,
    "rotation_source_arm": "right",
    "bbox_2d": [
      725.1654052734375,
      348.7386169433594,
      810.515625,
      506.1268615722656
    ],
    "bbox_3d": {
      "min": [
        0.7795056338186236,
        -0.18016702796301912,
        -0.2758806005627237
      ],
      "max": [
        0.923075885959152,
        -0.1015221513285785,
        -0.1605695210533034
      ],
      "center": [
        0.8512907598888878,
        -0.14084458964579882,
        -0.21822506080801354
      ],
      "size": [
        0.14357025214052843,
        0.07864487663444061,
        0.11531107950942027
      ]
    },
    "object_long_axis_waist": [
      -0.9792918371039551,
      -0.20114071316754087,
      0.023019802084584488
    ],
    "object_long_axis_yaw_waist_deg": 11.606791206577014,
    "object_angle_from_waist_x_deg": 11.606791206577014
  },
  "gripper": {
    "open_ok": true,
    "close_ok": true,
    "final_pos_pct": 79.0,
    "backend": "modbus_rtu"
  },
  "ok": true
}