{
  "arm": "right",
  "pipeline_version": "accelerated",
  "motion_strategy": "qp_all",
  "dry_run": false,
  "motion": {
    "pre_cycle_move_ok": true,
    "detected_pose7": [
      0.2551132060461372,
      -0.23589736250350268,
      -0.0690650417686969,
      -0.4212664764629124,
      -0.47974162999947306,
      0.6399970569878483,
      0.4275351345806143
    ],
    "approach_pose7": [
      0.2994207484081364,
      -0.23567504771278036,
      0.13229035240894857,
      0.21483870034813035,
      0.3486914304092532,
      -0.7129352238109541,
      -0.5691941547850786
    ],
    "grasp_pose7": [
      0.2994207484081364,
      -0.23567504771278036,
      0.012290352408948563,
      0.21483870034813035,
      0.3486914304092532,
      -0.7129352238109541,
      -0.5691941547850786
    ],
    "lift_pose7": [
      0.2994207484081364,
      -0.23567504771278036,
      0.13229035240894857,
      0.30605744554797576,
      0.4200030725423447,
      -0.6787938866418117,
      -0.5188112552145925
    ],
    "pre_home_pose7": [
      0.11942074840813638,
      -0.33567504771278034,
      0.18229035240894859,
      0.30605744554797576,
      0.4200030725423447,
      -0.6787938866418117,
      -0.5188112552145925
    ],
    "grasp_xyz_offset_m": [
      0.0,
      0.0,
      -0.005
    ],
    "grasp_quat": [
      0.21483870034813035,
      0.3486914304092532,
      -0.7129352238109541,
      -0.5691941547850786
    ],
    "use_fixed_grasp_quat": true,
    "phase_backends": {
      "approach": "qp_stream",
      "grasp": "qp_stream",
      "lift": "qp_stream"
    },
    "joint_limits_used": {
      "shoulder_pitch": [
        -2.96,
        2.96
      ],
      "shoulder_roll": [
        -2.616,
        0.262
      ],
      "shoulder_yaw": [
        -2.96,
        2.96
      ],
      "elbow_pitch": [
        -2.61,
        0.261
      ],
      "elbow_yaw": [
        -2.96,
        2.96
      ],
      "wrist_pitch": [
        -0.785,
        1.05
      ],
      "wrist_roll": [
        -1.3,
        1.65
      ]
    },
    "approach_tcp_tracking": {
      "commanded_xyz": [
        0.2994207484081364,
        -0.23567504771278036,
        0.13229035240894857
      ],
      "achieved_xyz": [
        0.29406269641118865,
        -0.2544403431559233,
        0.13337684002960748
      ],
      "error_mm": [
        -5.358051996947721,
        -18.765295443142925,
        1.0864876206589102
      ],
      "error_norm_mm": 19.545472356028675,
      "achieved_quat": [
        -0.2238595414104923,
        -0.32107659177661957,
        0.7335483381981835,
        0.5556109821262332
      ],
      "approach_axis_tilt_deg": 43.91523952621974,
      "commanded_approach_axis_tilt_deg": 41.64529989231263,
      "orientation_error_deg": 4.368830810429816
    },
    "approach_joint_limits": {
      "closest": {
        "joint": "elbow_pitch",
        "value": -2.1398,
        "lower": -2.61,
        "upper": 0.261,
        "dist_to_limit": 0.4702,
        "nearest_side": "lower"
      },
      "breached": [],
      "margin_rad": 0.05
    },
    "compliant_insert": {
      "ok": true,
      "contact": true,
      "reason": "contact",
      "resist_n": 1.508820624308746,
      "traveled_m": 0.029038940413928165,
      "planned_depth_m": 0.038953797967429246,
      "ft_topic": "/arm_6dof_right",
      "calib_path": "/home/ubuntu/cheng/compliant_grasp_execute/ft_calibration/ft_calibration_right.json",
      "calib_present": true,
      "commanded_m": 0.06895379796742925,
      "throttle_events": 0,
      "contact_kind": "force"
    },
    "grasp_tcp_tracking": {
      "commanded_xyz": [
        0.2994207484081364,
        -0.23567504771278036,
        0.012290352408948563
      ],
      "achieved_xyz": [
        0.2998134890309048,
        -0.23394133391811633,
        0.02268379347511884
      ],
      "error_mm": [
        0.39274062276845045,
        1.7337137946640269,
        10.393441066170277
      ],
      "error_norm_mm": 10.544364652008941,
      "achieved_quat": [
        -0.2382215270723496,
        -0.333775693734229,
        0.7268069826244167,
        0.550995372321713
      ],
      "approach_axis_tilt_deg": 41.58179536345949,
      "commanded_approach_axis_tilt_deg": 41.64529989231263,
      "orientation_error_deg": 4.120513095033531
    },
    "grasp_joint_limits": {
      "closest": {
        "joint": "wrist_pitch",
        "value": 0.298,
        "lower": -0.785,
        "upper": 1.05,
        "dist_to_limit": 0.752,
        "nearest_side": "upper"
      },
      "breached": [],
      "margin_rad": 0.05
    },
    "lift_joint_limits": {
      "closest": {
        "joint": "elbow_pitch",
        "value": -2.0761,
        "lower": -2.61,
        "upper": 0.261,
        "dist_to_limit": 0.5339,
        "nearest_side": "lower"
      },
      "breached": [],
      "margin_rad": 0.05
    },
    "retract_ok": null,
    "return_home_ok": true,
    "released_on_finish_ok": null,
    "approach_ok": true,
    "grasp_ok": true,
    "lift_ok": true
  },
  "detection": {
    "class_name": "remote control",
    "pose_head_roll_link": [
      0.7550785039724898,
      -0.1878269045004316,
      -0.2977088770941281,
      -0.31761883622175635,
      -0.018399213167650034,
      0.9451255463359579,
      -0.07427950925460938
    ],
    "pose_tip_waist_yaw_link_rpy": {
      "x": 0.4260108607424121,
      "y": -0.190203638325579,
      "z": -0.10232275050012651,
      "roll": -0.0781174027430882,
      "pitch": -0.008722417327334364,
      "yaw": -3.00863570650854
    },
    "pose_tip_used_for_tcp_conversion_rpy": {
      "x": 0.4260108607424121,
      "y": -0.190203638325579,
      "z": -0.10232275050012651,
      "roll": -1.3833790883180768,
      "pitch": 0.12936634208725728,
      "yaw": 1.8565198630242776
    },
    "pose_tcp_waist_yaw_link_rpy": {
      "x": 0.2551132060461372,
      "y": -0.23589736250350268,
      "z": -0.0690650417686969,
      "roll": -1.3833790883180768,
      "pitch": 0.12936634208725728,
      "yaw": 1.8565198630242776
    },
    "pose_tcp_waist_yaw_link_pose7": [
      0.2551132060461372,
      -0.23589736250350268,
      -0.0690650417686969,
      -0.4212664764629124,
      -0.47974162999947306,
      0.6399970569878483,
      0.4275351345806143
    ],
    "current_tcp_pose7": [
      -0.007798342012963921,
      -0.3671722157213343,
      0.0979449528821631,
      -0.4212664764629124,
      -0.47974162999947306,
      0.6399970569878483,
      0.4275351345806143
    ],
    "tcp_minus_tip_waist_m": [
      -0.17089765469627494,
      -0.045693724177923695,
      0.03325770873142961
    ],
    "tcp_to_tip_offset_m": [
      0.0,
      0.0,
      -0.18
    ],
    "orientation_policy": "current",
    "use_current_tcp_rotation": true,
    "rotation_source_arm": "right",
    "bbox_2d": [
      778.5064086914062,
      429.3050537109375,
      865.9948120117188,
      615.7882080078125
    ],
    "bbox_3d": {
      "min": [
        0.6945592174426014,
        -0.2249805317874748,
        -0.354634987387347
      ],
      "max": [
        0.8326632557202047,
        -0.15641525221780167,
        -0.24104077814225824
      ],
      "center": [
        0.7636112365814031,
        -0.19069789200263823,
        -0.2978378827648026
      ],
      "size": [
        0.1381040382776033,
        0.06856527956967312,
        0.11359420924508876
      ]
    },
    "object_long_axis_waist": [
      -0.9911365337898204,
      -0.1325605248649358,
      0.008722306726683778
    ],
    "object_long_axis_yaw_waist_deg": 7.61787192470004,
    "object_angle_from_waist_x_deg": 7.617871924700038
  },
  "gripper": {
    "open_ok": true,
    "close_ok": true,
    "final_pos_pct": 52.0,
    "backend": "modbus_rtu"
  },
  "ok": true
}