{
  "arm": "right",
  "pipeline_version": "accelerated",
  "motion_strategy": "qp_all",
  "dry_run": false,
  "motion": {
    "detected_pose7": [
      0.44410747636952297,
      -0.10956688166610985,
      -0.3234891362831653,
      0.7089941938956169,
      0.48836528385447525,
      -0.3355926746768098,
      -0.382366498599586
    ],
    "approach_pose7": [
      0.447471948331131,
      -0.23814879450062282,
      0.06802367901287136,
      0.20260497937420524,
      0.3435221905128592,
      -0.7236884522132818,
      -0.563221760136422
    ],
    "grasp_pose7": [
      0.5290964419440737,
      -0.23814879450062282,
      -0.013802815457054585,
      0.20260497937420524,
      0.3435221905128592,
      -0.7236884522132818,
      -0.563221760136422
    ],
    "lift_pose7": [
      0.5290964419440737,
      -0.23814879450062282,
      0.10619718454294541,
      0.29533196371032505,
      0.41409850227793177,
      -0.6910519406998874,
      -0.5135646764304338
    ],
    "pre_home_pose7": [
      0.3490964419440737,
      -0.33814879450062285,
      0.1561971845429454,
      0.29533196371032505,
      0.41409850227793177,
      -0.6910519406998874,
      -0.5135646764304338
    ],
    "grasp_xyz_offset_m": [
      0.04,
      0.0,
      0.0
    ],
    "grasp_quat": [
      0.20260497937420524,
      0.3435221905128592,
      -0.7236884522132818,
      -0.563221760136422
    ],
    "use_fixed_grasp_quat": true,
    "phase_backends": {
      "approach": "qp_stream",
      "grasp": "qp_stream",
      "lift": "qp_stream"
    },
    "joint_limits_used": {
      "shoulder_pitch": [
        -2.96,
        2.96
      ],
      "shoulder_roll": [
        -2.616,
        0.262
      ],
      "shoulder_yaw": [
        -2.96,
        2.96
      ],
      "elbow_pitch": [
        -2.61,
        0.261
      ],
      "elbow_yaw": [
        -2.96,
        2.96
      ],
      "wrist_pitch": [
        -0.785,
        1.05
      ],
      "wrist_roll": [
        -1.3,
        1.65
      ]
    },
    "approach_tcp_tracking": {
      "commanded_xyz": [
        0.447471948331131,
        -0.23814879450062282,
        0.06802367901287136
      ],
      "achieved_xyz": [
        0.4380685847538091,
        -0.22142411469400974,
        0.07015228155420783
      ],
      "error_mm": [
        -9.40336357732191,
        16.724679806613075,
        2.128602541336469
      ],
      "error_norm_mm": 19.304639597257946,
      "achieved_quat": [
        -0.18463046618342766,
        -0.3454823055893743,
        0.7489658953778174,
        0.5344189882876957
      ],
      "approach_axis_tilt_deg": 43.87657159652742,
      "commanded_approach_axis_tilt_deg": 42.991311994604416,
      "orientation_error_deg": 4.855955305558492
    },
    "approach_joint_limits": {
      "closest": {
        "joint": "shoulder_roll",
        "value": -0.525,
        "lower": -2.616,
        "upper": 0.262,
        "dist_to_limit": 0.787,
        "nearest_side": "upper"
      },
      "breached": [],
      "margin_rad": 0.05
    },
    "compliant_insert": {
      "ok": true,
      "contact": true,
      "reason": "stall_contact",
      "resist_n": 0.30289990800651345,
      "traveled_m": 0.010002916947073478,
      "planned_depth_m": 0.0362045919151258,
      "ft_topic": "/arm_6dof_right",
      "calib_path": "/home/ubuntu/niu/compliant_grasp_execute/ft_calibration/ft_calibration_right.json",
      "calib_present": true,
      "commanded_m": 0.05050291694707348,
      "throttle_events": 0,
      "contact_kind": "stall"
    },
    "grasp_tcp_tracking": {
      "commanded_xyz": [
        0.5290964419440737,
        -0.23814879450062282,
        -0.013802815457054585
      ],
      "achieved_xyz": [
        0.5077151389064839,
        -0.2393374303733291,
        0.0035249058891468343
      ],
      "error_mm": [
        -21.38130303758978,
        -1.1886358727062896,
        17.327721346201418
      ],
      "error_norm_mm": 27.54674031305219,
      "achieved_quat": [
        -0.17765984416621447,
        -0.362969532744697,
        0.7421779519866907,
        0.5346606266172722
      ],
      "approach_axis_tilt_deg": 42.328489108597594,
      "commanded_approach_axis_tilt_deg": 42.991311994604416,
      "orientation_error_deg": 5.323819566093984
    },
    "grasp_joint_limits": {
      "closest": {
        "joint": "shoulder_roll",
        "value": -0.2317,
        "lower": -2.616,
        "upper": 0.262,
        "dist_to_limit": 0.4937,
        "nearest_side": "upper"
      },
      "breached": [],
      "margin_rad": 0.05
    },
    "lift_joint_limits": {
      "closest": {
        "joint": "shoulder_roll",
        "value": -0.3931,
        "lower": -2.616,
        "upper": 0.262,
        "dist_to_limit": 0.6551,
        "nearest_side": "upper"
      },
      "breached": [],
      "margin_rad": 0.05
    },
    "retract_ok": null,
    "return_home_ok": true,
    "released_on_finish_ok": null,
    "approach_ok": true,
    "grasp_ok": true,
    "lift_ok": true
  },
  "detection": {
    "class_name": "remote control",
    "pose_head_roll_link": [
      1.004106484357209,
      -0.16930817043497629,
      -0.21979042724629977,
      -0.31510484014167817,
      0.004122922382101751,
      0.9455005730205032,
      -0.08197931231852859
    ],
    "pose_tip_waist_yaw_link_rpy": {
      "x": 0.6700307361194299,
      "y": -0.1665993115755669,
      "z": -0.19518487819872377,
      "roll": -0.048685790010892654,
      "pitch": -0.01422459136840759,
      "yaw": -2.9815652318699395
    },
    "pose_tip_used_for_tcp_conversion_rpy": {
      "x": 0.6700307361194299,
      "y": -0.1665993115755669,
      "z": -0.19518487819872377,
      "roll": -2.077040183959766,
      "pitch": 0.10257726179598192,
      "yaw": 1.2668088736405871
    },
    "pose_tcp_waist_yaw_link_rpy": {
      "x": 0.44410747636952297,
      "y": -0.10956688166610985,
      "z": -0.3234891362831653,
      "roll": -2.077040183959766,
      "pitch": 0.10257726179598192,
      "yaw": 1.2668088736405871
    },
    "pose_tcp_waist_yaw_link_pose7": [
      0.44410747636952297,
      -0.10956688166610985,
      -0.3234891362831653,
      0.7089941938956169,
      0.48836528385447525,
      -0.3355926746768098,
      -0.382366498599586
    ],
    "current_tcp_pose7": [
      0.11445910816090477,
      -0.2619732296231205,
      0.1417258640330501,
      0.7089941938956169,
      0.48836528385447525,
      -0.3355926746768098,
      -0.382366498599586
    ],
    "tcp_minus_tip_waist_m": [
      -0.2259232597499069,
      0.05703242990945705,
      -0.1283042580844415
    ],
    "tcp_to_tip_offset_m": [
      0.0,
      0.0,
      -0.266
    ],
    "orientation_policy": "current",
    "use_current_tcp_rotation": true,
    "rotation_source_arm": "right",
    "bbox_2d": [
      736.2164916992188,
      324.3311767578125,
      802.2318115234375,
      453.2547912597656
    ],
    "bbox_3d": {
      "min": [
        0.9376551910336881,
        -0.2048570142924442,
        -0.27786977963714554
      ],
      "max": [
        1.0824357816232633,
        -0.1351069222750054,
        -0.16545208215975807
      ],
      "center": [
        1.0100454863284756,
        -0.1699819682837248,
        -0.2216609308984518
      ],
      "size": [
        0.14478059058957515,
        0.06975009201743881,
        0.11241769747738747
      ]
    },
    "object_long_axis_waist": [
      -0.9871230390608728,
      -0.15932915741408837,
      0.014224111674996166
    ],
    "object_long_axis_yaw_waist_deg": 9.168895870907761,
    "object_angle_from_waist_x_deg": 9.16889587090779
  },
  "gripper": {
    "open_ok": true,
    "close_ok": true,
    "final_pos_pct": 84.0,
    "backend": "modbus_rtu"
  },
  "ok": true
}