{
  "arm": "right",
  "pipeline_version": "accelerated",
  "motion_strategy": "qp_all",
  "dry_run": false,
  "motion": {
    "detected_pose7": [
      0.35563755089198446,
      -0.037198707677063035,
      -0.26744999915617307,
      0.6942913627633182,
      0.5072107978473503,
      -0.34332289768877905,
      -0.37792340237393224
    ],
    "approach_pose7": [
      0.37038316455714704,
      -0.19309909776494671,
      0.1087086275065407,
      0.18751362620511242,
      0.38596852406877885,
      -0.7643888655603799,
      -0.48122406488339026
    ],
    "grasp_pose7": [
      0.4493601253766973,
      -0.19309909776494671,
      0.032900562286802014,
      0.18751362620511242,
      0.38596852406877885,
      -0.7643888655603799,
      -0.48122406488339026
    ],
    "lift_pose7": [
      0.4493601253766973,
      -0.19309909776494671,
      0.15290056228680202,
      0.2856821891356295,
      0.4454788546339086,
      -0.7333739732332676,
      -0.4267281245345634
    ],
    "pre_home_pose7": [
      0.2693601253766973,
      -0.2930990977649467,
      0.20290056228680203,
      0.2856821891356295,
      0.4454788546339086,
      -0.7333739732332676,
      -0.4267281245345634
    ],
    "grasp_xyz_offset_m": [
      0.04,
      0.0,
      0.005
    ],
    "grasp_quat": [
      0.18751362620511242,
      0.38596852406877885,
      -0.7643888655603799,
      -0.48122406488339026
    ],
    "use_fixed_grasp_quat": true,
    "phase_backends": {
      "approach": "qp_stream",
      "grasp": "qp_stream",
      "lift": "qp_stream"
    },
    "joint_limits_used": {
      "shoulder_pitch": [
        -2.96,
        2.96
      ],
      "shoulder_roll": [
        -2.616,
        0.262
      ],
      "shoulder_yaw": [
        -2.96,
        2.96
      ],
      "elbow_pitch": [
        -2.61,
        0.261
      ],
      "elbow_yaw": [
        -2.96,
        2.96
      ],
      "wrist_pitch": [
        -0.785,
        1.05
      ],
      "wrist_roll": [
        -1.3,
        1.65
      ]
    },
    "approach_tcp_tracking": {
      "commanded_xyz": [
        0.37038316455714704,
        -0.19309909776494671,
        0.1087086275065407
      ],
      "achieved_xyz": [
        0.3660209956334673,
        -0.17498383671410633,
        0.11518741561044332
      ],
      "error_mm": [
        -4.362168923679743,
        18.11526105084038,
        6.478788103902621
      ],
      "error_norm_mm": 19.727288104402035,
      "achieved_quat": [
        -0.16417826830431767,
        -0.39556838801465277,
        0.776186097689121,
        0.4627162071661409
      ],
      "approach_axis_tilt_deg": 39.28233760959098,
      "commanded_approach_axis_tilt_deg": 39.178160986352225,
      "orientation_error_deg": 3.8324256537682055
    },
    "approach_joint_limits": {
      "closest": {
        "joint": "wrist_pitch",
        "value": 0.3641,
        "lower": -0.785,
        "upper": 1.05,
        "dist_to_limit": 0.6859,
        "nearest_side": "upper"
      },
      "breached": [],
      "margin_rad": 0.05
    },
    "compliant_insert": {
      "ok": true,
      "contact": false,
      "reason": "reached_depth_no_contact",
      "resist_n": 0.05779435106489286,
      "traveled_m": 0.05096123485747826,
      "planned_depth_m": 0.03872234205578907,
      "ft_topic": "/arm_6dof_right",
      "calib_path": "/home/ubuntu/niu/compliant_grasp_execute/ft_calibration/ft_calibration_right.json",
      "calib_present": true,
      "commanded_m": 0.058722342055789065,
      "throttle_events": 0
    },
    "grasp_tcp_tracking": {
      "commanded_xyz": [
        0.4493601253766973,
        -0.19309909776494671,
        0.032900562286802014
      ],
      "achieved_xyz": [
        0.46683606264572186,
        -0.19442446505885297,
        0.03366345993158443
      ],
      "error_mm": [
        17.475937269024577,
        -1.3253672939062544,
        0.7628976447824134
      ],
      "error_norm_mm": 17.542719136754517,
      "achieved_quat": [
        -0.16391176632814747,
        -0.4063607550351611,
        0.7818573332165466,
        0.4435120969285398
      ],
      "approach_axis_tilt_deg": 38.02518096215844,
      "commanded_approach_axis_tilt_deg": 39.178160986352225,
      "orientation_error_deg": 5.9552766715142775
    },
    "grasp_joint_limits": {
      "closest": {
        "joint": "wrist_pitch",
        "value": -0.1352,
        "lower": -0.785,
        "upper": 1.05,
        "dist_to_limit": 0.6498,
        "nearest_side": "lower"
      },
      "breached": [],
      "margin_rad": 0.05
    },
    "lift_joint_limits": {
      "closest": {
        "joint": "shoulder_roll",
        "value": -0.48,
        "lower": -2.616,
        "upper": 0.262,
        "dist_to_limit": 0.742,
        "nearest_side": "upper"
      },
      "breached": [],
      "margin_rad": 0.05
    },
    "retract_ok": null,
    "return_home_ok": true,
    "released_on_finish_ok": null,
    "approach_ok": true,
    "grasp_ok": true,
    "lift_ok": true
  },
  "detection": {
    "class_name": "remote control",
    "pose_head_roll_link": [
      0.9031481389423667,
      -0.08450975439545363,
      -0.22900066443932424,
      -0.3380334814241096,
      0.09458098122823523,
      0.9195301802757396,
      -0.17678249627230136
    ],
    "pose_tip_waist_yaw_link_rpy": {
      "x": 0.5844257218600337,
      "y": -0.0841487042185891,
      "z": -0.14014064895028544,
      "roll": 0.06946904610913511,
      "pitch": 0.02945539778346018,
      "yaw": -2.743694093839605
    },
    "pose_tip_used_for_tcp_conversion_rpy": {
      "x": 0.5844257218600337,
      "y": -0.0841487042185891,
      "z": -0.14014064895028544,
      "roll": -2.0722560320668757,
      "pitch": 0.09349473498477501,
      "yaw": 1.3172601296522324
    },
    "pose_tcp_waist_yaw_link_rpy": {
      "x": 0.35563755089198446,
      "y": -0.037198707677063035,
      "z": -0.26744999915617307,
      "roll": -2.0722560320668757,
      "pitch": 0.09349473498477501,
      "yaw": 1.3172601296522324
    },
    "pose_tcp_waist_yaw_link_pose7": [
      0.35563755089198446,
      -0.037198707677063035,
      -0.26744999915617307,
      0.6942913627633182,
      0.5072107978473503,
      -0.34332289768877905,
      -0.37792340237393224
    ],
    "current_tcp_pose7": [
      0.11564396090429742,
      -0.25777859383946067,
      0.14131391544191932,
      0.6942913627633182,
      0.5072107978473503,
      -0.34332289768877905,
      -0.37792340237393224
    ],
    "tcp_minus_tip_waist_m": [
      -0.22878817096804926,
      0.04694999654152606,
      -0.12730935020588763
    ],
    "tcp_to_tip_offset_m": [
      0.0,
      0.0,
      -0.266
    ],
    "orientation_policy": "current",
    "use_current_tcp_rotation": true,
    "rotation_source_arm": "right",
    "bbox_2d": [
      665.6630859375,
      347.786376953125,
      765.1114501953125,
      493.7301330566406
    ],
    "bbox_3d": {
      "min": [
        0.842682190078459,
        -0.14055587163721292,
        -0.2840870507063352
      ],
      "max": [
        0.9785032221212432,
        -0.0324085693157355,
        -0.17067815067366238
      ],
      "center": [
        0.9105927060998511,
        -0.0864822204764742,
        -0.2273826006899988
      ],
      "size": [
        0.13582103204278417,
        0.10814730232147743,
        0.11340890003267284
      ]
    },
    "object_long_axis_waist": [
      -0.9214774081652192,
      -0.3873138477711011,
      -0.029451138617275805
    ],
    "object_long_axis_yaw_waist_deg": 22.797908148019786,
    "object_angle_from_waist_x_deg": 22.797908148019786
  },
  "gripper": {
    "open_ok": true,
    "close_ok": true,
    "final_pos_pct": 90.0,
    "backend": "modbus_rtu"
  },
  "ok": true
}