{
  "arm": "left",
  "pipeline_version": "accelerated",
  "motion_strategy": "qp_all",
  "dry_run": false,
  "motion": {
    "detected_pose7": [
      0.40243027094915584,
      0.2545125497747694,
      -0.26973801851430856,
      0.694731389243785,
      0.5068661554603326,
      -0.3430317855941885,
      -0.3778414896756644
    ],
    "approach_pose7": [
      0.45013802226546584,
      0.425062335811922,
      -0.11797770741620509,
      -0.07065051081746891,
      0.6855605819288139,
      0.633198048534794,
      -0.35224341748056226
    ],
    "grasp_pose7": [
      0.5188308145485481,
      0.425062335811922,
      -0.12398135393460274,
      -0.07065051081746891,
      0.6855605819288139,
      0.633198048534794,
      -0.35224341748056226
    ],
    "lift_pose7": [
      0.5188308145485481,
      0.425062335811922,
      -0.003981353934602749,
      -0.1526950160998284,
      0.7256725081320774,
      0.6185592092963402,
      -0.25974631391852254
    ],
    "pre_home_pose7": [
      0.3388308145485481,
      0.325062335811922,
      0.04601864606539725,
      -0.1526950160998284,
      0.7256725081320774,
      0.6185592092963402,
      -0.25974631391852254
    ],
    "grasp_xyz_offset_m": [
      0.04,
      0.0,
      0.005
    ],
    "grasp_quat": [
      -0.07065051081746891,
      0.6855605819288139,
      0.633198048534794,
      -0.35224341748056226
    ],
    "use_fixed_grasp_quat": true,
    "phase_backends": {
      "approach": "qp_stream",
      "grasp": "qp_stream",
      "lift": "qp_stream"
    },
    "joint_limits_used": {
      "shoulder_pitch": [
        -2.96,
        2.96
      ],
      "shoulder_roll": [
        -0.262,
        2.616
      ],
      "shoulder_yaw": [
        -2.96,
        2.96
      ],
      "elbow_pitch": [
        -2.61,
        0.261
      ],
      "elbow_yaw": [
        -2.96,
        2.96
      ],
      "wrist_pitch": [
        -0.785,
        1.05
      ],
      "wrist_roll": [
        -1.65,
        1.3
      ]
    },
    "elbow_high_proactive_used": true,
    "elbow_high_orientation": "seed",
    "grasp_reach_retry_used": true,
    "grasp_reach_retry_yaw_scale": 0.5,
    "approach_tcp_tracking": {
      "commanded_xyz": [
        0.45013802226546584,
        0.425062335811922,
        -0.11797770741620509
      ],
      "achieved_xyz": [
        0.2689142175117344,
        0.19029186491889064,
        -0.07326801303756836
      ],
      "error_mm": [
        -181.22380475373146,
        -234.77047089303136,
        44.709694378636726
      ],
      "error_norm_mm": 299.93032221531945,
      "achieved_quat": [
        -0.13740379529407581,
        0.5938495946518216,
        0.6395062112766379,
        -0.4685025738555244
      ],
      "approach_axis_tilt_deg": 14.88772264581373,
      "commanded_approach_axis_tilt_deg": 2.8677272486555254,
      "orientation_error_deg": 18.647563354588836
    },
    "approach_joint_limits": {
      "closest": {
        "joint": "wrist_pitch",
        "value": -0.2688,
        "lower": -0.785,
        "upper": 1.05,
        "dist_to_limit": 0.5162,
        "nearest_side": "lower"
      },
      "breached": [],
      "margin_rad": 0.05
    },
    "lift_joint_limits": {
      "closest": {
        "joint": "wrist_pitch",
        "value": -0.2688,
        "lower": -0.785,
        "upper": 1.05,
        "dist_to_limit": 0.5162,
        "nearest_side": "lower"
      },
      "breached": [],
      "margin_rad": 0.05
    },
    "retract_ok": null,
    "return_home_ok": true,
    "released_on_finish_ok": null,
    "approach_ok": false,
    "grasp_ok": false,
    "lift_ok": true
  },
  "detection": {
    "class_name": "remote control",
    "pose_head_roll_link": [
      0.9412496176047999,
      0.2070417301240605,
      -0.2027110671706707,
      0.5195311484105359,
      0.7802323393225825,
      0.20779601110192342,
      0.2795455245153635
    ],
    "pose_tip_waist_yaw_link_rpy": {
      "x": 0.6310998374427137,
      "y": 0.20736291093753342,
      "z": -0.14228943705038422,
      "roll": 3.082425621770883,
      "pitch": -0.014723972475117808,
      "yaw": 1.9534843300242906
    },
    "pose_tip_used_for_tcp_conversion_rpy": {
      "x": 0.6310998374427137,
      "y": 0.20736291093753342,
      "z": -0.14228943705038422,
      "roll": -2.0728681528233026,
      "pitch": 0.09373698304150713,
      "yaw": 1.316114181026081
    },
    "pose_tcp_waist_yaw_link_rpy": {
      "x": 0.40243027094915584,
      "y": 0.2545125497747694,
      "z": -0.26973801851430856,
      "roll": -2.0728681528233026,
      "pitch": 0.09373698304150713,
      "yaw": 1.316114181026081
    },
    "pose_tcp_waist_yaw_link_pose7": [
      0.40243027094915584,
      0.2545125497747694,
      -0.26973801851430856,
      0.694731389243785,
      0.5068661554603326,
      -0.3430317855941885,
      -0.3778414896756644
    ],
    "current_tcp_pose7": [
      0.11560550441852825,
      -0.25787465202872706,
      0.14135645364589616,
      0.694731389243785,
      0.5068661554603326,
      -0.3430317855941885,
      -0.3778414896756644
    ],
    "tcp_minus_tip_waist_m": [
      -0.22866956649355785,
      0.04714963883723597,
      -0.12744858146392435
    ],
    "tcp_to_tip_offset_m": [
      0.0,
      0.0,
      -0.266
    ],
    "orientation_policy": "current",
    "use_current_tcp_rotation": true,
    "rotation_source_arm": "right",
    "bbox_2d": [
      413.70758056640625,
      359.1321105957031,
      582.008544921875,
      431.7637634277344
    ],
    "bbox_3d": {
      "min": [
        0.9056420844612806,
        0.11791617902465423,
        -0.23719949080074146
      ],
      "max": [
        0.9951480136899155,
        0.2935265231912348,
        -0.1728581375693412
      ],
      "center": [
        0.950395049075598,
        0.2057213511079445,
        -0.20502881418504132
      ],
      "size": [
        0.08950592922863487,
        0.17561034416658056,
        0.06434135323140025
      ]
    },
    "object_long_axis_waist": [
      -0.373374903299367,
      0.9275636915527853,
      0.014723440466052545
    ],
    "object_long_axis_yaw_waist_deg": -68.0735925446669,
    "object_angle_from_waist_x_deg": 68.0735925446669
  },
  "gripper": {
    "open_ok": false,
    "close_ok": null,
    "final_pos_pct": null,
    "backend": "modbus_rtu"
  },
  "ok": false
}