{
  "arm": "right",
  "pipeline_version": "accelerated",
  "motion_strategy": "qp_all",
  "dry_run": false,
  "motion": {
    "detected_pose7": [
      0.4301217945249703,
      -0.30800387395423634,
      -0.22167493393039955,
      0.7095547626520738,
      0.48793126257656777,
      -0.33518820973163865,
      -0.3822355109812466
    ],
    "approach_pose7": [
      0.3304278861264581,
      -0.4060181574448818,
      0.016160299656754196,
      0.3819473213993102,
      0.46096932918943884,
      -0.6029936812656025,
      -0.5272780495870162
    ],
    "grasp_pose7": [
      0.44403688537314984,
      -0.4060181574448818,
      -0.01782934543665321,
      0.3819473213993102,
      0.46096932918943884,
      -0.6029936812656025,
      -0.5272780495870162
    ],
    "lift_pose7": [
      0.44403688537314984,
      -0.4060181574448818,
      0.10217065456334679,
      0.45738617826518785,
      0.5258492687296104,
      -0.5479808572407587,
      -0.46259854150892343
    ],
    "pre_home_pose7": [
      0.26403688537314984,
      -0.5060181574448818,
      0.15217065456334677,
      0.45738617826518785,
      0.5258492687296104,
      -0.5479808572407587,
      -0.46259854150892343
    ],
    "grasp_xyz_offset_m": [
      0.04,
      0.0,
      0.0
    ],
    "grasp_quat": [
      0.3819473213993102,
      0.46096932918943884,
      -0.6029936812656025,
      -0.5272780495870162
    ],
    "use_fixed_grasp_quat": true,
    "phase_backends": {
      "approach": "qp_stream",
      "grasp": "qp_stream",
      "lift": "qp_stream"
    },
    "joint_limits_used": {
      "shoulder_pitch": [
        -2.96,
        2.96
      ],
      "shoulder_roll": [
        -2.616,
        0.262
      ],
      "shoulder_yaw": [
        -2.96,
        2.96
      ],
      "elbow_pitch": [
        -2.61,
        0.261
      ],
      "elbow_yaw": [
        -2.96,
        2.96
      ],
      "wrist_pitch": [
        -0.785,
        1.05
      ],
      "wrist_roll": [
        -1.3,
        1.65
      ]
    },
    "approach_tcp_tracking": {
      "commanded_xyz": [
        0.3304278861264581,
        -0.4060181574448818,
        0.016160299656754196
      ],
      "achieved_xyz": [
        0.33171281978073913,
        -0.38658315437404456,
        0.016416158120412416
      ],
      "error_mm": [
        1.2849336542810064,
        19.435003070837233,
        0.2558584636582206
      ],
      "error_norm_mm": 19.479113491449812,
      "achieved_quat": [
        -0.35227638489725155,
        -0.46995272363789464,
        0.6358234220227659,
        0.500773763486375
      ],
      "approach_axis_tilt_deg": 18.06474915223307,
      "commanded_approach_axis_tilt_deg": 16.454094333991087,
      "orientation_error_deg": 6.000442727685464
    },
    "approach_joint_limits": {
      "closest": {
        "joint": "wrist_pitch",
        "value": -0.1612,
        "lower": -0.785,
        "upper": 1.05,
        "dist_to_limit": 0.6238,
        "nearest_side": "lower"
      },
      "breached": [],
      "margin_rad": 0.05
    },
    "compliant_insert": {
      "ok": true,
      "contact": true,
      "reason": "stall_contact",
      "resist_n": -4.578469060516998,
      "traveled_m": 0.03337633666251287,
      "planned_depth_m": 0.03271037837170856,
      "ft_topic": "/arm_6dof_right",
      "calib_path": "/home/ubuntu/niu/compliant_grasp_execute/ft_calibration/ft_calibration_right.json",
      "calib_present": true,
      "commanded_m": 0.052710378371708555,
      "throttle_events": 0,
      "contact_kind": "stall"
    },
    "grasp_tcp_tracking": {
      "commanded_xyz": [
        0.44403688537314984,
        -0.4060181574448818,
        -0.01782934543665321
      ],
      "achieved_xyz": [
        0.45996232232574474,
        -0.4096610337443426,
        0.014505894704872457
      ],
      "error_mm": [
        15.925436952594907,
        -3.6428762994608066,
        32.33524014152567
      ],
      "error_norm_mm": 36.22786006479517,
      "achieved_quat": [
        -0.3454458630908916,
        -0.4746575350465026,
        0.6585904405057996,
        0.47077171938355
      ],
      "approach_axis_tilt_deg": 18.1035161212986,
      "commanded_approach_axis_tilt_deg": 16.454094333991087,
      "orientation_error_deg": 10.12613941400777
    },
    "grasp_joint_limits": {
      "closest": {
        "joint": "wrist_pitch",
        "value": -0.5977,
        "lower": -0.785,
        "upper": 1.05,
        "dist_to_limit": 0.1873,
        "nearest_side": "lower"
      },
      "breached": [],
      "margin_rad": 0.05
    },
    "lift_joint_limits": {
      "closest": {
        "joint": "wrist_pitch",
        "value": -0.437,
        "lower": -0.785,
        "upper": 1.05,
        "dist_to_limit": 0.348,
        "nearest_side": "lower"
      },
      "breached": [],
      "margin_rad": 0.05
    },
    "retract_ok": null,
    "return_home_ok": true,
    "released_on_finish_ok": null,
    "approach_ok": true,
    "grasp_ok": true,
    "lift_ok": true
  },
  "detection": {
    "class_name": "remote control",
    "pose_head_roll_link": [
      0.9310639567399654,
      -0.3649897037616568,
      -0.1463881958096981,
      -0.012311243051526569,
      0.9464282059863727,
      0.04014423028603039,
      0.3201726487111049
    ],
    "pose_tip_waist_yaw_link_rpy": {
      "x": 0.6558701670366498,
      "y": -0.365283367471097,
      "z": -0.09317305872703963,
      "roll": 3.0563187361137625,
      "pitch": -0.010276765461808335,
      "yaw": 3.137344428531907
    },
    "pose_tip_used_for_tcp_conversion_rpy": {
      "x": 0.6558701670366498,
      "y": -0.365283367471097,
      "z": -0.09317305872703963,
      "roll": -2.0779094262222912,
      "pitch": 0.1028406516236049,
      "yaw": 1.2653353988116194
    },
    "pose_tcp_waist_yaw_link_rpy": {
      "x": 0.4301217945249703,
      "y": -0.30800387395423634,
      "z": -0.22167493393039955,
      "roll": -2.0779094262222912,
      "pitch": 0.1028406516236049,
      "yaw": 1.2653353988116194
    },
    "pose_tcp_waist_yaw_link_pose7": [
      0.4301217945249703,
      -0.30800387395423634,
      -0.22167493393039955,
      0.7095547626520738,
      0.48793126257656777,
      -0.33518820973163865,
      -0.3822355109812466
    ],
    "current_tcp_pose7": [
      0.11439286342848702,
      -0.26208479311919275,
      0.1417861829274763,
      0.7095547626520738,
      0.48793126257656777,
      -0.33518820973163865,
      -0.3822355109812466
    ],
    "tcp_minus_tip_waist_m": [
      -0.2257483725116795,
      0.05727949351686068,
      -0.12850187520335993
    ],
    "tcp_to_tip_offset_m": [
      0.0,
      0.0,
      -0.266
    ],
    "orientation_policy": "current",
    "use_current_tcp_rotation": true,
    "rotation_source_arm": "right",
    "bbox_2d": [
      898.6317138671875,
      282.9504699707031,
      971.3367919921875,
      421.1207580566406
    ],
    "bbox_3d": {
      "min": [
        0.864482292858461,
        -0.3961221218220832,
        -0.2043329855584414
      ],
      "max": [
        1.0062585839673752,
        -0.34119114430774883,
        -0.08927391244751257
      ],
      "center": [
        0.9353704384129181,
        -0.36865663306491603,
        -0.14680344900297698
      ],
      "size": [
        0.1417762911089142,
        0.054930977514334345,
        0.11505907311092883
      ]
    },
    "object_long_axis_waist": [
      -0.9999381712925651,
      0.0042479879507217435,
      0.01027658457129499
    ],
    "object_long_axis_yaw_waist_deg": -0.24340536623859066,
    "object_angle_from_waist_x_deg": 0.2434053662386132
  },
  "gripper": {
    "open_ok": true,
    "close_ok": true,
    "final_pos_pct": 90.0,
    "backend": "modbus_rtu"
  },
  "ok": true
}