{
  "arm": "left",
  "pipeline_version": "accelerated",
  "motion_strategy": "qp_all",
  "dry_run": false,
  "motion": {
    "detected_pose7": [
      0.46106265683404796,
      0.305125387357691,
      -0.07959805772254747,
      0.7092142780905908,
      0.4884776854303843,
      -0.33533678394724237,
      -0.38203913401762557
    ],
    "approach_pose7": [
      0.40704050998574165,
      0.3461157361825601,
      0.21168037303420625,
      -0.28080538010384615,
      0.458620380171028,
      0.6943916801420081,
      -0.47815884384383767
    ],
    "grasp_pose7": [
      0.5064682644887076,
      0.3461157361825601,
      0.16108460853904233,
      -0.28080538010384615,
      0.458620380171028,
      0.6943916801420081,
      -0.47815884384383767
    ],
    "lift_pose7": [
      0.5064682644887076,
      0.3461157361825601,
      0.2810846085390423,
      -0.36903935306829816,
      0.5171090724051475,
      0.6517986060376613,
      -0.41420615675117833
    ],
    "pre_home_pose7": [
      0.32646826448870764,
      0.24611573618256008,
      0.3310846085390423,
      -0.36903935306829816,
      0.5171090724051475,
      0.6517986060376613,
      -0.41420615675117833
    ],
    "grasp_xyz_offset_m": [
      0.04,
      0.0,
      0.0
    ],
    "grasp_quat": [
      -0.28080538010384615,
      0.458620380171028,
      0.6943916801420081,
      -0.47815884384383767
    ],
    "use_fixed_grasp_quat": true,
    "phase_backends": {
      "approach": "qp_stream",
      "grasp": "qp_stream",
      "lift": "qp_stream"
    },
    "joint_limits_used": {
      "shoulder_pitch": [
        -2.96,
        2.96
      ],
      "shoulder_roll": [
        -0.262,
        2.616
      ],
      "shoulder_yaw": [
        -2.96,
        2.96
      ],
      "elbow_pitch": [
        -2.61,
        0.261
      ],
      "elbow_yaw": [
        -2.96,
        2.96
      ],
      "wrist_pitch": [
        -0.785,
        1.05
      ],
      "wrist_roll": [
        -1.65,
        1.3
      ]
    },
    "approach_tcp_tracking": {
      "commanded_xyz": [
        0.40704050998574165,
        0.3461157361825601,
        0.21168037303420625
      ],
      "achieved_xyz": [
        0.3987431308942635,
        0.33701932280889657,
        0.19618472867911238
      ],
      "error_mm": [
        -8.297379091478152,
        -9.096413373663514,
        -15.495644355093873
      ],
      "error_norm_mm": 19.791569670741527,
      "achieved_quat": [
        -0.2585188069798473,
        0.4304319143600546,
        0.7324422516059519,
        -0.4598094622780818
      ],
      "approach_axis_tilt_deg": 29.722041209430092,
      "commanded_approach_axis_tilt_deg": 24.937625661411364,
      "orientation_error_deg": 6.356078272677902
    },
    "approach_joint_limits": {
      "closest": {
        "joint": "wrist_pitch",
        "value": -0.0983,
        "lower": -0.785,
        "upper": 1.05,
        "dist_to_limit": 0.6867,
        "nearest_side": "lower"
      },
      "breached": [],
      "margin_rad": 0.05
    },
    "compliant_insert": {
      "ok": true,
      "contact": false,
      "reason": "reached_depth_no_contact",
      "resist_n": -15.57873592957904,
      "traveled_m": 0.049025683969300446,
      "planned_depth_m": 0.036887580975658966,
      "ft_topic": "/arm_6dof_left",
      "calib_path": "/home/ubuntu/niu/compliant_grasp_execute/ft_calibration/ft_calibration_left.json",
      "calib_present": true,
      "commanded_m": 0.05688758097565896,
      "throttle_events": 0
    },
    "grasp_tcp_tracking": {
      "commanded_xyz": [
        0.5064682644887076,
        0.3461157361825601,
        0.16108460853904233
      ],
      "achieved_xyz": [
        0.5456174555596365,
        0.3456382650854793,
        0.20198848009050258
      ],
      "error_mm": [
        39.14919107092884,
        -0.47747109708079494,
        40.90387155146025
      ],
      "error_norm_mm": 56.62167295351667,
      "achieved_quat": [
        -0.2934390961396656,
        0.4489080810975986,
        0.7478357935304613,
        -0.39130123625753244
      ],
      "approach_axis_tilt_deg": 25.134844253113744,
      "commanded_approach_axis_tilt_deg": 24.937625661411364,
      "orientation_error_deg": 11.83344704368791
    },
    "grasp_joint_limits": {
      "closest": {
        "joint": "wrist_pitch",
        "value": -0.6623,
        "lower": -0.785,
        "upper": 1.05,
        "dist_to_limit": 0.1227,
        "nearest_side": "lower"
      },
      "breached": [],
      "margin_rad": 0.05
    },
    "lift_joint_limits": {
      "closest": {
        "joint": "wrist_pitch",
        "value": -0.5222,
        "lower": -0.785,
        "upper": 1.05,
        "dist_to_limit": 0.2628,
        "nearest_side": "lower"
      },
      "breached": [],
      "margin_rad": 0.05
    },
    "retract_ok": null,
    "return_home_ok": true,
    "released_on_finish_ok": null,
    "approach_ok": true,
    "grasp_ok": true,
    "lift_ok": true
  },
  "detection": {
    "class_name": "remote control",
    "pose_head_roll_link": [
      0.8688483550498294,
      0.24448117076011916,
      -0.016704370171363805,
      0.12397000152307004,
      0.9384515994585145,
      0.019669839821250833,
      0.32179672403169707
    ],
    "pose_tip_waist_yaw_link_rpy": {
      "x": 0.6868664536369489,
      "y": 0.24812527274914922,
      "z": 0.04893066390809564,
      "roll": -3.1003476762210225,
      "pitch": 0.003911188025488954,
      "yaw": 2.897430447133447
    },
    "pose_tip_used_for_tcp_conversion_rpy": {
      "x": 0.6868664536369489,
      "y": 0.24812527274914922,
      "z": 0.04893066390809564,
      "roll": -2.0780114839582633,
      "pitch": 0.10259597815702026,
      "yaw": 1.2666778613218124
    },
    "pose_tcp_waist_yaw_link_rpy": {
      "x": 0.46106265683404796,
      "y": 0.305125387357691,
      "z": -0.07959805772254747,
      "roll": -2.0780114839582633,
      "pitch": 0.10259597815702026,
      "yaw": 1.2666778613218124
    },
    "pose_tcp_waist_yaw_link_pose7": [
      0.46106265683404796,
      0.305125387357691,
      -0.07959805772254747,
      0.7092142780905908,
      0.4884776854303843,
      -0.33533678394724237,
      -0.38203913401762557
    ],
    "current_tcp_pose7": [
      0.1144202119781501,
      -0.2619694630863731,
      0.14179798760042261,
      0.7092142780905908,
      0.4884776854303843,
      -0.33533678394724237,
      -0.38203913401762557
    ],
    "tcp_minus_tip_waist_m": [
      -0.2258037968029009,
      0.05700011460854179,
      -0.1285287216306431
    ],
    "tcp_to_tip_offset_m": [
      0.0,
      0.0,
      -0.266
    ],
    "orientation_policy": "current",
    "use_current_tcp_rotation": true,
    "rotation_source_arm": "right",
    "bbox_2d": [
      391.0230712890625,
      184.91831970214844,
      497.55474853515625,
      323.3357849121094
    ],
    "bbox_3d": {
      "min": [
        0.8043881967524705,
        0.2021592772589767,
        -0.07535335594587167
      ],
      "max": [
        0.9469822895741118,
        0.29096815058394393,
        0.041112535555551805
      ],
      "center": [
        0.8756852431632911,
        0.24656371392146031,
        -0.017120410195159932
      ],
      "size": [
        0.14259409282164126,
        0.08880887332496723,
        0.11646589150142347
      ]
    },
    "object_long_axis_waist": [
      -0.9703327747754209,
      0.2417416159515472,
      -0.003911178053667417
    ],
    "object_long_axis_yaw_waist_deg": -13.9894639465505,
    "object_angle_from_waist_x_deg": 13.989463946550492
  },
  "gripper": {
    "open_ok": true,
    "close_ok": true,
    "final_pos_pct": 90.0,
    "backend": "modbus_rtu"
  },
  "ok": true
}