{
  "arm": "right",
  "pipeline_version": "accelerated",
  "motion_strategy": "qp_all",
  "dry_run": false,
  "motion": {
    "detected_pose7": [
      0.35022991176603074,
      -0.16179453916488715,
      -0.1900185492059186,
      -0.41273981000640503,
      -0.4233141072951364,
      0.6336394689977074,
      0.4989509385992793
    ],
    "approach_pose7": [
      0.30433819101214454,
      -0.1484902528616784,
      -0.03878422272035703,
      0.25385876954480846,
      0.3121020748345114,
      -0.6318717265952597,
      -0.6624848233270815
    ],
    "grasp_pose7": [
      0.3924587670754365,
      -0.1484902528616784,
      -0.11993974752256237,
      0.25385876954480846,
      0.3121020748345114,
      -0.6318717265952597,
      -0.6624848233270815
    ],
    "lift_pose7": [
      0.3924587670754365,
      -0.1484902528616784,
      6.025247743762785e-05,
      0.3341627830238675,
      0.39590361971123833,
      -0.5933307578299161,
      -0.6160796784136452
    ],
    "pre_home_pose7": [
      0.21245876707543648,
      -0.24849025286167842,
      0.05006025247743763,
      0.3341627830238675,
      0.39590361971123833,
      -0.5933307578299161,
      -0.6160796784136452
    ],
    "grasp_xyz_offset_m": [
      0.0,
      0.0,
      -0.005
    ],
    "grasp_quat": [
      0.25385876954480846,
      0.3121020748345114,
      -0.6318717265952597,
      -0.6624848233270815
    ],
    "use_fixed_grasp_quat": true,
    "phase_backends": {
      "approach": "qp_stream",
      "grasp": "qp_stream",
      "lift": "qp_stream"
    },
    "joint_limits_used": {
      "shoulder_pitch": [
        -2.96,
        2.96
      ],
      "shoulder_roll": [
        -2.616,
        0.262
      ],
      "shoulder_yaw": [
        -2.96,
        2.96
      ],
      "elbow_pitch": [
        -2.61,
        0.261
      ],
      "elbow_yaw": [
        -2.96,
        2.96
      ],
      "wrist_pitch": [
        -0.785,
        1.05
      ],
      "wrist_roll": [
        -1.3,
        1.65
      ]
    },
    "approach_tcp_tracking": {
      "commanded_xyz": [
        0.30433819101214454,
        -0.1484902528616784,
        -0.03878422272035703
      ],
      "achieved_xyz": [
        0.3196226802553668,
        -0.1421097675101874,
        -0.05536668571127035
      ],
      "error_mm": [
        15.284489243222232,
        6.380485351491022,
        -16.582462990913317
      ],
      "error_norm_mm": 23.43724138186441,
      "achieved_quat": [
        -0.2718620884012211,
        -0.3190081241880489,
        0.5728567580513,
        0.704386226687535
      ],
      "approach_axis_tilt_deg": 40.439867961648346,
      "commanded_approach_axis_tilt_deg": 42.55487619921008,
      "orientation_error_deg": 8.585142741696913
    },
    "approach_joint_limits": {
      "closest": {
        "joint": "wrist_pitch",
        "value": 0.7955,
        "lower": -0.785,
        "upper": 1.05,
        "dist_to_limit": 0.2545,
        "nearest_side": "upper"
      },
      "breached": [],
      "margin_rad": 0.05
    },
    "compliant_insert": {
      "ok": false,
      "contact": false,
      "reason": "blocked_no_progress",
      "resist_n": 0.20564722727413137,
      "traveled_m": 0.0002569464232152489,
      "planned_depth_m": 0.039368694011081784,
      "ft_topic": "/arm_6dof_right",
      "calib_path": "/home/ubuntu/cheng/compliant_grasp_execute/ft_calibration/ft_calibration_right.json",
      "calib_present": true,
      "commanded_m": 0.04075694642321525,
      "throttle_events": 0,
      "contact_kind": "blocked_no_progress"
    },
    "grasp_tcp_tracking": {
      "commanded_xyz": [
        0.3924587670754365,
        -0.1484902528616784,
        -0.11993974752256237
      ],
      "achieved_xyz": [
        0.37286638976850883,
        -0.15315322247727187,
        -0.08385965501809473
      ],
      "error_mm": [
        -19.592377306927645,
        -4.662969615593454,
        36.08009250446764
      ],
      "error_norm_mm": 41.320426054239846,
      "achieved_quat": [
        -0.2605711767572654,
        -0.3233433019884186,
        0.5726272056463115,
        0.7068591473951916
      ],
      "approach_axis_tilt_deg": 40.92750150874484,
      "commanded_approach_axis_tilt_deg": 42.55487619921008,
      "orientation_error_deg": 8.615790316595673
    },
    "grasp_joint_limits": {
      "closest": {
        "joint": "shoulder_roll",
        "value": -0.2305,
        "lower": -2.616,
        "upper": 0.262,
        "dist_to_limit": 0.4925,
        "nearest_side": "upper"
      },
      "breached": [],
      "margin_rad": 0.05
    },
    "grasp_reach_retry_used": true,
    "grasp_reach_retry_yaw_scale": 0.5,
    "lift_joint_limits": {
      "closest": {
        "joint": "shoulder_roll",
        "value": -0.2305,
        "lower": -2.616,
        "upper": 0.262,
        "dist_to_limit": 0.4925,
        "nearest_side": "upper"
      },
      "breached": [],
      "margin_rad": 0.05
    },
    "retract_ok": null,
    "return_home_ok": true,
    "released_on_finish_ok": null,
    "approach_ok": true,
    "grasp_ok": false,
    "lift_ok": true
  },
  "detection": {
    "class_name": "remote control",
    "pose_head_roll_link": [
      0.9351330961866987,
      -0.13465703768362744,
      -0.34466355985344665,
      0.12083839145173617,
      0.9333167220455966,
      0.07743158083214492,
      0.3291235782973541
    ],
    "pose_tip_waist_yaw_link_rpy": {
      "x": 0.5393263938475897,
      "y": -0.13687789493858923,
      "z": -0.25019895552623794,
      "roll": 3.076060715230848,
      "pitch": 0.008193307542428307,
      "yaw": 2.8641971335278194
    },
    "pose_tip_used_for_tcp_conversion_rpy": {
      "x": 0.5393263938475897,
      "y": -0.13687789493858923,
      "z": -0.25019895552623794,
      "roll": -1.2635477169627123,
      "pitch": 0.10080114363663384,
      "yaw": 1.7337272700010002
    },
    "pose_tcp_waist_yaw_link_rpy": {
      "x": 0.35022991176603074,
      "y": -0.16179453916488715,
      "z": -0.1900185492059186,
      "roll": -1.2635477169627123,
      "pitch": 0.10080114363663384,
      "yaw": 1.7337272700010002
    },
    "pose_tcp_waist_yaw_link_pose7": [
      0.35022991176603074,
      -0.16179453916488715,
      -0.1900185492059186,
      -0.41273981000640503,
      -0.4233141072951364,
      0.6336394689977074,
      0.4989509385992793
    ],
    "current_tcp_pose7": [
      -0.09639135647609731,
      -0.2678137788425544,
      0.1360537495104425,
      -0.41273981000640503,
      -0.4233141072951364,
      0.6336394689977074,
      0.4989509385992793
    ],
    "tcp_minus_tip_waist_m": [
      -0.189096482081559,
      -0.024916644226297913,
      0.060180406320319346
    ],
    "tcp_to_tip_offset_m": [
      0.0,
      0.0,
      -0.2
    ],
    "orientation_policy": "current",
    "use_current_tcp_rotation": true,
    "rotation_source_arm": "right",
    "bbox_2d": [
      721.7230834960938,
      419.6596374511719,
      779.677978515625,
      563.991455078125
    ],
    "bbox_3d": {
      "min": [
        0.8721771849232883,
        -0.1787058694622116,
        -0.4026229652239486
      ],
      "max": [
        1.0131140414891031,
        -0.09411998201782795,
        -0.2888654981446416
      ],
      "center": [
        0.9426456132061958,
        -0.13641292574001979,
        -0.3457442316842951
      ],
      "size": [
        0.14093685656581478,
        0.08458588744438364,
        0.113757467079307
      ]
    },
    "object_long_axis_waist": [
      -0.96173965883676,
      0.2738424726630512,
      -0.008193215872886019
    ],
    "object_long_axis_yaw_waist_deg": -15.893592555387642,
    "object_angle_from_waist_x_deg": 15.893592555387672
  },
  "gripper": {
    "open_ok": true,
    "close_ok": null,
    "final_pos_pct": null,
    "backend": "modbus_rtu"
  },
  "ok": false
}