{
  "arm": "right",
  "pipeline_version": "accelerated",
  "motion_strategy": "qp_all",
  "dry_run": false,
  "motion": {
    "detected_pose7": [
      0.32454888511661284,
      -0.1882496948501884,
      -0.18356900971498052,
      0.7089603970875616,
      0.4884948186986327,
      -0.33557770469465215,
      -0.3822768258447085
    ],
    "approach_pose7": [
      0.22451302602529155,
      -0.25804276105782903,
      0.05600807775020757,
      0.2986318887517909,
      0.39531641600824313,
      -0.6525952963063584,
      -0.5732916408720364
    ],
    "grasp_pose7": [
      0.3256771930789365,
      -0.25804276105782903,
      -0.005082464550976967,
      0.2986318887517909,
      0.39531641600824313,
      -0.6525952963063584,
      -0.5732916408720364
    ],
    "lift_pose7": [
      0.3256771930789365,
      -0.25804276105782903,
      0.11491753544902303,
      0.3812578306329038,
      0.4667640041826964,
      -0.6080329697654049,
      -0.5167879049075067
    ],
    "pre_home_pose7": [
      0.1456771930789365,
      -0.35804276105782906,
      0.16491753544902304,
      0.3812578306329038,
      0.4667640041826964,
      -0.6080329697654049,
      -0.5167879049075067
    ],
    "grasp_xyz_offset_m": [
      0.0,
      0.0,
      0.0
    ],
    "grasp_quat": [
      0.2986318887517909,
      0.39531641600824313,
      -0.6525952963063584,
      -0.5732916408720364
    ],
    "use_fixed_grasp_quat": true,
    "phase_backends": {
      "approach": "qp_stream",
      "grasp": "qp_stream",
      "lift": "qp_stream"
    },
    "joint_limits_used": {
      "shoulder_pitch": [
        -2.96,
        2.96
      ],
      "shoulder_roll": [
        -2.616,
        0.262
      ],
      "shoulder_yaw": [
        -2.96,
        2.96
      ],
      "elbow_pitch": [
        -2.61,
        0.261
      ],
      "elbow_yaw": [
        -2.96,
        2.96
      ],
      "wrist_pitch": [
        -0.785,
        1.05
      ],
      "wrist_roll": [
        -1.3,
        1.65
      ]
    },
    "approach_tcp_tracking": {
      "commanded_xyz": [
        0.22451302602529155,
        -0.25804276105782903,
        0.05600807775020757
      ],
      "achieved_xyz": [
        0.23761189469914484,
        -0.24750860923715423,
        0.06439996568819889
      ],
      "error_mm": [
        13.098868673853293,
        10.534151820674797,
        8.391887937991317
      ],
      "error_norm_mm": 18.787562329362622,
      "achieved_quat": [
        -0.30071872499871677,
        -0.42204682640114155,
        0.6238977877739083,
        0.5849754483486417
      ],
      "approach_axis_tilt_deg": 27.573716144714417,
      "commanded_approach_axis_tilt_deg": 30.60309113845669,
      "orientation_error_deg": 4.695686131238009
    },
    "approach_joint_limits": {
      "closest": {
        "joint": "wrist_pitch",
        "value": 0.625,
        "lower": -0.785,
        "upper": 1.05,
        "dist_to_limit": 0.425,
        "nearest_side": "upper"
      },
      "breached": [],
      "margin_rad": 0.05
    },
    "compliant_insert": {
      "ok": true,
      "contact": true,
      "reason": "contact",
      "resist_n": 1.8674670842364038,
      "traveled_m": 0.02435007849660944,
      "planned_depth_m": 0.03802582207309107,
      "ft_topic": "/arm_6dof_right",
      "calib_path": "/home/ubuntu/niu/compliant_grasp_execute/ft_calibration/ft_calibration_right.json",
      "calib_present": true,
      "commanded_m": 0.058025822073091066,
      "throttle_events": 0,
      "contact_kind": "force"
    },
    "grasp_tcp_tracking": {
      "commanded_xyz": [
        0.3256771930789365,
        -0.25804276105782903,
        -0.005082464550976967
      ],
      "achieved_xyz": [
        0.31209444631893785,
        -0.25681421452780484,
        0.0019760184334357
      ],
      "error_mm": [
        -13.582746759998654,
        1.2285465300241882,
        7.0584829844126675
      ],
      "error_norm_mm": 15.356513867539453,
      "achieved_quat": [
        -0.29201469901549737,
        -0.43274384994437504,
        0.6368053769646078,
        0.5673967639695989
      ],
      "approach_axis_tilt_deg": 27.059809640420823,
      "commanded_approach_axis_tilt_deg": 30.60309113845669,
      "orientation_error_deg": 4.764749847734801
    },
    "grasp_joint_limits": {
      "closest": {
        "joint": "wrist_pitch",
        "value": 0.2768,
        "lower": -0.785,
        "upper": 1.05,
        "dist_to_limit": 0.7732,
        "nearest_side": "upper"
      },
      "breached": [],
      "margin_rad": 0.05
    },
    "lift_joint_limits": {
      "closest": {
        "joint": "elbow_pitch",
        "value": -1.9181,
        "lower": -2.61,
        "upper": 0.261,
        "dist_to_limit": 0.6919,
        "nearest_side": "lower"
      },
      "breached": [],
      "margin_rad": 0.05
    },
    "retract_ok": null,
    "return_home_ok": true,
    "released_on_finish_ok": null,
    "approach_ok": true,
    "grasp_ok": true,
    "lift_ok": true
  },
  "detection": {
    "class_name": "remote control",
    "pose_head_roll_link": [
      0.7916973497267608,
      -0.22849625426721135,
      -0.2602159743058112,
      -0.3217216099068265,
      -0.04229336040971294,
      0.9456107474829523,
      -0.022951941724960668
    ],
    "pose_tip_waist_yaw_link_rpy": {
      "x": 0.4774234436594039,
      "y": -0.22680251253447153,
      "z": -0.09671827800275379,
      "roll": -0.09522097749701611,
      "pitch": -0.00587558572214375,
      "yaw": -3.122179012525093
    },
    "pose_tip_used_for_tcp_conversion_rpy": {
      "x": 0.4774234436594039,
      "y": -0.22680251253447153,
      "z": -0.09671827800275379,
      "roll": -2.0772177458166667,
      "pitch": 0.10252160903058405,
      "yaw": 1.2670561249530807
    },
    "pose_tcp_waist_yaw_link_rpy": {
      "x": 0.32454888511661284,
      "y": -0.1882496948501884,
      "z": -0.18356900971498052,
      "roll": -2.0772177458166667,
      "pitch": 0.10252160903058405,
      "yaw": 1.2670561249530807
    },
    "pose_tcp_waist_yaw_link_pose7": [
      0.32454888511661284,
      -0.1882496948501884,
      -0.18356900971498052,
      0.7089603970875616,
      0.4884948186986327,
      -0.33557770469465215,
      -0.3822768258447085
    ],
    "current_tcp_pose7": [
      0.11445615881999947,
      -0.2619457776366364,
      0.14173220306345258,
      0.7089603970875616,
      0.4884948186986327,
      -0.33557770469465215,
      -0.3822768258447085
    ],
    "tcp_minus_tip_waist_m": [
      -0.15287455854279108,
      0.03855281768428315,
      -0.08685073171222674
    ],
    "tcp_to_tip_offset_m": [
      0.0,
      0.0,
      -0.18
    ],
    "orientation_policy": "current",
    "use_current_tcp_rotation": true,
    "rotation_source_arm": "right",
    "bbox_2d": [
      818.2351684570312,
      390.4437255859375,
      888.501708984375,
      564.6465454101562
    ],
    "bbox_3d": {
      "min": [
        0.7251451451382219,
        -0.2568391622530649,
        -0.3239534589528812
      ],
      "max": [
        0.8681134415000774,
        -0.20539955952650005,
        -0.20172783727229818
      ],
      "center": [
        0.7966292933191497,
        -0.23111936088978247,
        -0.26284064811258967
      ],
      "size": [
        0.14296829636185548,
        0.051439602726564865,
        0.12222562168058301
      ]
    },
    "object_long_axis_waist": [
      -0.9997943032373505,
      -0.019412086539793615,
      0.005875551915543457
    ],
    "object_long_axis_yaw_waist_deg": 1.112319697989193,
    "object_angle_from_waist_x_deg": 1.1123196979891823
  },
  "gripper": {
    "open_ok": true,
    "close_ok": true,
    "final_pos_pct": 54.0,
    "backend": "modbus_rtu"
  },
  "ok": true
}