{
  "arm": "right",
  "pipeline_version": "accelerated",
  "motion_strategy": "qp_all",
  "dry_run": false,
  "motion": {
    "pre_cycle_move_ok": true,
    "detected_pose7": [
      0.2283522156327866,
      -0.22679476185782105,
      -0.06388064523705318,
      -0.42094811167749874,
      -0.48055559977083595,
      0.639731207880647,
      0.4273324051222991
    ],
    "approach_pose7": [
      0.2818665448405079,
      -0.27382270394568,
      0.11798782590454533,
      0.18688839258033568,
      0.4329641702769308,
      -0.7766073160511844,
      -0.4177269833646411
    ],
    "grasp_pose7": [
      0.2818665448405079,
      -0.27382270394568,
      -0.002012174095454659,
      0.18688839258033568,
      0.4329641702769308,
      -0.7766073160511844,
      -0.4177269833646411
    ],
    "lift_pose7": [
      0.2818665448405079,
      -0.27382270394568,
      0.11798782590454533,
      0.2866571322885804,
      0.4837844143061939,
      -0.745569502550616,
      -0.35764010660009476
    ],
    "pre_home_pose7": [
      0.10186654484050789,
      -0.37382270394567996,
      0.16798782590454533,
      0.2866571322885804,
      0.4837844143061939,
      -0.745569502550616,
      -0.35764010660009476
    ],
    "grasp_xyz_offset_m": [
      0.0,
      0.0,
      -0.005
    ],
    "grasp_quat": [
      0.18688839258033568,
      0.4329641702769308,
      -0.7766073160511844,
      -0.4177269833646411
    ],
    "use_fixed_grasp_quat": true,
    "phase_backends": {
      "approach": "qp_stream",
      "grasp": "qp_stream",
      "lift": "qp_stream"
    },
    "joint_limits_used": {
      "shoulder_pitch": [
        -2.96,
        2.96
      ],
      "shoulder_roll": [
        -2.616,
        0.262
      ],
      "shoulder_yaw": [
        -2.96,
        2.96
      ],
      "elbow_pitch": [
        -2.61,
        0.261
      ],
      "elbow_yaw": [
        -2.96,
        2.96
      ],
      "wrist_pitch": [
        -0.785,
        1.05
      ],
      "wrist_roll": [
        -1.3,
        1.65
      ]
    },
    "approach_tcp_tracking": {
      "commanded_xyz": [
        0.2818665448405079,
        -0.27382270394568,
        0.11798782590454533
      ],
      "achieved_xyz": [
        0.28993303653516994,
        -0.2783535111939981,
        0.13544042432707995
      ],
      "error_mm": [
        8.066491694662059,
        -4.530807248318114,
        17.452598422534617
      ],
      "error_norm_mm": 19.753219845881375,
      "achieved_quat": [
        -0.21542108548306865,
        -0.4470383031918721,
        0.7635906336010111,
        0.41313418605270946
      ],
      "approach_axis_tilt_deg": 30.49751702307834,
      "commanded_approach_axis_tilt_deg": 33.72652444823759,
      "orientation_error_deg": 3.9742694581411957
    },
    "approach_joint_limits": {
      "closest": {
        "joint": "elbow_pitch",
        "value": -2.0507,
        "lower": -2.61,
        "upper": 0.261,
        "dist_to_limit": 0.5593,
        "nearest_side": "lower"
      },
      "breached": [],
      "margin_rad": 0.05
    },
    "compliant_insert": {
      "ok": true,
      "contact": true,
      "reason": "contact",
      "resist_n": 1.560914191151316,
      "traveled_m": 0.0384775474419277,
      "planned_depth_m": 0.038492505094472565,
      "ft_topic": "/arm_6dof_right",
      "calib_path": "/home/ubuntu/cheng/compliant_grasp_execute/ft_calibration/ft_calibration_right.json",
      "calib_present": true,
      "commanded_m": 0.06849250509447256,
      "throttle_events": 0,
      "contact_kind": "force"
    },
    "grasp_tcp_tracking": {
      "commanded_xyz": [
        0.2818665448405079,
        -0.27382270394568,
        -0.002012174095454659
      ],
      "achieved_xyz": [
        0.28711165976079184,
        -0.27287010560372393,
        -0.0006623591852120136
      ],
      "error_mm": [
        5.245114920283955,
        0.9525983419560458,
        1.3498149102426455
      ],
      "error_norm_mm": 5.4991521546504,
      "achieved_quat": [
        -0.21937269107758053,
        -0.4525761538919139,
        0.7713642053780808,
        0.3899329557747394
      ],
      "approach_axis_tilt_deg": 29.610479775784736,
      "commanded_approach_axis_tilt_deg": 33.72652444823759,
      "orientation_error_deg": 5.42379647978794
    },
    "grasp_joint_limits": {
      "closest": {
        "joint": "wrist_pitch",
        "value": -0.3295,
        "lower": -0.785,
        "upper": 1.05,
        "dist_to_limit": 0.4555,
        "nearest_side": "lower"
      },
      "breached": [],
      "margin_rad": 0.05
    },
    "lift_joint_limits": {
      "closest": {
        "joint": "wrist_pitch",
        "value": -0.3454,
        "lower": -0.785,
        "upper": 1.05,
        "dist_to_limit": 0.4396,
        "nearest_side": "lower"
      },
      "breached": [],
      "margin_rad": 0.05
    },
    "retract_ok": null,
    "return_home_ok": true,
    "released_on_finish_ok": null,
    "approach_ok": true,
    "grasp_ok": true,
    "lift_ok": true
  },
  "detection": {
    "class_name": "remote control",
    "pose_head_roll_link": [
      0.7306565820667671,
      -0.17859520725660633,
      -0.30974332420940226,
      -0.3028941230445157,
      0.08738338907989773,
      0.9082668610986678,
      -0.27508290126428864
    ],
    "pose_tip_waist_yaw_link_rpy": {
      "x": 0.3992264403388769,
      "y": -0.18087976954968785,
      "z": -0.09695348624650768,
      "roll": -0.013632555966389173,
      "pitch": -0.015362978423726581,
      "yaw": -2.552931537579129
    },
    "pose_tip_used_for_tcp_conversion_rpy": {
      "x": 0.3992264403388769,
      "y": -0.18087976954968785,
      "z": -0.09695348624650768,
      "roll": -1.3844610237424904,
      "pitch": 0.12822440553836212,
      "yaw": 1.857404334890487
    },
    "pose_tcp_waist_yaw_link_rpy": {
      "x": 0.2283522156327866,
      "y": -0.22679476185782105,
      "z": -0.06388064523705318,
      "roll": -1.3844610237424904,
      "pitch": 0.12822440553836212,
      "yaw": 1.857404334890487
    },
    "pose_tcp_waist_yaw_link_pose7": [
      0.2283522156327866,
      -0.22679476185782105,
      -0.06388064523705318,
      -0.42094811167749874,
      -0.48055559977083595,
      0.639731207880647,
      0.4273324051222991
    ],
    "current_tcp_pose7": [
      -0.007809628535099172,
      -0.36705535800358136,
      0.09803527102532877,
      -0.42094811167749874,
      -0.48055559977083595,
      0.639731207880647,
      0.4273324051222991
    ],
    "tcp_minus_tip_waist_m": [
      -0.1708742247060903,
      -0.0459149923081332,
      0.0330728410094545
    ],
    "tcp_to_tip_offset_m": [
      0.0,
      0.0,
      -0.18
    ],
    "orientation_policy": "current",
    "use_current_tcp_rotation": true,
    "rotation_source_arm": "right",
    "bbox_2d": [
      733.1846923828125,
      457.6826171875,
      894.0130615234375,
      634.8248291015625
    ],
    "bbox_3d": {
      "min": [
        0.6689785390252465,
        -0.24177125277489317,
        -0.3618416539649957
      ],
      "max": [
        0.8048301394623281,
        -0.11241713202196404,
        -0.25880581444235884
      ],
      "center": [
        0.7369043392437873,
        -0.1770941923984286,
        -0.31032373420367726
      ],
      "size": [
        0.13585160043708155,
        0.12935412075292912,
        0.10303583952263684
      ]
    },
    "object_long_axis_waist": [
      -0.8315866913100058,
      -0.5551824675708876,
      0.015362374099664844
    ],
    "object_long_axis_yaw_waist_deg": 33.727797510871994,
    "object_angle_from_waist_x_deg": 33.727797510871994
  },
  "gripper": {
    "open_ok": true,
    "close_ok": true,
    "final_pos_pct": 52.0,
    "backend": "modbus_rtu"
  },
  "ok": true
}