{
  "arm": "left",
  "pipeline_version": "accelerated",
  "motion_strategy": "qp_all",
  "dry_run": false,
  "motion": {
    "detected_pose7": [
      0.29163156636140236,
      0.3093919806394316,
      -0.1394887737973831,
      0.6948213204284994,
      0.50666079125758,
      -0.3429991224702345,
      -0.3779811863901278
    ],
    "approach_pose7": [
      0.18661462064441922,
      0.31037606258171413,
      0.05963547340159084,
      -0.4088789223414856,
      0.4963801613949172,
      0.5874078733925354,
      -0.491301081328833
    ],
    "grasp_pose7": [
      0.3027868146342945,
      0.31037606258171413,
      0.0388935304643697,
      -0.4088789223414856,
      0.4963801613949172,
      0.5874078733925354,
      -0.491301081328833
    ],
    "lift_pose7": [
      0.3027868146342945,
      0.31037606258171413,
      0.1588935304643697,
      -0.48205301947353296,
      0.5562612196823398,
      0.5290131087932748,
      -0.4223073201104148
    ],
    "pre_home_pose7": [
      0.12278681463429453,
      0.21037606258171412,
      0.2088935304643697,
      -0.48205301947353296,
      0.5562612196823398,
      0.5290131087932748,
      -0.4223073201104148
    ],
    "grasp_xyz_offset_m": [
      0.04,
      0.0,
      0.005
    ],
    "grasp_quat": [
      -0.4088789223414856,
      0.4963801613949172,
      0.5874078733925354,
      -0.491301081328833
    ],
    "use_fixed_grasp_quat": true,
    "phase_backends": {
      "approach": "qp_stream",
      "grasp": "qp_stream",
      "lift": "qp_stream"
    },
    "joint_limits_used": {
      "shoulder_pitch": [
        -2.96,
        2.96
      ],
      "shoulder_roll": [
        -0.262,
        2.616
      ],
      "shoulder_yaw": [
        -2.96,
        2.96
      ],
      "elbow_pitch": [
        -2.61,
        0.261
      ],
      "elbow_yaw": [
        -2.96,
        2.96
      ],
      "wrist_pitch": [
        -0.785,
        1.05
      ],
      "wrist_roll": [
        -1.65,
        1.3
      ]
    },
    "grasp_reach_retry_used": true,
    "grasp_reach_retry_yaw_scale": 0.5,
    "approach_tcp_tracking": {
      "commanded_xyz": [
        0.18661462064441922,
        0.31037606258171413,
        0.05963547340159084
      ],
      "achieved_xyz": [
        0.18802838854772902,
        0.296948610392305,
        0.07253842146640033
      ],
      "error_mm": [
        1.4137679033097983,
        -13.427452189409106,
        12.902948064809488
      ],
      "error_norm_mm": 18.675686888210226,
      "achieved_quat": [
        -0.385178273933481,
        0.5194532213016535,
        0.6050336149038953,
        -0.4644786033880191
      ],
      "approach_axis_tilt_deg": 9.416617811201336,
      "commanded_approach_axis_tilt_deg": 9.953537946155903,
      "orientation_error_deg": 5.281881646786729
    },
    "approach_joint_limits": {
      "closest": {
        "joint": "elbow_pitch",
        "value": -2.0193,
        "lower": -2.61,
        "upper": 0.261,
        "dist_to_limit": 0.5907,
        "nearest_side": "lower"
      },
      "breached": [],
      "margin_rad": 0.05
    },
    "compliant_insert": {
      "ok": true,
      "contact": false,
      "reason": "reached_depth_no_contact",
      "resist_n": -0.9084673860300706,
      "traveled_m": 0.04660581725369244,
      "planned_depth_m": 0.0340765970554556,
      "ft_topic": "/arm_6dof_left",
      "calib_path": "/home/ubuntu/niu/compliant_grasp_execute/ft_calibration/ft_calibration_left.json",
      "calib_present": true,
      "commanded_m": 0.0540765970554556,
      "throttle_events": 0
    },
    "grasp_tcp_tracking": {
      "commanded_xyz": [
        0.3027868146342945,
        0.31037606258171413,
        0.0388935304643697
      ],
      "achieved_xyz": [
        0.3188217428220506,
        0.3104204002045499,
        0.037946199566481376
      ],
      "error_mm": [
        16.034928187756094,
        0.04433762283578835,
        -0.9473308978883224
      ],
      "error_norm_mm": 16.0629487841239,
      "achieved_quat": [
        -0.38416459778201173,
        0.5388153597052018,
        0.6026551103306699,
        -0.44598473959213836
      ],
      "approach_axis_tilt_deg": 7.134047542184696,
      "commanded_approach_axis_tilt_deg": 9.953537946155903,
      "orientation_error_deg": 7.855527654653721
    },
    "grasp_joint_limits": {
      "closest": {
        "joint": "wrist_pitch",
        "value": -0.0716,
        "lower": -0.785,
        "upper": 1.05,
        "dist_to_limit": 0.7134,
        "nearest_side": "lower"
      },
      "breached": [],
      "margin_rad": 0.05
    },
    "lift_joint_limits": {
      "closest": {
        "joint": "elbow_pitch",
        "value": -1.965,
        "lower": -2.61,
        "upper": 0.261,
        "dist_to_limit": 0.645,
        "nearest_side": "lower"
      },
      "breached": [],
      "margin_rad": 0.05
    },
    "retract_ok": null,
    "return_home_ok": true,
    "released_on_finish_ok": null,
    "approach_ok": true,
    "grasp_ok": true,
    "lift_ok": true
  },
  "detection": {
    "class_name": "remote-control",
    "pose_head_roll_link": [
      0.7788587442116266,
      0.2624880555826675,
      -0.14193245123947704,
      0.03654132525042368,
      0.9339879596390661,
      -0.02927100465112564,
      0.35422370203716014
    ],
    "pose_tip_waist_yaw_link_rpy": {
      "x": 0.5203018446451848,
      "y": 0.26212634475531876,
      "z": -0.012084443046470494,
      "roll": -3.063738688551404,
      "pitch": 0.03152722069897829,
      "yaw": 3.0916454545180057
    },
    "pose_tip_used_for_tcp_conversion_rpy": {
      "x": 0.5203018446451848,
      "y": 0.26212634475531876,
      "z": -0.012084443046470494,
      "roll": -2.0726791007480525,
      "pitch": 0.09376705608408531,
      "yaw": 1.3156348432229021
    },
    "pose_tcp_waist_yaw_link_rpy": {
      "x": 0.29163156636140236,
      "y": 0.3093919806394316,
      "z": -0.1394887737973831,
      "roll": -2.0726791007480525,
      "pitch": 0.09376705608408531,
      "yaw": 1.3156348432229021
    },
    "pose_tcp_waist_yaw_link_pose7": [
      0.29163156636140236,
      0.3093919806394316,
      -0.1394887737973831,
      0.6948213204284994,
      0.50666079125758,
      -0.3429991224702345,
      -0.3779811863901278
    ],
    "current_tcp_pose7": [
      0.11560870145870618,
      -0.25791174944540374,
      0.14133714991947288,
      0.6948213204284994,
      0.50666079125758,
      -0.3429991224702345,
      -0.3779811863901278
    ],
    "tcp_minus_tip_waist_m": [
      -0.22867027828378245,
      0.04726563588411281,
      -0.1274043307509126
    ],
    "tcp_to_tip_offset_m": [
      0.0,
      0.0,
      -0.266
    ],
    "orientation_policy": "current",
    "use_current_tcp_rotation": true,
    "rotation_source_arm": "right",
    "bbox_2d": [
      369.3104553222656,
      292.0925598144531,
      449.97491455078125,
      468.8985595703125
    ],
    "bbox_3d": {
      "min": [
        0.7189055089811501,
        0.23629595130146297,
        -0.20087812377494038
      ],
      "max": [
        0.8506037025643378,
        0.2942189323645527,
        -0.07936765001019588
      ],
      "center": [
        0.7847546057727439,
        0.2652574418330078,
        -0.14012288689256813
      ],
      "size": [
        0.13169819358318768,
        0.05792298106308974,
        0.1215104737647445
      ]
    },
    "object_long_axis_waist": [
      -0.9982565760276847,
      0.04990162373518573,
      -0.03152199812949502
    ],
    "object_long_axis_yaw_waist_deg": -2.861763705313166,
    "object_angle_from_waist_x_deg": 2.861763705313172
  },
  "gripper": {
    "open_ok": true,
    "close_ok": true,
    "final_pos_pct": 53.0,
    "backend": "modbus_rtu"
  },
  "ok": true
}