{
  "arm": "right",
  "pipeline_version": "accelerated",
  "motion_strategy": "qp_all",
  "dry_run": false,
  "motion": {
    "pre_cycle_move_ok": true,
    "detected_pose7": [
      0.2720595769351912,
      -0.2634847154260763,
      -0.06305685457930718,
      -0.42147264082650326,
      -0.47996166515598954,
      0.6397943753741911,
      0.42738831319418596
    ],
    "approach_pose7": [
      0.3009209221432776,
      -0.28058944661234597,
      0.10978601572819197,
      0.2560395044655129,
      0.4263467126583459,
      -0.7092471204624284,
      -0.49964064573874484
    ],
    "grasp_pose7": [
      0.3009209221432776,
      -0.28058944661234597,
      -0.010213984271808026,
      0.2560395044655129,
      0.4263467126583459,
      -0.7092471204624284,
      -0.49964064573874484
    ],
    "lift_pose7": [
      0.3009209221432776,
      -0.28058944661234597,
      0.10978601572819197,
      0.34642437698802653,
      0.4879154483953796,
      -0.6697595514508543,
      -0.4397167377823406
    ],
    "pre_home_pose7": [
      0.1209209221432776,
      -0.38058944661234595,
      0.15978601572819195,
      0.34642437698802653,
      0.4879154483953796,
      -0.6697595514508543,
      -0.4397167377823406
    ],
    "grasp_xyz_offset_m": [
      0.0,
      0.0,
      -0.005
    ],
    "grasp_quat": [
      0.2560395044655129,
      0.4263467126583459,
      -0.7092471204624284,
      -0.49964064573874484
    ],
    "use_fixed_grasp_quat": true,
    "phase_backends": {
      "approach": "qp_stream",
      "grasp": "qp_stream",
      "lift": "qp_stream"
    },
    "joint_limits_used": {
      "shoulder_pitch": [
        -2.96,
        2.96
      ],
      "shoulder_roll": [
        -2.616,
        0.262
      ],
      "shoulder_yaw": [
        -2.96,
        2.96
      ],
      "elbow_pitch": [
        -2.61,
        0.261
      ],
      "elbow_yaw": [
        -2.96,
        2.96
      ],
      "wrist_pitch": [
        -0.785,
        1.05
      ],
      "wrist_roll": [
        -1.3,
        1.65
      ]
    },
    "approach_tcp_tracking": {
      "commanded_xyz": [
        0.3009209221432776,
        -0.28058944661234597,
        0.10978601572819197
      ],
      "achieved_xyz": [
        0.3154191059518156,
        -0.3009222662119553,
        0.0747021453987381
      ],
      "error_mm": [
        14.498183808538013,
        -20.33281959960931,
        -35.08387032945387
      ],
      "error_norm_mm": 43.063892577312885,
      "achieved_quat": [
        -0.2356373617729807,
        -0.4703887331832559,
        0.7526154416858218,
        0.39595387403961163
      ],
      "approach_axis_tilt_deg": 26.5141583695107,
      "commanded_approach_axis_tilt_deg": 30.354224076406215,
      "orientation_error_deg": 14.037564988663505
    },
    "approach_joint_limits": {
      "closest": {
        "joint": "wrist_pitch",
        "value": -0.3857,
        "lower": -0.785,
        "upper": 1.05,
        "dist_to_limit": 0.3993,
        "nearest_side": "lower"
      },
      "breached": [],
      "margin_rad": 0.05
    },
    "compliant_insert": {
      "ok": false,
      "contact": false,
      "reason": "blocked_no_progress",
      "resist_n": -0.3275345116450959,
      "traveled_m": -0.0019425078799080908,
      "planned_depth_m": 0.03893945489414806,
      "ft_topic": "/arm_6dof_right",
      "calib_path": "/home/ubuntu/cheng/compliant_grasp_execute/ft_calibration/ft_calibration_right.json",
      "calib_present": true,
      "commanded_m": 0.03900000000000003,
      "throttle_events": 0,
      "contact_kind": "blocked_no_progress"
    },
    "grasp_tcp_tracking": {
      "commanded_xyz": [
        0.31927178937345857,
        -0.31170802864633435,
        -0.010213984271808026
      ],
      "achieved_xyz": [
        0.3288678907601628,
        -0.3107455731822398,
        0.03102472736742623
      ],
      "error_mm": [
        9.596101386704248,
        0.9624554640945693,
        41.23871163923426
      ],
      "error_norm_mm": 42.35142051936615,
      "achieved_quat": [
        -0.23926336733979361,
        -0.471664036100829,
        0.7576866859277623,
        0.3823571158826563
      ],
      "approach_axis_tilt_deg": 26.140392649058946,
      "commanded_approach_axis_tilt_deg": 30.354224076406215,
      "orientation_error_deg": 5.779621916909649
    },
    "grasp_joint_limits": {
      "closest": {
        "joint": "wrist_pitch",
        "value": -0.4797,
        "lower": -0.785,
        "upper": 1.05,
        "dist_to_limit": 0.3053,
        "nearest_side": "lower"
      },
      "breached": [],
      "margin_rad": 0.05
    },
    "grasp_reach_retry_used": true,
    "grasp_reach_retry_yaw_scale": 0.5,
    "lift_joint_limits": {
      "closest": {
        "joint": "wrist_pitch",
        "value": -0.3862,
        "lower": -0.785,
        "upper": 1.05,
        "dist_to_limit": 0.3988,
        "nearest_side": "lower"
      },
      "breached": [],
      "margin_rad": 0.05
    },
    "retract_ok": null,
    "return_home_ok": true,
    "released_on_finish_ok": null,
    "approach_ok": false,
    "grasp_ok": false,
    "lift_ok": true
  },
  "detection": {
    "class_name": "remote control",
    "pose_head_roll_link": [
      0.7646678112261104,
      -0.2157516394826605,
      -0.2825286771717207,
      -0.3082674639736308,
      0.08275979412243459,
      0.9095520272076681,
      -0.26615239419268816
    ],
    "pose_tip_waist_yaw_link_rpy": {
      "x": 0.44298247625495724,
      "y": -0.21778477003906618,
      "z": -0.09617599526485954,
      "roll": -0.013525447189562528,
      "pitch": -0.0058479120140819685,
      "yaw": -2.573152175515677
    },
    "pose_tip_used_for_tcp_conversion_rpy": {
      "x": 0.44298247625495724,
      "y": -0.21778477003906618,
      "z": -0.09617599526485954,
      "roll": -1.3841680395713456,
      "pitch": 0.12941255984381383,
      "yaw": 1.856420264750803
    },
    "pose_tcp_waist_yaw_link_rpy": {
      "x": 0.2720595769351912,
      "y": -0.2634847154260763,
      "z": -0.06305685457930718,
      "roll": -1.3841680395713456,
      "pitch": 0.12941255984381383,
      "yaw": 1.856420264750803
    },
    "pose_tcp_waist_yaw_link_pose7": [
      0.2720595769351912,
      -0.2634847154260763,
      -0.06305685457930718,
      -0.42147264082650326,
      -0.47996166515598954,
      0.6397943753741911,
      0.42738831319418596
    ],
    "current_tcp_pose7": [
      -0.007793201943303574,
      -0.3671633540255165,
      0.09800769203003151,
      -0.42147264082650326,
      -0.47996166515598954,
      0.6397943753741911,
      0.42738831319418596
    ],
    "tcp_minus_tip_waist_m": [
      -0.170922899319766,
      -0.04569994538701014,
      0.033119140685552356
    ],
    "tcp_to_tip_offset_m": [
      0.0,
      0.0,
      -0.18
    ],
    "orientation_policy": "current",
    "use_current_tcp_rotation": true,
    "rotation_source_arm": "right",
    "bbox_2d": [
      763.8015747070312,
      424.8160705566406,
      919.8182373046875,
      591.8168334960938
    ],
    "bbox_3d": {
      "min": [
        0.7027366904172435,
        -0.2801991996969961,
        -0.33415215541907406
      ],
      "max": [
        0.8363828105230121,
        -0.15173810577579128,
        -0.23122977252915486
      ],
      "center": [
        0.7695597504701278,
        -0.21596865273639368,
        -0.2826909639741145
      ],
      "size": [
        0.1336461201057686,
        0.1284610939212048,
        0.1029223828899192
      ]
    },
    "object_long_axis_waist": [
      -0.8427271090082004,
      -0.5383092253134725,
      0.005847878682916791
    ],
    "object_long_axis_yaw_waist_deg": 32.569240298045656,
    "object_angle_from_waist_x_deg": 32.56924029804568
  },
  "gripper": {
    "open_ok": true,
    "close_ok": null,
    "final_pos_pct": null,
    "backend": "modbus_rtu"
  },
  "ok": false
}