{
  "arm": "right",
  "pipeline_version": "accelerated",
  "motion_strategy": "qp_all",
  "dry_run": false,
  "motion": {
    "pre_cycle_move_ok": true,
    "detected_pose7": [
      0.4280905955379093,
      -0.268904355133674,
      -0.06040048540283246,
      -0.42105600762700157,
      -0.48050058938177237,
      0.6396946889243106,
      0.4273426342023566
    ],
    "approach_pose7": [
      0.47098016052137703,
      -0.29783424928180197,
      0.12362118122037148,
      0.21329184720317895,
      0.4134594467907994,
      -0.7473225267713917,
      -0.47441217812796976
    ],
    "grasp_pose7": [
      0.47098016052137703,
      -0.29783424928180197,
      0.0036211812203714904,
      0.21329184720317895,
      0.4134594467907994,
      -0.7473225267713917,
      -0.47441217812796976
    ],
    "lift_pose7": [
      0.47098016052137703,
      -0.29783424928180197,
      0.12362118122037148,
      0.30901226966225703,
      0.4718454590610611,
      -0.7130889063093762,
      -0.4163862289511204
    ],
    "pre_home_pose7": [
      0.29098016052137704,
      -0.397834249281802,
      0.17362118122037148,
      0.30901226966225703,
      0.4718454590610611,
      -0.7130889063093762,
      -0.4163862289511204
    ],
    "grasp_xyz_offset_m": [
      0.0,
      0.0,
      -0.005
    ],
    "grasp_quat": [
      0.21329184720317895,
      0.4134594467907994,
      -0.7473225267713917,
      -0.47441217812796976
    ],
    "use_fixed_grasp_quat": true,
    "phase_backends": {
      "approach": "qp_stream",
      "grasp": "qp_stream",
      "lift": "qp_stream"
    },
    "joint_limits_used": {
      "shoulder_pitch": [
        -2.96,
        2.96
      ],
      "shoulder_roll": [
        -2.616,
        0.262
      ],
      "shoulder_yaw": [
        -2.96,
        2.96
      ],
      "elbow_pitch": [
        -2.61,
        0.261
      ],
      "elbow_yaw": [
        -2.96,
        2.96
      ],
      "wrist_pitch": [
        -0.785,
        1.05
      ],
      "wrist_roll": [
        -1.3,
        1.65
      ]
    },
    "approach_tcp_tracking": {
      "commanded_xyz": [
        0.47098016052137703,
        -0.29783424928180197,
        0.12362118122037148
      ],
      "achieved_xyz": [
        0.46250029818151633,
        -0.2976212942266161,
        0.14083897409838253
      ],
      "error_mm": [
        -8.4798623398607,
        0.21295505518587055,
        17.21779287801105
      ],
      "error_norm_mm": 19.193900248480116,
      "achieved_quat": [
        -0.22318992572745128,
        -0.4085644336755029,
        0.7692222073701317,
        0.4376740297045423
      ],
      "approach_axis_tilt_deg": 34.5080987358733,
      "commanded_approach_axis_tilt_deg": 34.5493419624396,
      "orientation_error_deg": 5.0622214193647865
    },
    "approach_joint_limits": {
      "closest": {
        "joint": "wrist_pitch",
        "value": -0.2979,
        "lower": -0.785,
        "upper": 1.05,
        "dist_to_limit": 0.4871,
        "nearest_side": "lower"
      },
      "breached": [],
      "margin_rad": 0.05
    },
    "compliant_insert": {
      "ok": true,
      "contact": true,
      "reason": "contact",
      "resist_n": 1.7436430227899833,
      "traveled_m": 0.02829539326207864,
      "planned_depth_m": 0.03831430463737777,
      "ft_topic": "/arm_6dof_right",
      "calib_path": "/home/ubuntu/cheng/compliant_grasp_execute/ft_calibration/ft_calibration_right.json",
      "calib_present": true,
      "commanded_m": 0.06879539326207865,
      "throttle_events": 0,
      "contact_kind": "force"
    },
    "grasp_tcp_tracking": {
      "commanded_xyz": [
        0.47098016052137703,
        -0.29783424928180197,
        0.0036211812203714904
      ],
      "achieved_xyz": [
        0.475533640242503,
        -0.29580724673799946,
        0.01463275035693129
      ],
      "error_mm": [
        4.553479721125964,
        2.027002543802503,
        11.0115691365598
      ],
      "error_norm_mm": 12.087082846267066,
      "achieved_quat": [
        -0.22144405464157388,
        -0.42967551897619544,
        0.745318280516541,
        0.45917549998263574
      ],
      "approach_axis_tilt_deg": 32.186911373207366,
      "commanded_approach_axis_tilt_deg": 34.5493419624396,
      "orientation_error_deg": 2.725303146253902
    },
    "grasp_joint_limits": {
      "closest": {
        "joint": "wrist_pitch",
        "value": -0.3998,
        "lower": -0.785,
        "upper": 1.05,
        "dist_to_limit": 0.3852,
        "nearest_side": "lower"
      },
      "breached": [],
      "margin_rad": 0.05
    },
    "lift_joint_limits": {
      "closest": {
        "joint": "wrist_pitch",
        "value": -0.3097,
        "lower": -0.785,
        "upper": 1.05,
        "dist_to_limit": 0.4753,
        "nearest_side": "lower"
      },
      "breached": [],
      "margin_rad": 0.05
    },
    "retract_ok": null,
    "return_home_ok": true,
    "released_on_finish_ok": null,
    "approach_ok": true,
    "grasp_ok": true,
    "lift_ok": true
  },
  "detection": {
    "class_name": "remote control",
    "pose_head_roll_link": [
      0.8859881607509553,
      -0.22184977780294174,
      -0.1846140782821817,
      -0.301792899048697,
      0.043130192305675816,
      0.9352490759873511,
      -0.17991664308858252
    ],
    "pose_tip_waist_yaw_link_rpy": {
      "x": 0.5989774401294183,
      "y": -0.22302649815534462,
      "z": -0.09345965333902517,
      "roll": -0.037146609625573666,
      "pitch": -0.031170711682939167,
      "yaw": -2.7671155905715548
    },
    "pose_tip_used_for_tcp_conversion_rpy": {
      "x": 0.5989774401294183,
      "y": -0.22302649815534462,
      "z": -0.09345965333902517,
      "roll": -1.3845354211226204,
      "pitch": 0.1283700838869819,
      "yaw": 1.8572005038398078
    },
    "pose_tcp_waist_yaw_link_rpy": {
      "x": 0.4280905955379093,
      "y": -0.268904355133674,
      "z": -0.06040048540283246,
      "roll": -1.3845354211226204,
      "pitch": 0.1283700838869819,
      "yaw": 1.8572005038398078
    },
    "pose_tcp_waist_yaw_link_pose7": [
      0.4280905955379093,
      -0.268904355133674,
      -0.06040048540283246,
      -0.42105600762700157,
      -0.48050058938177237,
      0.6396946889243106,
      0.4273426342023566
    ],
    "current_tcp_pose7": [
      -0.007810210509822696,
      -0.3670635510922029,
      0.09803629778342238,
      -0.42105600762700157,
      -0.48050058938177237,
      0.6396946889243106,
      0.4273426342023566
    ],
    "tcp_minus_tip_waist_m": [
      -0.17088684459150905,
      -0.045877856978329384,
      0.033059167936192714
    ],
    "tcp_to_tip_offset_m": [
      0.0,
      0.0,
      -0.18
    ],
    "orientation_policy": "current",
    "use_current_tcp_rotation": true,
    "rotation_source_arm": "right",
    "bbox_2d": [
      769.0969848632812,
      319.9897766113281,
      885.5874633789062,
      461.4376220703125
    ],
    "bbox_3d": {
      "min": [
        0.8234763193409862,
        -0.27834383170595334,
        -0.2417694214503124
      ],
      "max": [
        0.9651864493405371,
        -0.16899043713195033,
        -0.13017545777319897
      ],
      "center": [
        0.8943313843407616,
        -0.22366713441895184,
        -0.1859724396117557
      ],
      "size": [
        0.1417101299995509,
        0.109353394574003,
        0.11159396367711344
      ]
    },
    "object_long_axis_waist": [
      -0.930246928968755,
      -0.36560819535954314,
      0.03116566428198366
    ],
    "object_long_axis_yaw_waist_deg": 21.455955235399614,
    "object_angle_from_waist_x_deg": 21.455955235399625
  },
  "gripper": {
    "open_ok": true,
    "close_ok": true,
    "final_pos_pct": 52.0,
    "backend": "modbus_rtu"
  },
  "ok": true
}