{
  "arm": "right",
  "pipeline_version": "accelerated",
  "motion_strategy": "qp_all",
  "dry_run": false,
  "motion": {
    "detected_pose7": [
      0.40031904184051886,
      -0.18428051736205514,
      -0.042506241180581744,
      -0.4128788569426927,
      -0.42335922192201253,
      0.6335960897458229,
      0.4988526974589658
    ],
    "approach_pose7": [
      0.3807661388121293,
      -0.229681615265675,
      0.11031975875361079,
      0.18564934064324157,
      0.3601144758712175,
      -0.7543780531583774,
      -0.5164936006377082
    ],
    "grasp_pose7": [
      0.4590173253199064,
      -0.229681615265675,
      0.029715305972796063,
      0.18564934064324157,
      0.3601144758712175,
      -0.7543780531583774,
      -0.5164936006377082
    ],
    "lift_pose7": [
      0.4590173253199064,
      -0.229681615265675,
      0.14971530597279606,
      0.28252717957131657,
      0.4244495896061056,
      -0.7236921428147268,
      -0.4650705549859232
    ],
    "pre_home_pose7": [
      0.2790173253199064,
      -0.32968161526567497,
      0.19971530597279608,
      0.28252717957131657,
      0.4244495896061056,
      -0.7236921428147268,
      -0.4650705549859232
    ],
    "grasp_xyz_offset_m": [
      0.0,
      0.0,
      -0.002
    ],
    "grasp_quat": [
      0.18564934064324157,
      0.3601144758712175,
      -0.7543780531583774,
      -0.5164936006377082
    ],
    "use_fixed_grasp_quat": true,
    "phase_backends": {
      "approach": "qp_stream",
      "grasp": "qp_stream",
      "lift": "qp_stream"
    },
    "joint_limits_used": {
      "shoulder_pitch": [
        -2.96,
        2.96
      ],
      "shoulder_roll": [
        -2.616,
        0.262
      ],
      "shoulder_yaw": [
        -2.96,
        2.96
      ],
      "elbow_pitch": [
        -2.61,
        0.261
      ],
      "elbow_yaw": [
        -2.96,
        2.96
      ],
      "wrist_pitch": [
        -0.785,
        1.05
      ],
      "wrist_roll": [
        -1.3,
        1.65
      ]
    },
    "approach_tcp_tracking": {
      "commanded_xyz": [
        0.3807661388121293,
        -0.229681615265675,
        0.11031975875361079
      ],
      "achieved_xyz": [
        0.375810291264217,
        -0.22558414106183955,
        0.1279765481668172
      ],
      "error_mm": [
        -4.955847547912285,
        4.097474203835438,
        17.656789413206404
      ],
      "error_norm_mm": 18.79127276561018,
      "achieved_quat": [
        -0.19533943097604253,
        -0.3770329597707089,
        0.7572212035820954,
        0.49629094571448495
      ],
      "approach_axis_tilt_deg": 39.74540257558197,
      "commanded_approach_axis_tilt_deg": 42.198699408068876,
      "orientation_error_deg": 3.233871602325426
    },
    "approach_joint_limits": {
      "closest": {
        "joint": "elbow_pitch",
        "value": -1.8117,
        "lower": -2.61,
        "upper": 0.261,
        "dist_to_limit": 0.7983,
        "nearest_side": "lower"
      },
      "breached": [],
      "margin_rad": 0.05
    },
    "compliant_insert": {
      "ok": true,
      "contact": true,
      "reason": "stall_contact",
      "resist_n": 0.048592167641830664,
      "traveled_m": 0.008165773448628576,
      "planned_depth_m": 0.036481352594357044,
      "ft_topic": "/arm_6dof_right",
      "calib_path": "/home/ubuntu/cheng/compliant_grasp_execute/ft_calibration/ft_calibration_right.json",
      "calib_present": true,
      "commanded_m": 0.048665773448628574,
      "throttle_events": 0,
      "contact_kind": "stall"
    },
    "grasp_tcp_tracking": {
      "commanded_xyz": [
        0.4590173253199064,
        -0.229681615265675,
        0.029715305972796063
      ],
      "achieved_xyz": [
        0.4587353493503542,
        -0.22766149374982117,
        0.062092725718240094
      ],
      "error_mm": [
        -0.28197596955220616,
        2.020121515853818,
        32.37741974544403
      ],
      "error_norm_mm": 32.44160462675806,
      "achieved_quat": [
        -0.19962669347734932,
        -0.39286587224661,
        0.753093409130388,
        0.4885242131149496
      ],
      "approach_axis_tilt_deg": 37.70609311649266,
      "commanded_approach_axis_tilt_deg": 42.198699408068876,
      "orientation_error_deg": 5.191273697323165
    },
    "grasp_joint_limits": {
      "closest": {
        "joint": "shoulder_roll",
        "value": -0.4726,
        "lower": -2.616,
        "upper": 0.262,
        "dist_to_limit": 0.7346,
        "nearest_side": "upper"
      },
      "breached": [],
      "margin_rad": 0.05
    },
    "lift_joint_limits": {
      "closest": {
        "joint": "shoulder_roll",
        "value": -0.4864,
        "lower": -2.616,
        "upper": 0.262,
        "dist_to_limit": 0.7484,
        "nearest_side": "upper"
      },
      "breached": [],
      "margin_rad": 0.05
    },
    "retract_ok": null,
    "return_home_ok": true,
    "released_on_finish_ok": null,
    "approach_ok": true,
    "grasp_ok": true,
    "lift_ok": true
  },
  "detection": {
    "class_name": "remote control",
    "pose_head_roll_link": [
      0.884222965816914,
      -0.15804626550947767,
      -0.19677071261806856,
      -0.30833863316745214,
      0.04325499610232238,
      0.9405280743188675,
      -0.13587948346478998
    ],
    "pose_tip_waist_yaw_link_rpy": {
      "x": 0.5894359694995349,
      "y": -0.1593713109388613,
      "z": -0.10262544866189516,
      "roll": -0.005569678686468475,
      "pitch": -0.02870489343605742,
      "yaw": -2.8514729363348508
    },
    "pose_tip_used_for_tcp_conversion_rpy": {
      "x": 0.5894359694995349,
      "y": -0.1593713109388613,
      "z": -0.10262544866189516,
      "roll": -1.2638646082251974,
      "pitch": 0.10098060936688924,
      "yaw": 1.7336960836118853
    },
    "pose_tcp_waist_yaw_link_rpy": {
      "x": 0.40031904184051886,
      "y": -0.18428051736205514,
      "z": -0.042506241180581744,
      "roll": -1.2638646082251974,
      "pitch": 0.10098060936688924,
      "yaw": 1.7336960836118853
    },
    "pose_tcp_waist_yaw_link_pose7": [
      0.40031904184051886,
      -0.18428051736205514,
      -0.042506241180581744,
      -0.4128788569426927,
      -0.42335922192201253,
      0.6335960897458229,
      0.4988526974589658
    ],
    "current_tcp_pose7": [
      -0.09635822944367939,
      -0.26782890698960815,
      0.1360710348172904,
      -0.4128788569426927,
      -0.42335922192201253,
      0.6335960897458229,
      0.4988526974589658
    ],
    "tcp_minus_tip_waist_m": [
      -0.18911692765901605,
      -0.02490920642319383,
      0.060119207481313414
    ],
    "tcp_to_tip_offset_m": [
      0.0,
      0.0,
      -0.2
    ],
    "orientation_policy": "current",
    "use_current_tcp_rotation": true,
    "rotation_source_arm": "right",
    "bbox_2d": [
      728.8905029296875,
      328.1121520996094,
      825.585205078125,
      473.6813659667969
    ],
    "bbox_3d": {
      "min": [
        0.8198993417391175,
        -0.20661993510674598,
        -0.2536125623597899
      ],
      "max": [
        0.9612746918978954,
        -0.11277759617154542,
        -0.13992730449864496
      ],
      "center": [
        0.8905870168185064,
        -0.1596987656391457,
        -0.19676993342921745
      ],
      "size": [
        0.1413753501587779,
        0.09384233893520055,
        0.11368525786114494
      ]
    },
    "object_long_axis_waist": [
      -0.9578148939049913,
      -0.28594909405536734,
      0.02870095159894499
    ],
    "object_long_axis_yaw_waist_deg": 16.622635352236955,
    "object_angle_from_waist_x_deg": 16.622635352236976
  },
  "gripper": {
    "open_ok": true,
    "close_ok": true,
    "final_pos_pct": 90.0,
    "backend": "modbus_rtu"
  },
  "ok": true
}