{
  "arm": "right",
  "pipeline_version": "accelerated",
  "motion_strategy": "qp_all",
  "dry_run": false,
  "motion": {
    "detected_pose7": [
      0.4374913821480959,
      -0.2610929561462334,
      -0.032157843276686277,
      -0.41281381171969744,
      -0.4231941135809793,
      0.6336843437961743,
      0.49893451625586627
    ],
    "approach_pose7": [
      0.37238317785101366,
      -0.3150418318966612,
      0.05353649756899709,
      0.25938169564146807,
      0.449045144130701,
      -0.7121852093182377,
      -0.47315095067761725
    ],
    "grasp_pose7": [
      0.467709724422137,
      -0.3150418318966612,
      -0.0019226051107136804,
      0.25938169564146807,
      0.449045144130701,
      -0.7121852093182377,
      -0.47315095067761725
    ],
    "lift_pose7": [
      0.467709724422137,
      -0.3150418318966612,
      0.11807739488928631,
      0.35012147280590916,
      0.5069620926104923,
      -0.672236261061337,
      -0.4104909259051722
    ],
    "pre_home_pose7": [
      0.287709724422137,
      -0.4150418318966612,
      0.1680773948892863,
      0.35012147280590916,
      0.5069620926104923,
      -0.672236261061337,
      -0.4104909259051722
    ],
    "grasp_xyz_offset_m": [
      0.0,
      0.0,
      -0.002
    ],
    "grasp_quat": [
      0.25938169564146807,
      0.449045144130701,
      -0.7121852093182377,
      -0.47315095067761725
    ],
    "use_fixed_grasp_quat": true,
    "phase_backends": {
      "approach": "qp_stream",
      "grasp": "qp_stream",
      "lift": "qp_stream"
    },
    "joint_limits_used": {
      "shoulder_pitch": [
        -2.96,
        2.96
      ],
      "shoulder_roll": [
        -2.616,
        0.262
      ],
      "shoulder_yaw": [
        -2.96,
        2.96
      ],
      "elbow_pitch": [
        -2.61,
        0.261
      ],
      "elbow_yaw": [
        -2.96,
        2.96
      ],
      "wrist_pitch": [
        -0.785,
        1.05
      ],
      "wrist_roll": [
        -1.3,
        1.65
      ]
    },
    "approach_tcp_tracking": {
      "commanded_xyz": [
        0.37238317785101366,
        -0.3150418318966612,
        0.05353649756899709
      ],
      "achieved_xyz": [
        0.36128489346969317,
        -0.3013031109587191,
        0.061678172773537654
      ],
      "error_mm": [
        -11.09828438132049,
        13.738720937942094,
        8.141675204540565
      ],
      "error_norm_mm": 19.44765395505436,
      "achieved_quat": [
        -0.23942101277100392,
        -0.44825042735766596,
        0.7462958157170266,
        0.4298740379002137
      ],
      "approach_axis_tilt_deg": 28.914129657904184,
      "commanded_approach_axis_tilt_deg": 27.526524021111847,
      "orientation_error_deg": 6.717518149151871
    },
    "approach_joint_limits": {
      "closest": {
        "joint": "wrist_pitch",
        "value": -0.2244,
        "lower": -0.785,
        "upper": 1.05,
        "dist_to_limit": 0.5606,
        "nearest_side": "lower"
      },
      "breached": [],
      "margin_rad": 0.05
    },
    "compliant_insert": {
      "ok": true,
      "contact": true,
      "reason": "stall_contact",
      "resist_n": -0.05574067671327168,
      "traveled_m": 0.011544602667446426,
      "planned_depth_m": 0.033175470638170536,
      "ft_topic": "/arm_6dof_right",
      "calib_path": "/home/ubuntu/cheng/compliant_grasp_execute/ft_calibration/ft_calibration_right.json",
      "calib_present": true,
      "commanded_m": 0.05204460266744643,
      "throttle_events": 0,
      "contact_kind": "stall"
    },
    "grasp_tcp_tracking": {
      "commanded_xyz": [
        0.467709724422137,
        -0.3150418318966612,
        -0.0019226051107136804
      ],
      "achieved_xyz": [
        0.47227854377188627,
        -0.3128078329644508,
        0.03296163850361239
      ],
      "error_mm": [
        4.568819349749287,
        2.2339989322103793,
        34.884243614326074
      ],
      "error_norm_mm": 35.25301850939023,
      "achieved_quat": [
        -0.25248690097913046,
        -0.45792640426459813,
        0.73312106602742,
        0.434841667343494
      ],
      "approach_axis_tilt_deg": 26.9432363831918,
      "commanded_approach_axis_tilt_deg": 27.526524021111847,
      "orientation_error_deg": 5.166377372417939
    },
    "grasp_joint_limits": {
      "closest": {
        "joint": "wrist_pitch",
        "value": -0.4509,
        "lower": -0.785,
        "upper": 1.05,
        "dist_to_limit": 0.3341,
        "nearest_side": "lower"
      },
      "breached": [],
      "margin_rad": 0.05
    },
    "lift_joint_limits": {
      "closest": {
        "joint": "wrist_pitch",
        "value": -0.4101,
        "lower": -0.785,
        "upper": 1.05,
        "dist_to_limit": 0.3749,
        "nearest_side": "lower"
      },
      "breached": [],
      "margin_rad": 0.05
    },
    "retract_ok": null,
    "return_home_ok": true,
    "released_on_finish_ok": null,
    "approach_ok": true,
    "grasp_ok": true,
    "lift_ok": true
  },
  "detection": {
    "class_name": "remote control",
    "pose_head_roll_link": [
      0.9073322830857524,
      -0.23461366173467774,
      -0.1662913531751826,
      -0.2988795065490711,
      -0.005382366378661292,
      0.9418914446169099,
      -0.15324025990130724
    ],
    "pose_tip_waist_yaw_link_rpy": {
      "x": 0.6265873020406759,
      "y": -0.23621118626268978,
      "z": -0.09235444291023165,
      "roll": -0.11055918123316216,
      "pitch": -0.03236897702424302,
      "yaw": -2.8488640313181883
    },
    "pose_tip_used_for_tcp_conversion_rpy": {
      "x": 0.6265873020406759,
      "y": -0.23621118626268978,
      "z": -0.09235444291023165,
      "roll": -1.2634537928261995,
      "pitch": 0.10106696887654332,
      "yaw": 1.7336406220871723
    },
    "pose_tcp_waist_yaw_link_rpy": {
      "x": 0.4374913821480959,
      "y": -0.2610929561462334,
      "z": -0.032157843276686277,
      "roll": -1.2634537928261995,
      "pitch": 0.10106696887654332,
      "yaw": 1.7336406220871723
    },
    "pose_tcp_waist_yaw_link_pose7": [
      0.4374913821480959,
      -0.2610929561462334,
      -0.032157843276686277,
      -0.41281381171969744,
      -0.4231941135809793,
      0.6336843437961743,
      0.49893451625586627
    ],
    "current_tcp_pose7": [
      -0.09636139340407159,
      -0.2678424351870582,
      0.1360416276889695,
      -0.41281381171969744,
      -0.4231941135809793,
      0.6336843437961743,
      0.49893451625586627
    ],
    "tcp_minus_tip_waist_m": [
      -0.18909591989258,
      -0.024881769883543625,
      0.06019659963354537
    ],
    "tcp_to_tip_offset_m": [
      0.0,
      0.0,
      -0.2
    ],
    "orientation_policy": "current",
    "use_current_tcp_rotation": true,
    "rotation_source_arm": "right",
    "bbox_2d": [
      783.111572265625,
      301.7657470703125,
      886.6881103515625,
      441.7632141113281
    ],
    "bbox_3d": {
      "min": [
        0.8411962055721407,
        -0.2840225484611933,
        -0.21813438591948123
      ],
      "max": [
        0.9878427046435979,
        -0.1898193865639021,
        -0.10953066280853577
      ],
      "center": [
        0.9145194551078693,
        -0.2369209675125477,
        -0.1638325243640085
      ],
      "size": [
        0.14664649907145721,
        0.0942031618972912,
        0.10860372311094546
      ]
    },
    "object_long_axis_waist": [
      -0.9569585077139212,
      -0.2884146836005238,
      0.032363324884106
    ],
    "object_long_axis_yaw_waist_deg": 16.772114598842222,
    "object_angle_from_waist_x_deg": 16.77211459884224
  },
  "gripper": {
    "open_ok": true,
    "close_ok": true,
    "final_pos_pct": 90.0,
    "backend": "modbus_rtu"
  },
  "ok": true
}