{
  "arm": "right",
  "pipeline_version": "accelerated",
  "motion_strategy": "qp_all",
  "dry_run": false,
  "motion": {
    "detected_pose7": [
      0.30097985393744164,
      -0.21543403719486698,
      -0.22084786858144062,
      0.7091476017857121,
      0.4883530190627516,
      -0.3354720754572082,
      -0.3822034723053967
    ],
    "approach_pose7": [
      0.21868393842338665,
      -0.3505725618883472,
      0.029786527144287755,
      0.33566750555899477,
      0.47855016852763727,
      -0.6486571726097828,
      -0.4874022305405001
    ],
    "grasp_pose7": [
      0.32691903154149354,
      -0.3505725618883472,
      -0.008209567715065591,
      0.33566750555899477,
      0.47855016852763727,
      -0.6486571726097828,
      -0.4874022305405001
    ],
    "lift_pose7": [
      0.32691903154149354,
      -0.3505725618883472,
      0.1117904322849344,
      0.41746257431361,
      0.5380748627283081,
      -0.5992944192246153,
      -0.4207691056073356
    ],
    "pre_home_pose7": [
      0.14691903154149355,
      -0.45057256188834716,
      0.1617904322849344,
      0.41746257431361,
      0.5380748627283081,
      -0.5992944192246153,
      -0.4207691056073356
    ],
    "grasp_xyz_offset_m": [
      0.04,
      0.0,
      0.0
    ],
    "grasp_quat": [
      0.33566750555899477,
      0.47855016852763727,
      -0.6486571726097828,
      -0.4874022305405001
    ],
    "use_fixed_grasp_quat": true,
    "phase_backends": {
      "approach": "qp_stream",
      "grasp": "qp_stream",
      "lift": "qp_stream"
    },
    "joint_limits_used": {
      "shoulder_pitch": [
        -2.96,
        2.96
      ],
      "shoulder_roll": [
        -2.616,
        0.262
      ],
      "shoulder_yaw": [
        -2.96,
        2.96
      ],
      "elbow_pitch": [
        -2.61,
        0.261
      ],
      "elbow_yaw": [
        -2.96,
        2.96
      ],
      "wrist_pitch": [
        -0.785,
        1.05
      ],
      "wrist_roll": [
        -1.3,
        1.65
      ]
    },
    "approach_tcp_tracking": {
      "commanded_xyz": [
        0.21868393842338665,
        -0.3505725618883472,
        0.029786527144287755
      ],
      "achieved_xyz": [
        0.20660336795820905,
        -0.3357836061260611,
        0.02078868123486366
      ],
      "error_mm": [
        -12.080570465177603,
        14.78895576228606,
        -8.997845909424097
      ],
      "error_norm_mm": 21.109586123671765,
      "achieved_quat": [
        -0.2909475107900464,
        -0.4787358717076277,
        0.6765336658346724,
        0.4779787757816382
      ],
      "approach_axis_tilt_deg": 21.858955599115983,
      "commanded_approach_axis_tilt_deg": 18.459492578129918,
      "orientation_error_deg": 6.135195535763426
    },
    "approach_joint_limits": {
      "closest": {
        "joint": "wrist_pitch",
        "value": -0.0051,
        "lower": -0.785,
        "upper": 1.05,
        "dist_to_limit": 0.7799,
        "nearest_side": "lower"
      },
      "breached": [],
      "margin_rad": 0.05
    },
    "compliant_insert": {
      "ok": true,
      "contact": false,
      "reason": "reached_depth_no_contact",
      "resist_n": -14.596388948195345,
      "traveled_m": 0.04959683624377703,
      "planned_depth_m": 0.03558460125411997,
      "ft_topic": "/arm_6dof_right",
      "calib_path": "/home/ubuntu/niu/compliant_grasp_execute/ft_calibration/ft_calibration_right.json",
      "calib_present": true,
      "commanded_m": 0.05558460125411997,
      "throttle_events": 0
    },
    "grasp_tcp_tracking": {
      "commanded_xyz": [
        0.32691903154149354,
        -0.3505725618883472,
        -0.008209567715065591
      ],
      "achieved_xyz": [
        0.37014877408071384,
        -0.31218057103413693,
        0.014056804274731605
      ],
      "error_mm": [
        43.2297425392203,
        38.39199085421024,
        22.266371989797197
      ],
      "error_norm_mm": 61.95600796811445,
      "achieved_quat": [
        -0.2932009852064436,
        -0.4916980391347076,
        0.688418534880943,
        0.4453606868791074
      ],
      "approach_axis_tilt_deg": 20.153256857869433,
      "commanded_approach_axis_tilt_deg": 18.459492578129918,
      "orientation_error_deg": 8.363687378304666
    },
    "grasp_joint_limits": {
      "closest": {
        "joint": "wrist_pitch",
        "value": -0.2522,
        "lower": -0.785,
        "upper": 1.05,
        "dist_to_limit": 0.5328,
        "nearest_side": "lower"
      },
      "breached": [],
      "margin_rad": 0.05
    },
    "lift_joint_limits": {
      "closest": {
        "joint": "wrist_pitch",
        "value": -0.3931,
        "lower": -0.785,
        "upper": 1.05,
        "dist_to_limit": 0.3919,
        "nearest_side": "lower"
      },
      "breached": [],
      "margin_rad": 0.05
    },
    "retract_ok": null,
    "return_home_ok": true,
    "released_on_finish_ok": null,
    "approach_ok": true,
    "grasp_ok": true,
    "lift_ok": true
  },
  "detection": {
    "class_name": "remote control",
    "pose_head_roll_link": [
      0.8286926090407194,
      -0.27250920046675736,
      -0.2257522634319643,
      -0.31970777954714363,
      -0.03242208652737841,
      0.9426804990068036,
      -0.08994009558884111
    ],
    "pose_tip_waist_yaw_link_rpy": {
      "x": 0.5268401546199638,
      "y": -0.27246969065165205,
      "z": -0.09243424465329886,
      "roll": -0.12107944762707896,
      "pitch": 0.0006852283949718707,
      "yaw": -2.9933276190945395
    },
    "pose_tip_used_for_tcp_conversion_rpy": {
      "x": 0.5268401546199638,
      "y": -0.27246969065165205,
      "z": -0.09243424465329886,
      "roll": -2.077518622632056,
      "pitch": 0.10267832142292721,
      "yaw": 1.266609823827608
    },
    "pose_tcp_waist_yaw_link_rpy": {
      "x": 0.30097985393744164,
      "y": -0.21543403719486698,
      "z": -0.22084786858144062,
      "roll": -2.077518622632056,
      "pitch": 0.10267832142292721,
      "yaw": 1.266609823827608
    },
    "pose_tcp_waist_yaw_link_pose7": [
      0.30097985393744164,
      -0.21543403719486698,
      -0.22084786858144062,
      0.7091476017857121,
      0.4883530190627516,
      -0.3354720754572082,
      -0.3822034723053967
    ],
    "current_tcp_pose7": [
      0.11443784588534492,
      -0.26199983321314413,
      0.1417634039342868,
      0.7091476017857121,
      0.4883530190627516,
      -0.3354720754572082,
      -0.3822034723053967
    ],
    "tcp_minus_tip_waist_m": [
      -0.22586030068252216,
      0.057035653456785074,
      -0.12841362392814176
    ],
    "tcp_to_tip_offset_m": [
      0.0,
      0.0,
      -0.266
    ],
    "orientation_policy": "current",
    "use_current_tcp_rotation": true,
    "rotation_source_arm": "right",
    "bbox_2d": [
      835.17724609375,
      356.8067932128906,
      929.7274169921875,
      519.7683715820312
    ],
    "bbox_3d": {
      "min": [
        0.7666392452139329,
        -0.31174500578687153,
        -0.27998332168656026
      ],
      "max": [
        0.904130325509062,
        -0.2392719022051815,
        -0.1681892787452857
      ],
      "center": [
        0.8353847853614975,
        -0.2755084539960265,
        -0.22408630021592296
      ],
      "size": [
        0.13749108029512913,
        0.07247310358169004,
        0.11179404294127457
      ]
    },
    "object_long_axis_waist": [
      -0.9890286274654625,
      -0.14772239002907833,
      -0.0006852283413482416
    ],
    "object_long_axis_yaw_waist_deg": 8.494960725939592,
    "object_angle_from_waist_x_deg": 8.494960725939613
  },
  "gripper": {
    "open_ok": true,
    "close_ok": true,
    "final_pos_pct": 91.0,
    "backend": "modbus_rtu"
  },
  "ok": true
}