{
  "arm": "right",
  "pipeline_version": "accelerated",
  "motion_strategy": "qp_all",
  "dry_run": false,
  "motion": {
    "pre_cycle_move_ok": true,
    "detected_pose7": [
      0.27058693292161506,
      -0.26517966846406754,
      -0.0629732888170112,
      -0.421126128494278,
      -0.4801193580182908,
      0.6398629555265514,
      0.42745009545016094
    ],
    "approach_pose7": [
      0.31750412644002984,
      -0.31338190363324125,
      0.10938985527731691,
      0.20549564001226683,
      0.45419300858966827,
      -0.7619236149327366,
      -0.4134642159752707
    ],
    "grasp_pose7": [
      0.31750412644002984,
      -0.31338190363324125,
      -0.010610144722683078,
      0.20549564001226683,
      0.45419300858966827,
      -0.7619236149327366,
      -0.4134642159752707
    ],
    "lift_pose7": [
      0.31750412644002984,
      -0.31338190363324125,
      0.10938985527731691,
      0.3031885845445913,
      0.5042752341686386,
      -0.728582689375796,
      -0.3506428883464549
    ],
    "pre_home_pose7": [
      0.13750412644002985,
      -0.41338190363324123,
      0.15938985527731692,
      0.3031885845445913,
      0.5042752341686386,
      -0.728582689375796,
      -0.3506428883464549
    ],
    "grasp_xyz_offset_m": [
      0.0,
      0.0,
      -0.005
    ],
    "grasp_quat": [
      0.20549564001226683,
      0.45419300858966827,
      -0.7619236149327366,
      -0.4134642159752707
    ],
    "use_fixed_grasp_quat": true,
    "phase_backends": {
      "approach": "qp_stream",
      "grasp": "qp_stream",
      "lift": "qp_stream"
    },
    "joint_limits_used": {
      "shoulder_pitch": [
        -2.96,
        2.96
      ],
      "shoulder_roll": [
        -2.616,
        0.262
      ],
      "shoulder_yaw": [
        -2.96,
        2.96
      ],
      "elbow_pitch": [
        -2.61,
        0.261
      ],
      "elbow_yaw": [
        -2.96,
        2.96
      ],
      "wrist_pitch": [
        -0.785,
        1.05
      ],
      "wrist_roll": [
        -1.3,
        1.65
      ]
    },
    "approach_tcp_tracking": {
      "commanded_xyz": [
        0.31750412644002984,
        -0.31338190363324125,
        0.10938985527731691
      ],
      "achieved_xyz": [
        0.31794739070026173,
        -0.3131228997722593,
        0.129348025781691
      ],
      "error_mm": [
        0.44326426023189036,
        0.2590038609819323,
        19.95817050437408
      ],
      "error_norm_mm": 19.964772377517107,
      "achieved_quat": [
        -0.2279887296104006,
        -0.4685578199799587,
        0.7542646260792769,
        0.39944909857421496
      ],
      "approach_axis_tilt_deg": 27.19043346390497,
      "commanded_approach_axis_tilt_deg": 30.196059537605958,
      "orientation_error_deg": 3.564236859851756
    },
    "approach_joint_limits": {
      "closest": {
        "joint": "wrist_pitch",
        "value": -0.2065,
        "lower": -0.785,
        "upper": 1.05,
        "dist_to_limit": 0.5785,
        "nearest_side": "lower"
      },
      "breached": [],
      "margin_rad": 0.05
    },
    "compliant_insert": {
      "ok": true,
      "contact": true,
      "reason": "contact",
      "resist_n": 1.011198118334272,
      "traveled_m": 0.0477762697254947,
      "planned_depth_m": 0.043845916675636136,
      "ft_topic": "/arm_6dof_right",
      "calib_path": "/home/ubuntu/cheng/compliant_grasp_execute/ft_calibration/ft_calibration_right.json",
      "calib_present": true,
      "commanded_m": 0.08827626972549471,
      "throttle_events": 0,
      "contact_kind": "force"
    },
    "grasp_tcp_tracking": {
      "commanded_xyz": [
        0.31750412644002984,
        -0.31338190363324125,
        -0.010610144722683078
      ],
      "achieved_xyz": [
        0.31418447051044834,
        -0.3134444601643479,
        -0.013505087835063767
      ],
      "error_mm": [
        -3.3196559295815,
        -0.06255653110665005,
        -2.894943112380689
      ],
      "error_norm_mm": 4.405079390239193,
      "achieved_quat": [
        -0.24392516507845236,
        -0.478473336473159,
        0.7491383395850444,
        0.3877570480203497
      ],
      "approach_axis_tilt_deg": 25.03220151188697,
      "commanded_approach_axis_tilt_deg": 30.196059537605958,
      "orientation_error_deg": 6.161767329240025
    },
    "grasp_joint_limits": {
      "closest": {
        "joint": "wrist_pitch",
        "value": -0.4473,
        "lower": -0.785,
        "upper": 1.05,
        "dist_to_limit": 0.3377,
        "nearest_side": "lower"
      },
      "breached": [],
      "margin_rad": 0.05
    },
    "lift_joint_limits": {
      "closest": {
        "joint": "wrist_pitch",
        "value": -0.4613,
        "lower": -0.785,
        "upper": 1.05,
        "dist_to_limit": 0.3237,
        "nearest_side": "lower"
      },
      "breached": [],
      "margin_rad": 0.05
    },
    "retract_ok": null,
    "return_home_ok": true,
    "released_on_finish_ok": null,
    "approach_ok": true,
    "grasp_ok": true,
    "lift_ok": true
  },
  "detection": {
    "class_name": "remote control",
    "pose_head_roll_link": [
      0.763554540214448,
      -0.21719704303737314,
      -0.28329428674525925,
      -0.3079482334426139,
      0.07512393348701969,
      0.9095794257768266,
      -0.26868112762252133
    ],
    "pose_tip_waist_yaw_link_rpy": {
      "x": 0.44147535979208397,
      "y": -0.21938760092603066,
      "z": -0.09614303576100025,
      "roll": -0.029228190994150863,
      "pitch": -0.0020544435108245107,
      "yaw": -2.5736782880126383
    },
    "pose_tip_used_for_tcp_conversion_rpy": {
      "x": 0.44147535979208397,
      "y": -0.21938760092603066,
      "z": -0.09614303576100025,
      "roll": -1.3838938603953237,
      "pitch": 0.12882794385090812,
      "yaw": 1.8569006851324388
    },
    "pose_tcp_waist_yaw_link_rpy": {
      "x": 0.27058693292161506,
      "y": -0.26517966846406754,
      "z": -0.0629732888170112,
      "roll": -1.3838938603953237,
      "pitch": 0.12882794385090812,
      "yaw": 1.8569006851324388
    },
    "pose_tcp_waist_yaw_link_pose7": [
      0.27058693292161506,
      -0.26517966846406754,
      -0.0629732888170112,
      -0.421126128494278,
      -0.4801193580182908,
      0.6398629555265514,
      0.42745009545016094
    ],
    "current_tcp_pose7": [
      -0.007805898347884199,
      -0.36712116388558924,
      0.09798959990222333,
      -0.421126128494278,
      -0.4801193580182908,
      0.6398629555265514,
      0.42745009545016094
    ],
    "tcp_minus_tip_waist_m": [
      -0.1708884268704689,
      -0.045792067538036885,
      0.033169746943989054
    ],
    "tcp_to_tip_offset_m": [
      0.0,
      0.0,
      -0.18
    ],
    "orientation_policy": "current",
    "use_current_tcp_rotation": true,
    "rotation_source_arm": "right",
    "bbox_2d": [
      764.9413452148438,
      425.01361083984375,
      920.583251953125,
      592.2863159179688
    ],
    "bbox_3d": {
      "min": [
        0.703960061867803,
        -0.2819588176975494,
        -0.33444862210392334
      ],
      "max": [
        0.834206861823897,
        -0.15387023920717413,
        -0.23235036852770133
      ],
      "center": [
        0.76908346184585,
        -0.21791452845236176,
        -0.2833994953158123
      ],
      "size": [
        0.130246799956094,
        0.12808857849037525,
        0.10209825357622201
      ]
    },
    "object_long_axis_waist": [
      -0.8430228393507483,
      -0.5378738435737532,
      0.002054442065613467
    ],
    "object_long_axis_yaw_waist_deg": 32.53909627242069,
    "object_angle_from_waist_x_deg": 32.5390962724207
  },
  "gripper": {
    "open_ok": true,
    "close_ok": true,
    "final_pos_pct": 52.0,
    "backend": "modbus_rtu"
  },
  "ok": true
}