{
  "arm": "right",
  "pipeline_version": "accelerated",
  "motion_strategy": "qp_all",
  "dry_run": false,
  "motion": {
    "pre_cycle_move_ok": true,
    "detected_pose7": [
      0.4095644528841482,
      -0.23251611365554076,
      -0.06426197453535032,
      -0.4215076577609782,
      -0.4802957383327326,
      0.6395217332108065,
      0.4273865357487473
    ],
    "approach_pose7": [
      0.45860709705149827,
      -0.2443782440324506,
      0.07701206057487778,
      0.19847114581786476,
      0.3595995113470861,
      -0.7393256007148113,
      -0.5335682260445839
    ],
    "grasp_pose7": [
      0.45860709705149827,
      -0.2443782440324506,
      0.017012060574877783,
      0.19847114581786476,
      0.3595995113470861,
      -0.7393256007148113,
      -0.5335682260445839
    ],
    "lift_pose7": [
      0.45860709705149827,
      -0.2443782440324506,
      0.13701206057487778,
      0.2932745531242008,
      0.42616771651280905,
      -0.7070948847816487,
      -0.482066320963916
    ],
    "pre_home_pose7": [
      0.2786070970514983,
      -0.3443782440324506,
      0.1870120605748778,
      0.2932745531242008,
      0.42616771651280905,
      -0.7070948847816487,
      -0.482066320963916
    ],
    "grasp_xyz_offset_m": [
      0.0,
      0.0,
      -0.005
    ],
    "grasp_quat": [
      0.19847114581786476,
      0.3595995113470861,
      -0.7393256007148113,
      -0.5335682260445839
    ],
    "use_fixed_grasp_quat": true,
    "phase_backends": {
      "approach": "qp_stream",
      "grasp": "qp_stream",
      "lift": "qp_stream"
    },
    "joint_limits_used": {
      "shoulder_pitch": [
        -2.96,
        2.96
      ],
      "shoulder_roll": [
        -2.616,
        0.262
      ],
      "shoulder_yaw": [
        -2.96,
        2.96
      ],
      "elbow_pitch": [
        -2.61,
        0.261
      ],
      "elbow_yaw": [
        -2.96,
        2.96
      ],
      "wrist_pitch": [
        -0.785,
        1.05
      ],
      "wrist_roll": [
        -1.3,
        1.65
      ]
    },
    "approach_tcp_tracking": {
      "commanded_xyz": [
        0.45860709705149827,
        -0.2443782440324506,
        0.07701206057487778
      ],
      "achieved_xyz": [
        0.4594407055833575,
        -0.24655512656537512,
        0.09670919387484006
      ],
      "error_mm": [
        0.833608531859209,
        -2.176882532924529,
        19.69713329996228
      ],
      "error_norm_mm": 19.8345854754523,
      "achieved_quat": [
        -0.2116275442078772,
        -0.37908157208538706,
        0.7342678140479227,
        0.5218828618484225
      ],
      "approach_axis_tilt_deg": 38.537146159501475,
      "commanded_approach_axis_tilt_deg": 41.49806786248167,
      "orientation_error_deg": 3.063718495650765
    },
    "approach_joint_limits": {
      "closest": {
        "joint": "shoulder_roll",
        "value": -0.504,
        "lower": -2.616,
        "upper": 0.262,
        "dist_to_limit": 0.766,
        "nearest_side": "upper"
      },
      "breached": [],
      "margin_rad": 0.05
    },
    "compliant_insert": {
      "ok": true,
      "contact": true,
      "reason": "contact",
      "resist_n": 1.686135109307651,
      "traveled_m": 0.032955063356063435,
      "planned_depth_m": 0.03856205750711291,
      "ft_topic": "/arm_6dof_right",
      "calib_path": "/home/ubuntu/cheng/compliant_grasp_execute/ft_calibration/ft_calibration_right.json",
      "calib_present": true,
      "commanded_m": 0.07345506335606344,
      "throttle_events": 0,
      "contact_kind": "force"
    },
    "grasp_tcp_tracking": {
      "commanded_xyz": [
        0.45860709705149827,
        -0.2443782440324506,
        0.017012060574877783
      ],
      "achieved_xyz": [
        0.4607496537107007,
        -0.2421226207178769,
        0.023268112978881483
      ],
      "error_mm": [
        2.1425566592024325,
        2.255623314573685,
        6.2560524040037
      ],
      "error_norm_mm": 6.98688609158483,
      "achieved_quat": [
        -0.2145192514660151,
        -0.3963358558146179,
        0.7284477984773585,
        0.5160069622007488
      ],
      "approach_axis_tilt_deg": 36.42704573939388,
      "commanded_approach_axis_tilt_deg": 41.49806786248167,
      "orientation_error_deg": 5.168282658952263
    },
    "grasp_joint_limits": {
      "closest": {
        "joint": "shoulder_roll",
        "value": -0.4582,
        "lower": -2.616,
        "upper": 0.262,
        "dist_to_limit": 0.7202,
        "nearest_side": "upper"
      },
      "breached": [],
      "margin_rad": 0.05
    },
    "lift_joint_limits": {
      "closest": {
        "joint": "shoulder_roll",
        "value": -0.4968,
        "lower": -2.616,
        "upper": 0.262,
        "dist_to_limit": 0.7588,
        "nearest_side": "upper"
      },
      "breached": [],
      "margin_rad": 0.05
    },
    "retract_ok": null,
    "return_home_ok": true,
    "released_on_finish_ok": null,
    "approach_ok": true,
    "grasp_ok": true,
    "lift_ok": true
  },
  "detection": {
    "class_name": "remote control",
    "pose_head_roll_link": [
      0.8740218146180626,
      -0.185108758279809,
      -0.19789344608149767,
      -0.3128039322675014,
      0.00231214638145396,
      0.9423653282897995,
      -0.11872633227029875
    ],
    "pose_tip_waist_yaw_link_rpy": {
      "x": 0.5805051391379312,
      "y": -0.1867914821150399,
      "z": -0.0972550018831273,
      "roll": -0.07022135182649163,
      "pitch": -0.014011922798334853,
      "yaw": -2.911655759424014
    },
    "pose_tip_used_for_tcp_conversion_rpy": {
      "x": 0.5805051391379312,
      "y": -0.1867914821150399,
      "z": -0.0972550018831273,
      "roll": -1.3848985656772612,
      "pitch": 0.12893973564885863,
      "yaw": 1.8563433785057426
    },
    "pose_tcp_waist_yaw_link_rpy": {
      "x": 0.4095644528841482,
      "y": -0.23251611365554076,
      "z": -0.06426197453535032,
      "roll": -1.3848985656772612,
      "pitch": 0.12893973564885863,
      "yaw": 1.8563433785057426
    },
    "pose_tcp_waist_yaw_link_pose7": [
      0.4095644528841482,
      -0.23251611365554076,
      -0.06426197453535032,
      -0.4215076577609782,
      -0.4802957383327326,
      0.6395217332108065,
      0.4273865357487473
    ],
    "current_tcp_pose7": [
      -0.007836227348940933,
      -0.3670797242584172,
      0.098060291106982,
      -0.4215076577609782,
      -0.4802957383327326,
      0.6395217332108065,
      0.4273865357487473
    ],
    "tcp_minus_tip_waist_m": [
      -0.170940686253783,
      -0.045724631540500854,
      0.03299302734777698
    ],
    "tcp_to_tip_offset_m": [
      0.0,
      0.0,
      -0.18
    ],
    "orientation_policy": "current",
    "use_current_tcp_rotation": true,
    "rotation_source_arm": "right",
    "bbox_2d": [
      755.169189453125,
      329.2254638671875,
      847.0648193359375,
      479.5810852050781
    ],
    "bbox_3d": {
      "min": [
        0.8131913106555193,
        -0.227823016470979,
        -0.25207131264815374
      ],
      "max": [
        0.9522165167288122,
        -0.1454743333889151,
        -0.14116739834409092
      ],
      "center": [
        0.8827039136921657,
        -0.18664867492994705,
        -0.19661935549612233
      ],
      "size": [
        0.13902520607329294,
        0.08234868308206389,
        0.11090391430406282
      ]
    },
    "object_long_axis_waist": [
      -0.9735851980306593,
      -0.227893705581726,
      0.014011464300073086
    ],
    "object_long_axis_yaw_waist_deg": 13.174413590045418,
    "object_angle_from_waist_x_deg": 13.174413590045441
  },
  "gripper": {
    "open_ok": true,
    "close_ok": true,
    "final_pos_pct": 53.0,
    "backend": "modbus_rtu"
  },
  "ok": true
}