{
  "arm": "right",
  "pipeline_version": "accelerated",
  "motion_strategy": "qp_all",
  "dry_run": false,
  "motion": {
    "pre_cycle_move_ok": true,
    "detected_pose7": [
      0.4212818180076835,
      -0.32775431248420156,
      -0.0667059036735075,
      -0.42091986379395224,
      -0.48028086511415646,
      0.6398529356340422,
      0.4274868180767408
    ],
    "approach_pose7": [
      0.4515981873911829,
      -0.3526386105442383,
      0.1025284319943148,
      0.251205005218577,
      0.44055459828906457,
      -0.717922391333537,
      -0.47685965577036565
    ],
    "grasp_pose7": [
      0.4515981873911829,
      -0.3526386105442383,
      -0.01747156800568519,
      0.251205005218577,
      0.44055459828906457,
      -0.717922391333537,
      -0.47685965577036565
    ],
    "lift_pose7": [
      0.4515981873911829,
      -0.3526386105442383,
      0.1025284319943148,
      0.34276358762561976,
      0.4990282677193667,
      -0.678991632955034,
      -0.4152761411303071
    ],
    "pre_home_pose7": [
      0.2715981873911829,
      -0.45263861054423826,
      0.15252843199431482,
      0.34276358762561976,
      0.4990282677193667,
      -0.678991632955034,
      -0.4152761411303071
    ],
    "grasp_xyz_offset_m": [
      0.0,
      0.0,
      -0.005
    ],
    "grasp_quat": [
      0.251205005218577,
      0.44055459828906457,
      -0.717922391333537,
      -0.47685965577036565
    ],
    "use_fixed_grasp_quat": true,
    "phase_backends": {
      "approach": "qp_stream",
      "grasp": "qp_stream",
      "lift": "qp_stream"
    },
    "joint_limits_used": {
      "shoulder_pitch": [
        -2.96,
        2.96
      ],
      "shoulder_roll": [
        -2.616,
        0.262
      ],
      "shoulder_yaw": [
        -2.96,
        2.96
      ],
      "elbow_pitch": [
        -2.61,
        0.261
      ],
      "elbow_yaw": [
        -2.96,
        2.96
      ],
      "wrist_pitch": [
        -0.785,
        1.05
      ],
      "wrist_roll": [
        -1.3,
        1.65
      ]
    },
    "approach_tcp_tracking": {
      "commanded_xyz": [
        0.4515981873911829,
        -0.3526386105442383,
        0.1025284319943148
      ],
      "achieved_xyz": [
        0.4480455921911227,
        -0.34763570351116657,
        0.12032991391781239
      ],
      "error_mm": [
        -3.5525952000601824,
        5.002907033071713,
        17.80148192349759
      ],
      "error_norm_mm": 18.82930615051071,
      "achieved_quat": [
        -0.2580509449533052,
        -0.4439830799774915,
        0.7349096687305346,
        0.4429407559807321
      ],
      "approach_axis_tilt_deg": 28.201736117906634,
      "commanded_approach_axis_tilt_deg": 29.052798467684593,
      "orientation_error_deg": 4.434956401204104
    },
    "approach_joint_limits": {
      "closest": {
        "joint": "wrist_pitch",
        "value": -0.4181,
        "lower": -0.785,
        "upper": 1.05,
        "dist_to_limit": 0.3669,
        "nearest_side": "lower"
      },
      "breached": [],
      "margin_rad": 0.05
    },
    "compliant_insert": {
      "ok": true,
      "contact": true,
      "reason": "contact",
      "resist_n": 1.0452182822392486,
      "traveled_m": 0.02572988687539048,
      "planned_depth_m": 0.03837324933127188,
      "ft_topic": "/arm_6dof_right",
      "calib_path": "/home/ubuntu/cheng/compliant_grasp_execute/ft_calibration/ft_calibration_right.json",
      "calib_present": true,
      "commanded_m": 0.06622988687539048,
      "throttle_events": 0,
      "contact_kind": "force"
    },
    "grasp_tcp_tracking": {
      "commanded_xyz": [
        0.4515981873911829,
        -0.3526386105442383,
        -0.01747156800568519
      ],
      "achieved_xyz": [
        0.45688106875789813,
        -0.35128010771173573,
        -0.0047957062020762
      ],
      "error_mm": [
        5.28288136671523,
        1.3585028325025506,
        12.675861803608992
      ],
      "error_norm_mm": 13.799704270197164,
      "achieved_quat": [
        -0.25862077875133066,
        -0.4561530558782372,
        0.717081813781658,
        0.45916593379148757
      ],
      "approach_axis_tilt_deg": 26.74877602853104,
      "commanded_approach_axis_tilt_deg": 29.052798467684593,
      "orientation_error_deg": 2.8350960661477216
    },
    "grasp_joint_limits": {
      "closest": {
        "joint": "wrist_pitch",
        "value": -0.5419,
        "lower": -0.785,
        "upper": 1.05,
        "dist_to_limit": 0.2431,
        "nearest_side": "lower"
      },
      "breached": [],
      "margin_rad": 0.05
    },
    "lift_joint_limits": {
      "closest": {
        "joint": "wrist_pitch",
        "value": -0.4573,
        "lower": -0.785,
        "upper": 1.05,
        "dist_to_limit": 0.3277,
        "nearest_side": "lower"
      },
      "breached": [],
      "margin_rad": 0.05
    },
    "retract_ok": null,
    "return_home_ok": true,
    "released_on_finish_ok": null,
    "approach_ok": true,
    "grasp_ok": true,
    "lift_ok": true
  },
  "detection": {
    "class_name": "remote control",
    "pose_head_roll_link": [
      0.8847693713903395,
      -0.2802968126568863,
      -0.19376813651372207,
      -0.3052396755699464,
      0.019874376051373602,
      0.9405128385485177,
      -0.14788289339856817
    ],
    "pose_tip_waist_yaw_link_rpy": {
      "x": 0.5921524157650567,
      "y": -0.2819005983201132,
      "z": -0.09988233686630366,
      "roll": -0.058436981182405735,
      "pitch": -0.026324179330237563,
      "yaw": -2.8442355679362725
    },
    "pose_tip_used_for_tcp_conversion_rpy": {
      "x": 0.5921524157650567,
      "y": -0.2819005983201132,
      "z": -0.09988233686630366,
      "roll": -1.3838667335978383,
      "pitch": 0.12837848801773122,
      "yaw": 1.8571826962878872
    },
    "pose_tcp_waist_yaw_link_rpy": {
      "x": 0.4212818180076835,
      "y": -0.32775431248420156,
      "z": -0.0667059036735075,
      "roll": -1.3838667335978383,
      "pitch": 0.12837848801773122,
      "yaw": 1.8571826962878872
    },
    "pose_tcp_waist_yaw_link_pose7": [
      0.4212818180076835,
      -0.32775431248420156,
      -0.0667059036735075,
      -0.42091986379395224,
      -0.48028086511415646,
      0.6398529356340422,
      0.4274868180767408
    ],
    "current_tcp_pose7": [
      -0.007821382813509525,
      -0.36707088167751034,
      0.09797928553101037,
      -0.42091986379395224,
      -0.48028086511415646,
      0.6398529356340422,
      0.4274868180767408
    ],
    "tcp_minus_tip_waist_m": [
      -0.17087059775737323,
      -0.045853714164088344,
      0.03317643319279616
    ],
    "tcp_to_tip_offset_m": [
      0.0,
      0.0,
      -0.18
    ],
    "orientation_policy": "current",
    "use_current_tcp_rotation": true,
    "rotation_source_arm": "right",
    "bbox_2d": [
      819.34912109375,
      326.00341796875,
      930.8685913085938,
      471.9731750488281
    ],
    "bbox_3d": {
      "min": [
        0.819284616465176,
        -0.3323035468436029,
        -0.24799717022264958
      ],
      "max": [
        0.9616741657381396,
        -0.23391577195564378,
        -0.1383758465350495
      ],
      "center": [
        0.8904793911016577,
        -0.28310965939962335,
        -0.19318650837884954
      ],
      "size": [
        0.14238954927296354,
        0.09838777488795913,
        0.10962132368760008
      ]
    },
    "object_long_axis_waist": [
      -0.9557829298320174,
      -0.29289279382593814,
      0.026321139157751586
    ],
    "object_long_axis_yaw_waist_deg": 17.03730601625685,
    "object_angle_from_waist_x_deg": 17.037306016256856
  },
  "gripper": {
    "open_ok": true,
    "close_ok": true,
    "final_pos_pct": 52.0,
    "backend": "modbus_rtu"
  },
  "ok": true
}