{
  "arm": "right",
  "pipeline_version": "accelerated",
  "motion_strategy": "qp_all",
  "dry_run": false,
  "motion": {
    "detected_pose7": [
      0.28186666509040753,
      -0.21170102924917816,
      -0.22101291406411322,
      0.7092300932460875,
      0.4883959488254177,
      -0.3353429396539254,
      -0.38210886515406783
    ],
    "approach_pose7": [
      0.3819703457003383,
      -0.39853018105226223,
      0.20085619055023446,
      -0.24604662928869697,
      -0.24381735412572472,
      0.9358981948813833,
      -0.06409932028165348
    ],
    "grasp_pose7": [
      0.4334854023888847,
      -0.39853018105226223,
      0.1096527935799621,
      -0.24604662928869697,
      -0.24381735412572472,
      0.9358981948813833,
      -0.06409932028165348
    ],
    "lift_pose7": [
      0.4334854023888847,
      -0.39853018105226223,
      0.2296527935799621,
      -0.3661008939501122,
      -0.23336482266145062,
      0.8957759264545402,
      -0.09537549254199813
    ],
    "pre_home_pose7": [
      0.25348540238888473,
      -0.4985301810522622,
      0.2796527935799621,
      -0.3661008939501122,
      -0.23336482266145062,
      0.8957759264545402,
      -0.09537549254199813
    ],
    "grasp_xyz_offset_m": [
      0.04,
      0.0,
      0.0
    ],
    "grasp_quat": [
      -0.24604662928869697,
      -0.24381735412572472,
      0.9358981948813833,
      -0.06409932028165348
    ],
    "use_fixed_grasp_quat": true,
    "phase_backends": {
      "approach": "qp_stream",
      "grasp": "qp_stream",
      "lift": "qp_stream"
    },
    "joint_limits_used": {
      "shoulder_pitch": [
        -2.96,
        2.96
      ],
      "shoulder_roll": [
        -2.616,
        0.262
      ],
      "shoulder_yaw": [
        -2.96,
        2.96
      ],
      "elbow_pitch": [
        -2.61,
        0.261
      ],
      "elbow_yaw": [
        -2.96,
        2.96
      ],
      "wrist_pitch": [
        -0.785,
        1.05
      ],
      "wrist_roll": [
        -1.3,
        1.65
      ]
    },
    "elbow_high_proactive_used": true,
    "elbow_high_orientation": "seed",
    "approach_tcp_tracking": {
      "commanded_xyz": [
        0.3819703457003383,
        -0.39853018105226223,
        0.20085619055023446
      ],
      "achieved_xyz": [
        0.37242963102139715,
        -0.39884719673252367,
        0.1841764895620182
      ],
      "error_mm": [
        -9.540714678941132,
        -0.31701568026143434,
        -16.67970098821625
      ],
      "error_norm_mm": 19.218172665027147,
      "achieved_quat": [
        -0.21829432822426073,
        -0.23828999714067195,
        0.9442117934251082,
        -0.06347875774428928
      ],
      "approach_axis_tilt_deg": 52.291324327660504,
      "commanded_approach_axis_tilt_deg": 49.46669353041057,
      "orientation_error_deg": 3.380559804442945
    },
    "approach_joint_limits": {
      "closest": {
        "joint": "wrist_pitch",
        "value": -0.7441,
        "lower": -0.785,
        "upper": 1.05,
        "dist_to_limit": 0.0409,
        "nearest_side": "lower"
      },
      "breached": [],
      "margin_rad": 0.05
    },
    "compliant_insert": {
      "ok": true,
      "contact": true,
      "reason": "contact",
      "resist_n": 1.7753264525925951,
      "traveled_m": 0.008153169900134533,
      "planned_depth_m": 0.03889589086549672,
      "ft_topic": "/arm_6dof_right",
      "calib_path": "/home/ubuntu/niu/compliant_grasp_execute/ft_calibration/ft_calibration_right.json",
      "calib_present": true,
      "commanded_m": 0.04757357389473108,
      "throttle_events": 0,
      "contact_kind": "force"
    },
    "grasp_tcp_tracking": {
      "commanded_xyz": [
        0.4334854023888847,
        -0.39853018105226223,
        0.1096527935799621
      ],
      "achieved_xyz": [
        0.40780341846994533,
        -0.3994367049133365,
        0.12763295587120593
      ],
      "error_mm": [
        -25.681983918939387,
        -0.9065238610742599,
        17.98016229124383
      ],
      "error_norm_mm": 31.36355081209436,
      "achieved_quat": [
        -0.20796526434731014,
        -0.23962375127213553,
        0.9454471129037798,
        -0.07389630134946203
      ],
      "approach_axis_tilt_deg": 53.00250427317049,
      "commanded_approach_axis_tilt_deg": 49.46669353041057,
      "orientation_error_deg": 4.662014488527036
    },
    "grasp_joint_limits": {
      "closest": {
        "joint": "wrist_pitch",
        "value": -0.7612,
        "lower": -0.785,
        "upper": 1.05,
        "dist_to_limit": 0.0238,
        "nearest_side": "lower"
      },
      "breached": [],
      "margin_rad": 0.05
    },
    "lift_joint_limits": {
      "closest": {
        "joint": "wrist_pitch",
        "value": -0.7647,
        "lower": -0.785,
        "upper": 1.05,
        "dist_to_limit": 0.0203,
        "nearest_side": "lower"
      },
      "breached": [],
      "margin_rad": 0.05
    },
    "retract_ok": null,
    "return_home_ok": true,
    "released_on_finish_ok": null,
    "approach_ok": true,
    "grasp_ok": true,
    "lift_ok": true
  },
  "detection": {
    "class_name": "remote control",
    "pose_head_roll_link": [
      0.8136550674627882,
      -0.26864670894974896,
      -0.2376960750212152,
      0.06190070429615035,
      0.9398940964011637,
      0.10057250912276326,
      0.32039438316960606
    ],
    "pose_tip_waist_yaw_link_rpy": {
      "x": 0.5076771113818294,
      "y": -0.26874365081558854,
      "z": -0.09251473637080831,
      "roll": 2.9916619347564697,
      "pitch": -0.0189441718960206,
      "yaw": 2.958326554327759
    },
    "pose_tip_used_for_tcp_conversion_rpy": {
      "x": 0.5076771113818294,
      "y": -0.26874365081558854,
      "z": -0.09251473637080831,
      "roll": -2.077880215262382,
      "pitch": 0.10260972926093626,
      "yaw": 1.2665178546210987
    },
    "pose_tcp_waist_yaw_link_rpy": {
      "x": 0.28186666509040753,
      "y": -0.21170102924917816,
      "z": -0.22101291406411322,
      "roll": -2.077880215262382,
      "pitch": 0.10260972926093626,
      "yaw": 1.2665178546210987
    },
    "pose_tcp_waist_yaw_link_pose7": [
      0.28186666509040753,
      -0.21170102924917816,
      -0.22101291406411322,
      0.7092300932460875,
      0.4883959488254177,
      -0.3353429396539254,
      -0.38210886515406783
    ],
    "current_tcp_pose7": [
      0.11442138150660869,
      -0.261977917925935,
      0.14178780455524265,
      0.7092300932460875,
      0.4883959488254177,
      -0.3353429396539254,
      -0.38210886515406783
    ],
    "tcp_minus_tip_waist_m": [
      -0.22581044629142183,
      0.05704262156641038,
      -0.1284981776933049
    ],
    "tcp_to_tip_offset_m": [
      0.0,
      0.0,
      -0.266
    ],
    "orientation_policy": "current",
    "use_current_tcp_rotation": true,
    "rotation_source_arm": "right",
    "bbox_2d": [
      865.2813110351562,
      365.1421203613281,
      906.347412109375,
      530.9619140625
    ],
    "bbox_3d": {
      "min": [
        0.7540301123070317,
        -0.30695041465935047,
        -0.2930945352325912
      ],
      "max": [
        0.8896381331771892,
        -0.23565162638733517,
        -0.177815139625811
      ],
      "center": [
        0.8218341227421104,
        -0.2713010205233428,
        -0.2354548374292011
      ],
      "size": [
        0.13560802087015755,
        0.0712987882720153,
        0.11527939560678022
      ]
    },
    "object_long_axis_waist": [
      -0.9830772873642768,
      0.1822092433155552,
      0.01894303879707905
    ],
    "object_long_axis_yaw_waist_deg": -10.500374015540189,
    "object_angle_from_waist_x_deg": 10.500374015540183
  },
  "gripper": {
    "open_ok": true,
    "close_ok": true,
    "final_pos_pct": 91.0,
    "backend": "modbus_rtu"
  },
  "ok": true
}