{
  "arm": "right",
  "pipeline_version": "accelerated",
  "motion_strategy": "qp_all",
  "dry_run": false,
  "motion": {
    "pre_cycle_move_ok": true,
    "detected_pose7": [
      0.42182468730996653,
      -0.18907186370983725,
      -0.041169053887991754,
      -0.41306681103757475,
      -0.4230905696686588,
      0.6328206743875229,
      0.49990816511077196
    ],
    "approach_pose7": [
      0.3819437946347731,
      -0.21136812738627883,
      0.09871958312431334,
      0.2092731048290753,
      0.3438731401279199,
      -0.7159474874962073,
      -0.5704167128000643
    ],
    "grasp_pose7": [
      0.4649788841903517,
      -0.21136812738627883,
      0.017610135661810248,
      0.2092731048290753,
      0.3438731401279199,
      -0.7159474874962073,
      -0.5704167128000643
    ],
    "lift_pose7": [
      0.4649788841903517,
      -0.21136812738627883,
      0.13761013566181024,
      0.30093264377892237,
      0.4153855792447736,
      -0.6825068359841983,
      -0.5206522671597148
    ],
    "pre_home_pose7": [
      0.2849788841903517,
      -0.31136812738627884,
      0.18761013566181023,
      0.30093264377892237,
      0.4153855792447736,
      -0.6825068359841983,
      -0.5206522671597148
    ],
    "grasp_xyz_offset_m": [
      0.0,
      0.0,
      -0.005
    ],
    "grasp_quat": [
      0.2092731048290753,
      0.3438731401279199,
      -0.7159474874962073,
      -0.5704167128000643
    ],
    "use_fixed_grasp_quat": true,
    "phase_backends": {
      "approach": "qp_stream",
      "grasp": "qp_stream",
      "lift": "qp_stream"
    },
    "joint_limits_used": {
      "shoulder_pitch": [
        -2.96,
        2.96
      ],
      "shoulder_roll": [
        -2.616,
        0.262
      ],
      "shoulder_yaw": [
        -2.96,
        2.96
      ],
      "elbow_pitch": [
        -2.61,
        0.261
      ],
      "elbow_yaw": [
        -2.96,
        2.96
      ],
      "wrist_pitch": [
        -0.785,
        1.05
      ],
      "wrist_roll": [
        -1.3,
        1.65
      ]
    },
    "approach_tcp_tracking": {
      "commanded_xyz": [
        0.3819437946347731,
        -0.21136812738627883,
        0.09871958312431334
      ],
      "achieved_xyz": [
        0.38530413120219253,
        -0.22079829319358868,
        0.08162390692735239
      ],
      "error_mm": [
        3.3603365674194086,
        -9.430165807309848,
        -17.09567619696095
      ],
      "error_norm_mm": 19.811159320721973,
      "achieved_quat": [
        -0.20146079794092842,
        -0.3302948908863394,
        0.7294132399234539,
        0.5641588050999077
      ],
      "approach_axis_tilt_deg": 44.47818627830931,
      "commanded_approach_axis_tilt_deg": 42.52501717886708,
      "orientation_error_deg": 2.4734448722424682
    },
    "approach_joint_limits": {
      "closest": {
        "joint": "wrist_pitch",
        "value": 0.3069,
        "lower": -0.785,
        "upper": 1.05,
        "dist_to_limit": 0.7431,
        "nearest_side": "upper"
      },
      "breached": [],
      "margin_rad": 0.05
    },
    "compliant_insert": {
      "ok": true,
      "contact": true,
      "reason": "stall_contact",
      "resist_n": -11.933595414470123,
      "traveled_m": 0.012223860648244551,
      "planned_depth_m": 0.03512623010024556,
      "ft_topic": "/arm_6dof_right",
      "calib_path": "/home/ubuntu/cheng/compliant_grasp_execute/ft_calibration/ft_calibration_right.json",
      "calib_present": true,
      "commanded_m": 0.05272386064824455,
      "throttle_events": 0,
      "contact_kind": "stall"
    },
    "grasp_tcp_tracking": {
      "commanded_xyz": [
        0.4649788841903517,
        -0.21136812738627883,
        0.017610135661810248
      ],
      "achieved_xyz": [
        0.4687806347767055,
        -0.21529788584178855,
        0.04881523278133287
      ],
      "error_mm": [
        3.8017505863537915,
        -3.9297584555097185,
        31.205097119522627
      ],
      "error_norm_mm": 31.680504971959184,
      "achieved_quat": [
        -0.20183620391660376,
        -0.35030137331202255,
        0.7276236601737888,
        0.5541794869891385
      ],
      "approach_axis_tilt_deg": 42.3069471485817,
      "commanded_approach_axis_tilt_deg": 42.52501717886708,
      "orientation_error_deg": 2.553697357963758
    },
    "grasp_joint_limits": {
      "closest": {
        "joint": "shoulder_roll",
        "value": -0.4444,
        "lower": -2.616,
        "upper": 0.262,
        "dist_to_limit": 0.7064,
        "nearest_side": "upper"
      },
      "breached": [],
      "margin_rad": 0.05
    },
    "grasp_reach_retry_used": true,
    "grasp_reach_retry_yaw_scale": 0.5,
    "lift_joint_limits": {
      "closest": {
        "joint": "shoulder_roll",
        "value": -0.4682,
        "lower": -2.616,
        "upper": 0.262,
        "dist_to_limit": 0.7302,
        "nearest_side": "upper"
      },
      "breached": [],
      "margin_rad": 0.05
    },
    "retract_ok": null,
    "return_home_ok": true,
    "released_on_finish_ok": null,
    "approach_ok": true,
    "grasp_ok": true,
    "lift_ok": true
  },
  "detection": {
    "class_name": "remote control",
    "pose_head_roll_link": [
      0.8725495956616328,
      -0.16700598543862843,
      -0.19255168516031557,
      -0.3088746109916605,
      0.019919584677047377,
      0.9407835092754148,
      -0.1382970480757992
    ],
    "pose_tip_waist_yaw_link_rpy": {
      "x": 0.5826119277274214,
      "y": -0.16824856777257546,
      "z": -0.09229491491006914,
      "roll": -0.05187519188824521,
      "pitch": -0.0212051319354587,
      "yaw": -2.8631303065254827
    },
    "pose_tip_used_for_tcp_conversion_rpy": {
      "x": 0.5826119277274214,
      "y": -0.16824856777257546,
      "z": -0.09229491491006914,
      "roll": -1.2637454424039065,
      "pitch": 0.09994789833569007,
      "yaw": 1.731215932098959
    },
    "pose_tcp_waist_yaw_link_rpy": {
      "x": 0.42182468730996653,
      "y": -0.18907186370983725,
      "z": -0.041169053887991754,
      "roll": -1.2637454424039065,
      "pitch": 0.09994789833569007,
      "yaw": 1.731215932098959
    },
    "pose_tcp_waist_yaw_link_pose7": [
      0.42182468730996653,
      -0.18907186370983725,
      -0.041169053887991754,
      -0.41306681103757475,
      -0.4230905696686588,
      0.6328206743875229,
      0.49990816511077196
    ],
    "current_tcp_pose7": [
      -0.09643851674399302,
      -0.267338355081256,
      0.1359960398455378,
      -0.41306681103757475,
      -0.4230905696686588,
      0.6328206743875229,
      0.49990816511077196
    ],
    "tcp_minus_tip_waist_m": [
      -0.1607872404174549,
      -0.020823295937261788,
      0.05112586102207738
    ],
    "tcp_to_tip_offset_m": [
      0.0,
      0.0,
      -0.17
    ],
    "orientation_policy": "current",
    "use_current_tcp_rotation": true,
    "rotation_source_arm": "right",
    "bbox_2d": [
      737.7264404296875,
      324.96331787109375,
      833.9918212890625,
      472.9444274902344
    ],
    "bbox_3d": {
      "min": [
        0.8100500079034987,
        -0.21368923620762273,
        -0.25003806323609135
      ],
      "max": [
        0.9499959507156179,
        -0.12411873105240143,
        -0.13547657219678297
      ],
      "center": [
        0.8800229793095583,
        -0.16890398363001208,
        -0.19275731771643717
      ],
      "size": [
        0.13994594281211925,
        0.0895705051552213,
        0.11456149103930838
      ]
    },
    "object_long_axis_waist": [
      -0.9612630809355983,
      -0.27481575464861213,
      0.02120354279632649
    ],
    "object_long_axis_yaw_waist_deg": 15.954717240092123,
    "object_angle_from_waist_x_deg": 15.954717240092132
  },
  "gripper": {
    "open_ok": true,
    "close_ok": true,
    "final_pos_pct": 52.0,
    "backend": "modbus_rtu"
  },
  "ok": true
}