{
  "arm": "right",
  "pipeline_version": "accelerated",
  "motion_strategy": "qp_all",
  "dry_run": false,
  "motion": {
    "pre_cycle_move_ok": true,
    "detected_pose7": [
      0.41191572655135755,
      -0.1763277111921805,
      -0.058935258724765176,
      -0.4125584207129574,
      -0.4236956597521943,
      0.633560176497139,
      0.4988777807869352
    ],
    "approach_pose7": [
      0.3700429298737785,
      -0.19185902541122335,
      0.08271774019285492,
      0.21549961967002873,
      0.33558335322844646,
      -0.7017859712931886,
      -0.5902882155812538
    ],
    "grasp_pose7": [
      0.4538810519520434,
      -0.19185902541122335,
      0.0008912457229289699,
      0.21549961967002873,
      0.33558335322844646,
      -0.7017859712931886,
      -0.5902882155812538
    ],
    "lift_pose7": [
      0.4538810519520434,
      -0.19185902541122335,
      0.12089124572292896,
      0.30525744113621084,
      0.4097604642131255,
      -0.6676537502424621,
      -0.5414358007982044
    ],
    "pre_home_pose7": [
      0.27388105195204343,
      -0.2918590254112233,
      0.17089124572292896,
      0.30525744113621084,
      0.4097604642131255,
      -0.6676537502424621,
      -0.5414358007982044
    ],
    "grasp_xyz_offset_m": [
      0.0,
      0.0,
      -0.005
    ],
    "grasp_quat": [
      0.21549961967002873,
      0.33558335322844646,
      -0.7017859712931886,
      -0.5902882155812538
    ],
    "use_fixed_grasp_quat": true,
    "phase_backends": {
      "approach": "qp_stream",
      "grasp": "qp_stream",
      "lift": "qp_stream"
    },
    "joint_limits_used": {
      "shoulder_pitch": [
        -2.96,
        2.96
      ],
      "shoulder_roll": [
        -2.616,
        0.262
      ],
      "shoulder_yaw": [
        -2.96,
        2.96
      ],
      "elbow_pitch": [
        -2.61,
        0.261
      ],
      "elbow_yaw": [
        -2.96,
        2.96
      ],
      "wrist_pitch": [
        -0.785,
        1.05
      ],
      "wrist_roll": [
        -1.3,
        1.65
      ]
    },
    "approach_tcp_tracking": {
      "commanded_xyz": [
        0.3700429298737785,
        -0.19185902541122335,
        0.08271774019285492
      ],
      "achieved_xyz": [
        0.37174082175277307,
        -0.19784901393369056,
        0.06437044981169587
      ],
      "error_mm": [
        1.6978918789945507,
        -5.98998852246721,
        -18.347290381159052
      ],
      "error_norm_mm": 19.374877126387567,
      "achieved_quat": [
        -0.20889617847427094,
        -0.3357705819652422,
        0.7126289816929982,
        0.5794656481248639
      ],
      "approach_axis_tilt_deg": 43.41210542444574,
      "commanded_approach_axis_tilt_deg": 42.99131199460442,
      "orientation_error_deg": 1.9118109931743124
    },
    "approach_joint_limits": {
      "closest": {
        "joint": "wrist_pitch",
        "value": 0.4518,
        "lower": -0.785,
        "upper": 1.05,
        "dist_to_limit": 0.5982,
        "nearest_side": "upper"
      },
      "breached": [],
      "margin_rad": 0.05
    },
    "compliant_insert": {
      "ok": true,
      "contact": true,
      "reason": "stall_contact",
      "resist_n": -2.5318302966550137,
      "traveled_m": 0.017566679801177633,
      "planned_depth_m": 0.03461872720105949,
      "ft_topic": "/arm_6dof_right",
      "calib_path": "/home/ubuntu/cheng/compliant_grasp_execute/ft_calibration/ft_calibration_right.json",
      "calib_present": true,
      "commanded_m": 0.054618727201059494,
      "throttle_events": 0,
      "contact_kind": "stall"
    },
    "grasp_tcp_tracking": {
      "commanded_xyz": [
        0.4538810519520434,
        -0.19185902541122335,
        0.0008912457229289699
      ],
      "achieved_xyz": [
        0.46258883335389445,
        -0.19872576881965792,
        0.02889098244211674
      ],
      "error_mm": [
        8.707781401851022,
        -6.866743408434573,
        27.999736719187773
      ],
      "error_norm_mm": 30.115824383927038,
      "achieved_quat": [
        -0.20960326078735964,
        -0.3554081348579613,
        0.7069673381956487,
        0.5744116237234853
      ],
      "approach_axis_tilt_deg": 41.26198444239059,
      "commanded_approach_axis_tilt_deg": 42.99131199460442,
      "orientation_error_deg": 3.046375959423312
    },
    "grasp_joint_limits": {
      "closest": {
        "joint": "shoulder_roll",
        "value": -0.4268,
        "lower": -2.616,
        "upper": 0.262,
        "dist_to_limit": 0.6888,
        "nearest_side": "upper"
      },
      "breached": [],
      "margin_rad": 0.05
    },
    "grasp_reach_retry_used": true,
    "grasp_reach_retry_yaw_scale": 0.5,
    "lift_joint_limits": {
      "closest": {
        "joint": "wrist_pitch",
        "value": 0.3801,
        "lower": -0.785,
        "upper": 1.05,
        "dist_to_limit": 0.6699,
        "nearest_side": "upper"
      },
      "breached": [],
      "margin_rad": 0.05
    },
    "retract_ok": null,
    "return_home_ok": true,
    "released_on_finish_ok": null,
    "approach_ok": true,
    "grasp_ok": true,
    "lift_ok": true
  },
  "detection": {
    "class_name": "remote control",
    "pose_head_roll_link": [
      0.8754912543867565,
      -0.1534837687161875,
      -0.21318615138613517,
      -0.30929251590951434,
      -0.016063391770477303,
      0.9463221161515633,
      -0.0924908618708809
    ],
    "pose_tip_waist_yaw_link_rpy": {
      "x": 0.572651724896252,
      "y": -0.15503675220701463,
      "z": -0.11002962144279949,
      "roll": -0.08867841713567318,
      "pitch": -0.022857124974988707,
      "yaw": -2.973421017182722
    },
    "pose_tip_used_for_tcp_conversion_rpy": {
      "x": 0.572651724896252,
      "y": -0.15503675220701463,
      "z": -0.11002962144279949,
      "roll": -1.2639332759989876,
      "pitch": 0.10018397490403963,
      "yaw": 1.734170707692521
    },
    "pose_tcp_waist_yaw_link_rpy": {
      "x": 0.41191572655135755,
      "y": -0.1763277111921805,
      "z": -0.058935258724765176,
      "roll": -1.2639332759989876,
      "pitch": 0.10018397490403963,
      "yaw": 1.734170707692521
    },
    "pose_tcp_waist_yaw_link_pose7": [
      0.41191572655135755,
      -0.1763277111921805,
      -0.058935258724765176,
      -0.4125584207129574,
      -0.4236956597521943,
      0.633560176497139,
      0.4988777807869352
    ],
    "current_tcp_pose7": [
      -0.09637227331405412,
      -0.2677567793630993,
      0.13607763620890845,
      -0.4125584207129574,
      -0.4236956597521943,
      0.633560176497139,
      0.4988777807869352
    ],
    "tcp_minus_tip_waist_m": [
      -0.1607359983448945,
      -0.021290958985165864,
      0.05109436271803431
    ],
    "tcp_to_tip_offset_m": [
      0.0,
      0.0,
      -0.17
    ],
    "orientation_policy": "current",
    "use_current_tcp_rotation": true,
    "rotation_source_arm": "right",
    "bbox_2d": [
      734.9942626953125,
      337.7898864746094,
      812.842041015625,
      488.2744445800781
    ],
    "bbox_3d": {
      "min": [
        0.8119159005557782,
        -0.19357937684666032,
        -0.26855646189116056
      ],
      "max": [
        0.9532376634965196,
        -0.11707848588700911,
        -0.15759382798964344
      ],
      "center": [
        0.882576782026149,
        -0.15532893136683473,
        -0.213075144940402
      ],
      "size": [
        0.1413217629407414,
        0.07650089095965121,
        0.11096263390151712
      ]
    },
    "object_long_axis_waist": [
      -0.9856349185870755,
      -0.16733633818575452,
      0.02285513474982332
    ],
    "object_long_axis_yaw_waist_deg": 9.635524999933807,
    "object_angle_from_waist_x_deg": 9.635524999933795
  },
  "gripper": {
    "open_ok": true,
    "close_ok": true,
    "final_pos_pct": 52.0,
    "backend": "modbus_rtu"
  },
  "ok": true
}