{
  "arm": "right",
  "pipeline_version": "accelerated",
  "motion_strategy": "qp_all",
  "dry_run": false,
  "motion": {
    "pre_cycle_move_ok": true,
    "detected_pose7": [
      0.3486803160069586,
      -0.16345417123885536,
      -0.04851484747599884,
      -0.4124727139559855,
      -0.4234050396557911,
      0.6336973634344727,
      0.49902112601778653
    ],
    "approach_pose7": [
      0.29850105080114137,
      -0.1556112128298032,
      0.0930304070634625,
      0.2467777563989781,
      0.3133001946834088,
      -0.6417568783309697,
      -0.6550510179160961
    ],
    "grasp_pose7": [
      0.385764794968055,
      -0.1556112128298032,
      0.011203912593536553,
      0.2467777563989781,
      0.3133001946834088,
      -0.6417568783309697,
      -0.6550510179160961
    ],
    "lift_pose7": [
      0.385764794968055,
      -0.1556112128298032,
      0.13120391259353656,
      0.3284326201426932,
      0.3961211831647369,
      -0.6040555984051715,
      -0.608553084216771
    ],
    "pre_home_pose7": [
      0.205764794968055,
      -0.2556112128298032,
      0.18120391259353658,
      0.3284326201426932,
      0.3961211831647369,
      -0.6040555984051715,
      -0.608553084216771
    ],
    "grasp_xyz_offset_m": [
      0.0,
      0.0,
      -0.005
    ],
    "grasp_quat": [
      0.2467777563989781,
      0.3133001946834088,
      -0.6417568783309697,
      -0.6550510179160961
    ],
    "use_fixed_grasp_quat": true,
    "phase_backends": {
      "approach": "qp_stream",
      "grasp": "qp_stream",
      "lift": "qp_stream"
    },
    "joint_limits_used": {
      "shoulder_pitch": [
        -2.96,
        2.96
      ],
      "shoulder_roll": [
        -2.616,
        0.262
      ],
      "shoulder_yaw": [
        -2.96,
        2.96
      ],
      "elbow_pitch": [
        -2.61,
        0.261
      ],
      "elbow_yaw": [
        -2.96,
        2.96
      ],
      "wrist_pitch": [
        -0.785,
        1.05
      ],
      "wrist_roll": [
        -1.3,
        1.65
      ]
    },
    "approach_tcp_tracking": {
      "commanded_xyz": [
        0.29850105080114137,
        -0.1556112128298032,
        0.0930304070634625
      ],
      "achieved_xyz": [
        0.3081253752920936,
        -0.16718755315955633,
        0.10565874171694534
      ],
      "error_mm": [
        9.62432449095224,
        -11.576340329753132,
        12.628334653482842
      ],
      "error_norm_mm": 19.64978660082006,
      "achieved_quat": [
        -0.2582179674414508,
        -0.33090987485655987,
        0.6128610362294455,
        0.6694949486624914
      ],
      "approach_axis_tilt_deg": 40.364224650162306,
      "commanded_approach_axis_tilt_deg": 42.991311994604416,
      "orientation_error_deg": 4.415508518716038
    },
    "approach_joint_limits": {
      "closest": {
        "joint": "wrist_pitch",
        "value": 0.8964,
        "lower": -0.785,
        "upper": 1.05,
        "dist_to_limit": 0.1536,
        "nearest_side": "upper"
      },
      "breached": [],
      "margin_rad": 0.05
    },
    "compliant_insert": {
      "ok": true,
      "contact": true,
      "reason": "stall_contact",
      "resist_n": 0.040284092283775566,
      "traveled_m": 0.009229241399854406,
      "planned_depth_m": 0.034789252256512075,
      "ft_topic": "/arm_6dof_right",
      "calib_path": "/home/ubuntu/cheng/compliant_grasp_execute/ft_calibration/ft_calibration_right.json",
      "calib_present": true,
      "commanded_m": 0.04950732713018413,
      "throttle_events": 0,
      "contact_kind": "stall"
    },
    "grasp_tcp_tracking": {
      "commanded_xyz": [
        0.385764794968055,
        -0.1556112128298032,
        0.011203912593536553
      ],
      "achieved_xyz": [
        0.38989934657698666,
        -0.15338611402066732,
        0.041741075880381895
      ],
      "error_mm": [
        4.13455160893167,
        2.2250988091358783,
        30.53716328684534
      ],
      "error_norm_mm": 30.89601792019147,
      "achieved_quat": [
        -0.2544907548473996,
        -0.35025699961336365,
        0.6054521472400878,
        0.6678189779584076
      ],
      "approach_axis_tilt_deg": 38.690186730734034,
      "commanded_approach_axis_tilt_deg": 42.991311994604416,
      "orientation_error_deg": 6.178445169155786
    },
    "grasp_joint_limits": {
      "closest": {
        "joint": "wrist_pitch",
        "value": 0.8895,
        "lower": -0.785,
        "upper": 1.05,
        "dist_to_limit": 0.1605,
        "nearest_side": "upper"
      },
      "breached": [],
      "margin_rad": 0.05
    },
    "lift_joint_limits": {
      "closest": {
        "joint": "wrist_pitch",
        "value": 0.9936,
        "lower": -0.785,
        "upper": 1.05,
        "dist_to_limit": 0.0564,
        "nearest_side": "upper"
      },
      "breached": [],
      "margin_rad": 0.05
    },
    "retract_ok": null,
    "return_home_ok": true,
    "released_on_finish_ok": null,
    "approach_ok": true,
    "grasp_ok": true,
    "lift_ok": true
  },
  "detection": {
    "class_name": "remote control",
    "pose_head_roll_link": [
      0.8192945047475516,
      -0.14088505806835366,
      -0.24346969109681074,
      0.04887515268478466,
      0.9481854333843437,
      0.028606365104704063,
      0.31262961990713467
    ],
    "pose_tip_waist_yaw_link_rpy": {
      "x": 0.5093884325378493,
      "y": -0.1422116311364183,
      "z": -0.09971695457219187,
      "roll": 3.1242376242646617,
      "pitch": -0.02588317830992204,
      "yaw": 3.03301557984478
    },
    "pose_tip_used_for_tcp_conversion_rpy": {
      "x": 0.5093884325378493,
      "y": -0.1422116311364183,
      "z": -0.09971695457219187,
      "roll": -1.2632594455049206,
      "pitch": 0.10035800161914521,
      "yaw": 1.7340262351641673
    },
    "pose_tcp_waist_yaw_link_rpy": {
      "x": 0.3486803160069586,
      "y": -0.16345417123885536,
      "z": -0.04851484747599884,
      "roll": -1.2632594455049206,
      "pitch": 0.10035800161914521,
      "yaw": 1.7340262351641673
    },
    "pose_tcp_waist_yaw_link_pose7": [
      0.3486803160069586,
      -0.16345417123885536,
      -0.04851484747599884,
      -0.4124727139559855,
      -0.4234050396557911,
      0.6336973634344727,
      0.49902112601778653
    ],
    "current_tcp_pose7": [
      -0.09638645803179013,
      -0.2677800805260977,
      0.13602358603999584,
      -0.4124727139559855,
      -0.4234050396557911,
      0.6336973634344727,
      0.49902112601778653
    ],
    "tcp_minus_tip_waist_m": [
      -0.16070811653089068,
      -0.021242540102437063,
      0.051202107096193036
    ],
    "tcp_to_tip_offset_m": [
      0.0,
      0.0,
      -0.17
    ],
    "orientation_policy": "current",
    "use_current_tcp_rotation": true,
    "rotation_source_arm": "right",
    "bbox_2d": [
      756.0635986328125,
      374.6319580078125,
      793.27294921875,
      541.4597778320312
    ],
    "bbox_3d": {
      "min": [
        0.7492820046237743,
        -0.1736286491489694,
        -0.30171471856308196
      ],
      "max": [
        0.895591220041273,
        -0.11327630223312743,
        -0.18278772297063714
      ],
      "center": [
        0.8224366123325236,
        -0.1434524756910484,
        -0.24225122076685957
      ],
      "size": [
        0.14630921541749875,
        0.06035234691584196,
        0.11892699559244482
      ]
    },
    "object_long_axis_waist": [
      -0.993778319755486,
      0.10832756739274407,
      0.025880288381976414
    ],
    "object_long_axis_yaw_waist_deg": -6.221008077469946,
    "object_angle_from_waist_x_deg": 6.221008077469968
  },
  "gripper": {
    "open_ok": true,
    "close_ok": true,
    "final_pos_pct": 53.0,
    "backend": "modbus_rtu"
  },
  "ok": true
}