{
  "arm": "right",
  "pipeline_version": "accelerated",
  "motion_strategy": "qp_all",
  "dry_run": false,
  "motion": {
    "detected_pose7": [
      0.3607594481002394,
      -0.21564689079538368,
      -0.1921959897931395,
      -0.4122930050787165,
      -0.4233413893818345,
      0.6337866705503198,
      0.4991102105068177
    ],
    "approach_pose7": [
      0.3162424011047492,
      -0.2357832772449391,
      -0.05103692153438735,
      0.23018353586148868,
      0.35269555485484283,
      -0.6979988477361336,
      -0.5791536876883089
    ],
    "grasp_pose7": [
      0.4038262668706543,
      -0.2357832772449391,
      -0.12846605403133232,
      0.23018353586148868,
      0.35269555485484283,
      -0.6979988477361336,
      -0.5791536876883089
    ],
    "lift_pose7": [
      0.4038262668706543,
      -0.2357832772449391,
      -0.008466054031332326,
      0.31932141557170823,
      0.4252729210543747,
      -0.6619823903850826,
      -0.5281629398161255
    ],
    "pre_home_pose7": [
      0.22382626687065432,
      -0.3357832772449391,
      0.041533945968667677,
      0.31932141557170823,
      0.4252729210543747,
      -0.6619823903850826,
      -0.5281629398161255
    ],
    "grasp_xyz_offset_m": [
      0.0,
      0.0,
      -0.005
    ],
    "grasp_quat": [
      0.23018353586148868,
      0.35269555485484283,
      -0.6979988477361336,
      -0.5791536876883089
    ],
    "use_fixed_grasp_quat": true,
    "phase_backends": {
      "approach": "qp_stream",
      "grasp": "qp_stream",
      "lift": "qp_stream"
    },
    "joint_limits_used": {
      "shoulder_pitch": [
        -2.96,
        2.96
      ],
      "shoulder_roll": [
        -2.616,
        0.262
      ],
      "shoulder_yaw": [
        -2.96,
        2.96
      ],
      "elbow_pitch": [
        -2.61,
        0.261
      ],
      "elbow_yaw": [
        -2.96,
        2.96
      ],
      "wrist_pitch": [
        -0.785,
        1.05
      ],
      "wrist_roll": [
        -1.3,
        1.65
      ]
    },
    "approach_tcp_tracking": {
      "commanded_xyz": [
        0.3162424011047492,
        -0.2357832772449391,
        -0.05103692153438735
      ],
      "achieved_xyz": [
        0.3152362144160641,
        -0.24477689820464743,
        -0.07351521188281407
      ],
      "error_mm": [
        -1.006186688685129,
        -8.99362095970832,
        -22.478290348426714
      ],
      "error_norm_mm": 24.23161502268401,
      "achieved_quat": [
        -0.21781823721498245,
        -0.35446049739070673,
        0.7115614345629668,
        0.566209586786362
      ],
      "approach_axis_tilt_deg": 40.830686548184715,
      "commanded_approach_axis_tilt_deg": 40.183880030444556,
      "orientation_error_deg": 2.581569058925697
    },
    "approach_joint_limits": {
      "closest": {
        "joint": "shoulder_roll",
        "value": -0.5253,
        "lower": -2.616,
        "upper": 0.262,
        "dist_to_limit": 0.7873,
        "nearest_side": "upper"
      },
      "breached": [],
      "margin_rad": 0.05
    },
    "compliant_insert": {
      "ok": false,
      "contact": false,
      "reason": "blocked_no_progress",
      "resist_n": -0.18374207366560993,
      "traveled_m": 0.0020488042713624967,
      "planned_depth_m": 0.0344536278758364,
      "ft_topic": "/arm_6dof_right",
      "calib_path": "/home/ubuntu/cheng/compliant_grasp_execute/ft_calibration/ft_calibration_right.json",
      "calib_present": true,
      "commanded_m": 0.0425488042713625,
      "throttle_events": 0,
      "contact_kind": "blocked_no_progress"
    },
    "grasp_tcp_tracking": {
      "commanded_xyz": [
        0.4038262668706543,
        -0.2357832772449391,
        -0.12846605403133232
      ],
      "achieved_xyz": [
        0.38818895653688146,
        -0.23698200996855295,
        -0.0987334556765857
      ],
      "error_mm": [
        -15.637310333772858,
        -1.1987327236138434,
        29.73259835474662
      ],
      "error_norm_mm": 33.615321499906315,
      "achieved_quat": [
        -0.21612340193328713,
        -0.3677521430498413,
        0.6993010948219717,
        0.5736087649259065
      ],
      "approach_axis_tilt_deg": 39.50147413652277,
      "commanded_approach_axis_tilt_deg": 40.183880030444556,
      "orientation_error_deg": 2.4492793024974486
    },
    "grasp_joint_limits": {
      "closest": {
        "joint": "shoulder_roll",
        "value": -0.3455,
        "lower": -2.616,
        "upper": 0.262,
        "dist_to_limit": 0.6075,
        "nearest_side": "upper"
      },
      "breached": [],
      "margin_rad": 0.05
    },
    "grasp_reach_retry_used": true,
    "grasp_reach_retry_yaw_scale": 0.5,
    "lift_joint_limits": {
      "closest": {
        "joint": "shoulder_roll",
        "value": -0.3455,
        "lower": -2.616,
        "upper": 0.262,
        "dist_to_limit": 0.6075,
        "nearest_side": "upper"
      },
      "breached": [],
      "margin_rad": 0.05
    },
    "retract_ok": null,
    "return_home_ok": true,
    "released_on_finish_ok": null,
    "approach_ok": true,
    "grasp_ok": false,
    "lift_ok": true
  },
  "detection": {
    "class_name": "remote control",
    "pose_head_roll_link": [
      0.9449280968635618,
      -0.1880975072937251,
      -0.3402948245882091,
      -0.3167167415655462,
      0.007078020583869797,
      0.9438646250567795,
      -0.09359474773267187
    ],
    "pose_tip_waist_yaw_link_rpy": {
      "x": 0.5497993764804961,
      "y": -0.19063549834453059,
      "z": -0.2525146081929073,
      "roll": -0.04342378530421547,
      "pitch": -0.010478089028990167,
      "yaw": -2.956061287612204
    },
    "pose_tip_used_for_tcp_conversion_rpy": {
      "x": 0.5497993764804961,
      "y": -0.19063549834453059,
      "z": -0.2525146081929073,
      "roll": -1.2628384859143276,
      "pitch": 0.100191142111268,
      "yaw": 1.7341442743552198
    },
    "pose_tcp_waist_yaw_link_rpy": {
      "x": 0.3607594481002394,
      "y": -0.21564689079538368,
      "z": -0.1921959897931395,
      "roll": -1.2628384859143276,
      "pitch": 0.100191142111268,
      "yaw": 1.7341442743552198
    },
    "pose_tcp_waist_yaw_link_pose7": [
      0.3607594481002394,
      -0.21564689079538368,
      -0.1921959897931395,
      -0.4122930050787165,
      -0.4233413893818345,
      0.6337866705503198,
      0.4991102105068177
    ],
    "current_tcp_pose7": [
      -0.09639927163840555,
      -0.26776881736476543,
      0.135989397805115,
      -0.4122930050787165,
      -0.4233413893818345,
      0.6337866705503198,
      0.4991102105068177
    ],
    "tcp_minus_tip_waist_m": [
      -0.18903992838025674,
      -0.025011392450853098,
      0.060318618399767765
    ],
    "tcp_to_tip_offset_m": [
      0.0,
      0.0,
      -0.2
    ],
    "orientation_policy": "current",
    "use_current_tcp_rotation": true,
    "rotation_source_arm": "right",
    "bbox_2d": [
      749.2955932617188,
      413.3447265625,
      822.289794921875,
      557.94677734375
    ],
    "bbox_3d": {
      "min": [
        0.8797249214790245,
        -0.226842184842202,
        -0.40135273562658413
      ],
      "max": [
        1.0221194944701328,
        -0.15221655166064632,
        -0.28610596021351964
      ],
      "center": [
        0.9509222079745787,
        -0.18952936825142416,
        -0.3437293479200519
      ],
      "size": [
        0.14239457299110836,
        0.07462563318155568,
        0.1152467754130645
      ]
    },
    "object_long_axis_waist": [
      -0.9827844163488074,
      -0.18445868006181976,
      0.010477897297866337
    ],
    "object_long_axis_yaw_waist_deg": 10.630164237812949,
    "object_angle_from_waist_x_deg": 10.630164237812945
  },
  "gripper": {
    "open_ok": true,
    "close_ok": null,
    "final_pos_pct": null,
    "backend": "modbus_rtu"
  },
  "ok": false
}