{
  "arm": "right",
  "pipeline_version": "accelerated",
  "motion_strategy": "qp_all",
  "dry_run": false,
  "motion": {
    "pre_cycle_move_ok": true,
    "detected_pose7": [
      0.42277565963243957,
      -0.26876145553845326,
      -0.05976135256441864,
      -0.4213673834786399,
      -0.48022870863717093,
      0.6396975282912445,
      0.42733708923882596
    ],
    "approach_pose7": [
      0.46730672799057194,
      -0.30942601055781715,
      0.11681653170413794,
      0.21024391538812096,
      0.4392242046807809,
      -0.7560068056656867,
      -0.4374166250292425
    ],
    "grasp_pose7": [
      0.46730672799057194,
      -0.30942601055781715,
      -0.0031834682958620476,
      0.21024391538812096,
      0.4392242046807809,
      -0.7560068056656867,
      -0.4374166250292425
    ],
    "lift_pose7": [
      0.46730672799057194,
      -0.30942601055781715,
      0.11681653170413794,
      0.3071239391826493,
      0.49256090720057205,
      -0.7220967249278277,
      -0.37634420219685444
    ],
    "pre_home_pose7": [
      0.28730672799057194,
      -0.40942601055781713,
      0.16681653170413796,
      0.3071239391826493,
      0.49256090720057205,
      -0.7220967249278277,
      -0.37634420219685444
    ],
    "grasp_xyz_offset_m": [
      0.0,
      0.0,
      -0.005
    ],
    "grasp_quat": [
      0.21024391538812096,
      0.4392242046807809,
      -0.7560068056656867,
      -0.4374166250292425
    ],
    "use_fixed_grasp_quat": true,
    "phase_backends": {
      "approach": "qp_stream",
      "grasp": "qp_stream",
      "lift": "qp_stream"
    },
    "joint_limits_used": {
      "shoulder_pitch": [
        -2.96,
        2.96
      ],
      "shoulder_roll": [
        -2.616,
        0.262
      ],
      "shoulder_yaw": [
        -2.96,
        2.96
      ],
      "elbow_pitch": [
        -2.61,
        0.261
      ],
      "elbow_yaw": [
        -2.96,
        2.96
      ],
      "wrist_pitch": [
        -0.785,
        1.05
      ],
      "wrist_roll": [
        -1.3,
        1.65
      ]
    },
    "approach_tcp_tracking": {
      "commanded_xyz": [
        0.46730672799057194,
        -0.30942601055781715,
        0.11681653170413794
      ],
      "achieved_xyz": [
        0.4583789007661052,
        -0.30750377530486833,
        0.133622042512347
      ],
      "error_mm": [
        -8.927827224466721,
        1.922235252948823,
        16.80551080820905
      ],
      "error_norm_mm": 19.126585707920785,
      "achieved_quat": [
        -0.21827021286761114,
        -0.43085391534411854,
        0.7815045631343639,
        0.3949349764297129
      ],
      "approach_axis_tilt_deg": 32.2385866310808,
      "commanded_approach_axis_tilt_deg": 31.71936549684867,
      "orientation_error_deg": 5.831650119174744
    },
    "approach_joint_limits": {
      "closest": {
        "joint": "wrist_pitch",
        "value": -0.4532,
        "lower": -0.785,
        "upper": 1.05,
        "dist_to_limit": 0.3318,
        "nearest_side": "lower"
      },
      "breached": [],
      "margin_rad": 0.05
    },
    "compliant_insert": {
      "ok": true,
      "contact": true,
      "reason": "contact",
      "resist_n": 1.5197065538038332,
      "traveled_m": 0.029022224621020356,
      "planned_depth_m": 0.03788502838323022,
      "ft_topic": "/arm_6dof_right",
      "calib_path": "/home/ubuntu/cheng/compliant_grasp_execute/ft_calibration/ft_calibration_right.json",
      "calib_present": true,
      "commanded_m": 0.06952222462102035,
      "throttle_events": 0,
      "contact_kind": "force"
    },
    "grasp_tcp_tracking": {
      "commanded_xyz": [
        0.46730672799057194,
        -0.30942601055781715,
        -0.0031834682958620476
      ],
      "achieved_xyz": [
        0.47293705976163586,
        -0.3074233182409418,
        0.006097266169411808
      ],
      "error_mm": [
        5.630331771063924,
        2.002692316875332,
        9.280734465273856
      ],
      "error_norm_mm": 11.038271811440653,
      "achieved_quat": [
        -0.22405723148968593,
        -0.44798995546136045,
        0.7731698344345479,
        0.3889881282807474
      ],
      "approach_axis_tilt_deg": 29.88142788081397,
      "commanded_approach_axis_tilt_deg": 31.71936549684867,
      "orientation_error_deg": 6.179704763087675
    },
    "grasp_joint_limits": {
      "closest": {
        "joint": "wrist_pitch",
        "value": -0.5695,
        "lower": -0.785,
        "upper": 1.05,
        "dist_to_limit": 0.2155,
        "nearest_side": "lower"
      },
      "breached": [],
      "margin_rad": 0.05
    },
    "lift_joint_limits": {
      "closest": {
        "joint": "wrist_pitch",
        "value": -0.483,
        "lower": -0.785,
        "upper": 1.05,
        "dist_to_limit": 0.302,
        "nearest_side": "lower"
      },
      "breached": [],
      "margin_rad": 0.05
    },
    "retract_ok": null,
    "return_home_ok": true,
    "released_on_finish_ok": null,
    "approach_ok": true,
    "grasp_ok": true,
    "lift_ok": false
  },
  "detection": {
    "class_name": "remote control",
    "pose_head_roll_link": [
      0.8816230876867863,
      -0.22153044907336297,
      -0.18673353833866832,
      -0.29822106246419616,
      0.03944618091971536,
      0.9227421621972409,
      -0.24094625711377193
    ],
    "pose_tip_waist_yaw_link_rpy": {
      "x": 0.5936918560358746,
      "y": -0.22299278109990237,
      "z": -0.092820122159193,
      "roll": -0.08428898580719185,
      "pitch": -0.01713815097587812,
      "yaw": -2.6514809788596336
    },
    "pose_tip_used_for_tcp_conversion_rpy": {
      "x": 0.5936918560358746,
      "y": -0.22299278109990237,
      "z": -0.092820122159193,
      "roll": -1.3845219918210165,
      "pitch": 0.12901386957183902,
      "yaw": 1.8566835616144233
    },
    "pose_tcp_waist_yaw_link_rpy": {
      "x": 0.42277565963243957,
      "y": -0.26876145553845326,
      "z": -0.05976135256441864,
      "roll": -1.3845219918210165,
      "pitch": 0.12901386957183902,
      "yaw": 1.8566835616144233
    },
    "pose_tcp_waist_yaw_link_pose7": [
      0.42277565963243957,
      -0.26876145553845326,
      -0.05976135256441864,
      -0.4213673834786399,
      -0.48022870863717093,
      0.6396975282912445,
      0.42733708923882596
    ],
    "current_tcp_pose7": [
      -0.007799091561385529,
      -0.3671227924543359,
      0.098035752197285,
      -0.4213673834786399,
      -0.48022870863717093,
      0.6396975282912445,
      0.42733708923882596
    ],
    "tcp_minus_tip_waist_m": [
      -0.17091619640343503,
      -0.0457686744385509,
      0.033058769594774357
    ],
    "tcp_to_tip_offset_m": [
      0.0,
      0.0,
      -0.18
    ],
    "orientation_policy": "current",
    "use_current_tcp_rotation": true,
    "rotation_source_arm": "right",
    "bbox_2d": [
      761.4806518554688,
      324.2553405761719,
      891.9109497070312,
      462.7261657714844
    ],
    "bbox_3d": {
      "min": [
        0.8191457838703731,
        -0.2818068464839998,
        -0.2412863069499542
      ],
      "max": [
        0.9560520685724683,
        -0.16095352675139724,
        -0.13385102660002285
      ],
      "center": [
        0.8875989262214207,
        -0.2213801866176985,
        -0.1875686667749885
      ],
      "size": [
        0.1369062847020952,
        0.12085331973260255,
        0.10743528034993136
      ]
    },
    "object_long_axis_waist": [
      -0.8821507292443623,
      -0.47065529151391433,
      0.017137312029381478
    ],
    "object_long_axis_yaw_waist_deg": 28.081330452126736,
    "object_angle_from_waist_x_deg": 28.081330452126753
  },
  "gripper": {
    "open_ok": true,
    "close_ok": true,
    "final_pos_pct": 52.0,
    "backend": "modbus_rtu"
  },
  "ok": false
}