{
  "arm": "left",
  "pipeline_version": "accelerated",
  "motion_strategy": "qp_all",
  "dry_run": false,
  "motion": {
    "detected_pose7": [
      0.33334832251718927,
      0.2989924420416928,
      -0.13527049622060358,
      0.7090504680817121,
      0.4883211970814262,
      -0.33554931829456486,
      -0.38235650535347326
    ],
    "approach_pose7": [
      0.24045391823737838,
      0.32295781697037257,
      0.07826764850833887,
      -0.3658716468525702,
      0.5120872499210825,
      0.6262046188193487,
      -0.46018731171878824
    ],
    "grasp_pose7": [
      0.3519978950519635,
      0.32295781697037257,
      0.053330547748902626,
      -0.3658716468525702,
      0.5120872499210825,
      0.6262046188193487,
      -0.46018731171878824
    ],
    "lift_pose7": [
      0.3519978950519635,
      0.32295781697037257,
      0.1733305477489026,
      -0.44447766863945265,
      0.5677727700159388,
      0.5730915185920437,
      -0.3894095466563837
    ],
    "pre_home_pose7": [
      0.1719978950519635,
      0.22295781697037256,
      0.2233305477489026,
      -0.44447766863945265,
      0.5677727700159388,
      0.5730915185920437,
      -0.3894095466563837
    ],
    "grasp_xyz_offset_m": [
      0.04,
      0.0,
      0.005
    ],
    "grasp_quat": [
      -0.3658716468525702,
      0.5120872499210825,
      0.6262046188193487,
      -0.46018731171878824
    ],
    "use_fixed_grasp_quat": true,
    "phase_backends": {
      "approach": "qp_stream",
      "grasp": "qp_stream",
      "lift": "qp_stream"
    },
    "joint_limits_used": {
      "shoulder_pitch": [
        -2.96,
        2.96
      ],
      "shoulder_roll": [
        -0.262,
        2.616
      ],
      "shoulder_yaw": [
        -2.96,
        2.96
      ],
      "elbow_pitch": [
        -2.61,
        0.261
      ],
      "elbow_yaw": [
        -2.96,
        2.96
      ],
      "wrist_pitch": [
        -0.785,
        1.05
      ],
      "wrist_roll": [
        -1.65,
        1.3
      ]
    },
    "grasp_reach_retry_used": true,
    "grasp_reach_retry_yaw_scale": 0.5,
    "approach_best_effort": true,
    "approach_tcp_tracking": {
      "commanded_xyz": [
        0.24045391823737838,
        0.32295781697037257,
        0.07826764850833887
      ],
      "achieved_xyz": [
        0.24477515785701848,
        0.323909795962525,
        0.09727153995561238
      ],
      "error_mm": [
        4.321239619640094,
        0.9519789921524358,
        19.003891447273517
      ],
      "error_norm_mm": 19.512233751972182,
      "achieved_quat": [
        -0.3147639948180811,
        0.5043072288989766,
        0.6877757349391447,
        -0.41660819108044145
      ],
      "approach_axis_tilt_deg": 17.049374710397633,
      "commanded_approach_axis_tilt_deg": 11.99399500327783,
      "orientation_error_deg": 10.482777490725312
    },
    "approach_joint_limits": {
      "closest": {
        "joint": "elbow_pitch",
        "value": -1.9635,
        "lower": -2.61,
        "upper": 0.261,
        "dist_to_limit": 0.6465,
        "nearest_side": "lower"
      },
      "breached": [],
      "margin_rad": 0.05
    },
    "compliant_insert": {
      "ok": true,
      "contact": false,
      "reason": "reached_depth_no_contact",
      "resist_n": -16.988466202744046,
      "traveled_m": 0.04803911539274771,
      "planned_depth_m": 0.03560230236898761,
      "ft_topic": "/arm_6dof_left",
      "calib_path": "/home/ubuntu/niu/compliant_grasp_execute/ft_calibration/ft_calibration_left.json",
      "calib_present": true,
      "commanded_m": 0.05560230236898761,
      "throttle_events": 0
    },
    "grasp_tcp_tracking": {
      "commanded_xyz": [
        0.3519978950519635,
        0.32295781697037257,
        0.053330547748902626
      ],
      "achieved_xyz": [
        0.39497119003432934,
        0.3036050903423556,
        0.07999863750207742
      ],
      "error_mm": [
        42.97329498236585,
        -19.35272662801696,
        26.668089753174794
      ],
      "error_norm_mm": 54.15181548815859,
      "achieved_quat": [
        -0.3212607554180428,
        0.518861161794369,
        0.6960343481433248,
        -0.37829989163932226
      ],
      "approach_axis_tilt_deg": 14.782428713342748,
      "commanded_approach_axis_tilt_deg": 11.99399500327783,
      "orientation_error_deg": 13.379878408939035
    },
    "grasp_joint_limits": {
      "closest": {
        "joint": "wrist_pitch",
        "value": -0.3114,
        "lower": -0.785,
        "upper": 1.05,
        "dist_to_limit": 0.4736,
        "nearest_side": "lower"
      },
      "breached": [],
      "margin_rad": 0.05
    },
    "lift_joint_limits": {
      "closest": {
        "joint": "wrist_pitch",
        "value": -0.3332,
        "lower": -0.785,
        "upper": 1.05,
        "dist_to_limit": 0.4518,
        "nearest_side": "lower"
      },
      "breached": [],
      "margin_rad": 0.05
    },
    "retract_ok": null,
    "return_home_ok": true,
    "released_on_finish_ok": null,
    "approach_ok": true,
    "grasp_ok": true,
    "lift_ok": true
  },
  "detection": {
    "class_name": "remote control",
    "pose_head_roll_link": [
      0.8013397182948202,
      0.2420013381571843,
      -0.1401048384799948,
      0.16679279967463032,
      0.927951876458216,
      0.025590253000040825,
      0.33231102284722447
    ],
    "pose_tip_waist_yaw_link_rpy": {
      "x": 0.5592537103242938,
      "y": 0.24193320003116178,
      "z": -0.0069466922678477205,
      "roll": -3.088427094008395,
      "pitch": 0.03482062949415776,
      "yaw": 2.80658565475754
    },
    "pose_tip_used_for_tcp_conversion_rpy": {
      "x": 0.5592537103242938,
      "y": 0.24193320003116178,
      "z": -0.0069466922678477205,
      "roll": -2.07712578308586,
      "pitch": 0.10259712735914994,
      "yaw": 1.266656179675007
    },
    "pose_tcp_waist_yaw_link_rpy": {
      "x": 0.33334832251718927,
      "y": 0.2989924420416928,
      "z": -0.13527049622060358,
      "roll": -2.07712578308586,
      "pitch": 0.10259712735914994,
      "yaw": 1.266656179675007
    },
    "pose_tcp_waist_yaw_link_pose7": [
      0.33334832251718927,
      0.2989924420416928,
      -0.13527049622060358,
      0.7090504680817121,
      0.4883211970814262,
      -0.33554931829456486,
      -0.38235650535347326
    ],
    "current_tcp_pose7": [
      0.11445415999859798,
      -0.2619841731285022,
      0.1417384251647587,
      0.7090504680817121,
      0.4883211970814262,
      -0.33554931829456486,
      -0.38235650535347326
    ],
    "tcp_minus_tip_waist_m": [
      -0.22590538780710456,
      0.057059242010531,
      -0.12832380395275586
    ],
    "tcp_to_tip_offset_m": [
      0.0,
      0.0,
      -0.266
    ],
    "orientation_policy": "current",
    "use_current_tcp_rotation": true,
    "rotation_source_arm": "right",
    "bbox_2d": [
      374.9439697265625,
      291.99444580078125,
      499.92724609375,
      455.26458740234375
    ],
    "bbox_3d": {
      "min": [
        0.7394602059513984,
        0.19278922727311798,
        -0.20021508948555702
      ],
      "max": [
        0.8767746663901659,
        0.2934842381998312,
        -0.08067110442525638
      ],
      "center": [
        0.8081174361707821,
        0.2431367327364746,
        -0.1404430969554067
      ],
      "size": [
        0.1373144604387675,
        0.10069501092671324,
        0.11954398506030064
      ]
    },
    "object_long_axis_waist": [
      -0.9438355303208937,
      0.32857648336296064,
      -0.03481359338974916
    ],
    "object_long_axis_yaw_waist_deg": -19.194487140432216,
    "object_angle_from_waist_x_deg": 19.194487140432226
  },
  "gripper": {
    "open_ok": true,
    "close_ok": true,
    "final_pos_pct": 90.0,
    "backend": "modbus_rtu"
  },
  "ok": true
}