{
  "arm": "right",
  "pipeline_version": "accelerated",
  "motion_strategy": "qp_all",
  "dry_run": false,
  "motion": {
    "detected_pose7": [
      0.5479115309855584,
      -0.4174577698282021,
      -0.23098479933843089,
      0.7088924690026007,
      0.48882257381914773,
      -0.3355204106865386,
      -0.3820340465573155
    ],
    "approach_pose7": [
      0.44828995813052824,
      -0.5526979044349107,
      -0.05299549208185575,
      0.3912958855238876,
      0.531730384566796,
      -0.6048811044002259,
      -0.44527427237612444
    ],
    "grasp_pose7": [
      0.5619187615236187,
      -0.5526979044349107,
      -0.0683915708259815,
      0.3912958855238876,
      0.531730384566796,
      -0.6048811044002259,
      -0.44527427237612444
    ],
    "lift_pose7": [
      0.5619187615236187,
      -0.5526979044349107,
      0.05160842917401849,
      0.46690112228259406,
      0.5853013126818796,
      -0.5486319007309131,
      -0.3720601468640634
    ],
    "pre_home_pose7": [
      0.38191876152361875,
      -0.6526979044349107,
      0.1016084291740185,
      0.46690112228259406,
      0.5853013126818796,
      -0.5486319007309131,
      -0.3720601468640634
    ],
    "grasp_xyz_offset_m": [
      0.04,
      0.0,
      0.0
    ],
    "grasp_quat": [
      0.3912958855238876,
      0.531730384566796,
      -0.6048811044002259,
      -0.44527427237612444
    ],
    "use_fixed_grasp_quat": true,
    "phase_backends": {
      "approach": "qp_stream",
      "grasp": "qp_stream",
      "lift": "qp_stream"
    },
    "joint_limits_used": {
      "shoulder_pitch": [
        -2.96,
        2.96
      ],
      "shoulder_roll": [
        -2.616,
        0.262
      ],
      "shoulder_yaw": [
        -2.96,
        2.96
      ],
      "elbow_pitch": [
        -2.61,
        0.261
      ],
      "elbow_yaw": [
        -2.96,
        2.96
      ],
      "wrist_pitch": [
        -0.785,
        1.05
      ],
      "wrist_roll": [
        -1.3,
        1.65
      ]
    },
    "grasp_reach_retry_used": true,
    "grasp_reach_retry_yaw_scale": 0.5,
    "approach_tcp_tracking": {
      "commanded_xyz": [
        0.44828995813052824,
        -0.5526979044349107,
        -0.05299549208185575
      ],
      "achieved_xyz": [
        0.40748104700398713,
        -0.5068089748720171,
        0.05844201164803098
      ],
      "error_mm": [
        -40.80891112654111,
        45.88892956289359,
        111.43750372988673
      ],
      "error_norm_mm": 127.23788084258028,
      "achieved_quat": [
        -0.33061722739098837,
        -0.49672521979240086,
        0.678351680793942,
        0.4287135432179866
      ],
      "approach_axis_tilt_deg": 16.733028217724502,
      "commanded_approach_axis_tilt_deg": 7.371404758054304,
      "orientation_error_deg": 11.79168005453688
    },
    "approach_joint_limits": {
      "closest": {
        "joint": "wrist_pitch",
        "value": -0.7369,
        "lower": -0.785,
        "upper": 1.05,
        "dist_to_limit": 0.0481,
        "nearest_side": "lower"
      },
      "breached": [
        {
          "joint": "wrist_pitch",
          "value": -0.7369,
          "lower": -0.785,
          "upper": 1.05,
          "dist_to_limit": 0.0481,
          "nearest_side": "lower"
        }
      ],
      "margin_rad": 0.05
    },
    "lift_joint_limits": {
      "closest": {
        "joint": "wrist_pitch",
        "value": -0.7369,
        "lower": -0.785,
        "upper": 1.05,
        "dist_to_limit": 0.0481,
        "nearest_side": "lower"
      },
      "breached": [
        {
          "joint": "wrist_pitch",
          "value": -0.7369,
          "lower": -0.785,
          "upper": 1.05,
          "dist_to_limit": 0.0481,
          "nearest_side": "lower"
        }
      ],
      "margin_rad": 0.05
    },
    "retract_ok": null,
    "return_home_ok": true,
    "released_on_finish_ok": null,
    "approach_ok": false,
    "grasp_ok": false,
    "lift_ok": true
  },
  "detection": {
    "class_name": "remote control",
    "pose_head_roll_link": [
      1.0292910392672336,
      -0.4749373868796203,
      -0.08151749856381987,
      -0.3136595742893814,
      0.01062387983329342,
      0.9370912335045822,
      -0.15285556817712748
    ],
    "pose_tip_waist_yaw_link_rpy": {
      "x": 0.7737959423783027,
      "y": -0.4742812791705767,
      "z": -0.10251954537546026,
      "roll": -0.08217859884315844,
      "pitch": -0.003960552208736479,
      "yaw": -2.84445807514657
    },
    "pose_tip_used_for_tcp_conversion_rpy": {
      "x": 0.7737959423783027,
      "y": -0.4742812791705767,
      "z": -0.10251954537546026,
      "roll": -2.077724806094376,
      "pitch": 0.10238081550909262,
      "yaw": 1.267654501000725
    },
    "pose_tcp_waist_yaw_link_rpy": {
      "x": 0.5479115309855584,
      "y": -0.4174577698282021,
      "z": -0.23098479933843089,
      "roll": -2.077724806094376,
      "pitch": 0.10238081550909262,
      "yaw": 1.267654501000725
    },
    "pose_tcp_waist_yaw_link_pose7": [
      0.5479115309855584,
      -0.4174577698282021,
      -0.23098479933843089,
      0.7088924690026007,
      0.48882257381914773,
      -0.3355204106865386,
      -0.3820340465573155
    ],
    "current_tcp_pose7": [
      0.1144517271043269,
      -0.2618903590143545,
      0.14177514824850643,
      0.7088924690026007,
      0.48882257381914773,
      -0.3355204106865386,
      -0.3820340465573155
    ],
    "tcp_minus_tip_waist_m": [
      -0.2258844113927443,
      0.05682350934237462,
      -0.12846525396297062
    ],
    "tcp_to_tip_offset_m": [
      0.0,
      0.0,
      -0.266
    ],
    "orientation_policy": "current",
    "use_current_tcp_rotation": true,
    "rotation_source_arm": "right",
    "bbox_2d": [
      931.5172729492188,
      230.9317626953125,
      1043.12841796875,
      347.4957580566406
    ],
    "bbox_3d": {
      "min": [
        0.9679340027102642,
        -0.5292852448647363,
        -0.13594116104442386
      ],
      "max": [
        1.1038856895695586,
        -0.428111530862109,
        -0.026868013985134
      ],
      "center": [
        1.0359098461399114,
        -0.47869838786342267,
        -0.08140458751477893
      ],
      "size": [
        0.13595168685929437,
        0.10117371400262726,
        0.10907314705928986
      ]
    },
    "object_long_axis_waist": [
      -0.956171856685451,
      -0.29277925915425784,
      0.00396054185455843
    ],
    "object_long_axis_yaw_waist_deg": 17.024557292195595,
    "object_angle_from_waist_x_deg": 17.024557292195603
  },
  "gripper": {
    "open_ok": true,
    "close_ok": null,
    "final_pos_pct": null,
    "backend": "modbus_rtu"
  },
  "ok": false
}