{
  "arm": "right",
  "pipeline_version": "accelerated",
  "motion_strategy": "qp_all",
  "dry_run": false,
  "motion": {
    "pre_cycle_move_ok": true,
    "detected_pose7": [
      0.29837445771945403,
      -0.316969116779608,
      -0.0627691388294192,
      -0.4212746325975435,
      -0.4802558593329526,
      0.6397185120279114,
      0.4273666094525482
    ],
    "approach_pose7": [
      0.3320515598381317,
      -0.3498696955956795,
      0.10503655390431553,
      0.24155560323799186,
      0.45065110365140354,
      -0.7289876191197219,
      -0.45512803087951126
    ],
    "grasp_pose7": [
      0.3320515598381317,
      -0.3498696955956795,
      -0.014963446095684462,
      0.24155560323799186,
      0.45065110365140354,
      -0.7289876191197219,
      -0.45512803087951126
    ],
    "lift_pose7": [
      0.3320515598381317,
      -0.3498696955956795,
      0.10503655390431553,
      0.33464103966561654,
      0.5062018498309331,
      -0.6912216958813041,
      -0.39241257490329085
    ],
    "pre_home_pose7": [
      0.15205155983813173,
      -0.44986969559567946,
      0.15503655390431553,
      0.33464103966561654,
      0.5062018498309331,
      -0.6912216958813041,
      -0.39241257490329085
    ],
    "grasp_xyz_offset_m": [
      0.0,
      0.0,
      -0.005
    ],
    "grasp_quat": [
      0.24155560323799186,
      0.45065110365140354,
      -0.7289876191197219,
      -0.45512803087951126
    ],
    "use_fixed_grasp_quat": true,
    "phase_backends": {
      "approach": "qp_stream",
      "grasp": "qp_stream",
      "lift": "qp_stream"
    },
    "joint_limits_used": {
      "shoulder_pitch": [
        -2.96,
        2.96
      ],
      "shoulder_roll": [
        -2.616,
        0.262
      ],
      "shoulder_yaw": [
        -2.96,
        2.96
      ],
      "elbow_pitch": [
        -2.61,
        0.261
      ],
      "elbow_yaw": [
        -2.96,
        2.96
      ],
      "wrist_pitch": [
        -0.785,
        1.05
      ],
      "wrist_roll": [
        -1.3,
        1.65
      ]
    },
    "approach_tcp_tracking": {
      "commanded_xyz": [
        0.3320515598381317,
        -0.3498696955956795,
        0.10503655390431553
      ],
      "achieved_xyz": [
        0.3325938625999827,
        -0.3456513300614089,
        0.12451355910194156
      ],
      "error_mm": [
        0.5423027618509657,
        4.218365534270574,
        19.47700519762603
      ],
      "error_norm_mm": 19.9359582547362,
      "achieved_quat": [
        -0.25565191234518897,
        -0.4643533185279964,
        0.7279151877341953,
        0.43492249281012857
      ],
      "approach_axis_tilt_deg": 25.978649353328986,
      "commanded_approach_axis_tilt_deg": 28.4980562752152,
      "orientation_error_deg": 3.232869952285769
    },
    "approach_joint_limits": {
      "closest": {
        "joint": "wrist_pitch",
        "value": -0.2123,
        "lower": -0.785,
        "upper": 1.05,
        "dist_to_limit": 0.5727,
        "nearest_side": "lower"
      },
      "breached": [],
      "margin_rad": 0.05
    },
    "compliant_insert": {
      "ok": true,
      "contact": true,
      "reason": "contact",
      "resist_n": 2.1745367937097964,
      "traveled_m": 0.02872254808903308,
      "planned_depth_m": 0.03723073008824451,
      "ft_topic": "/arm_6dof_right",
      "calib_path": "/home/ubuntu/cheng/compliant_grasp_execute/ft_calibration/ft_calibration_right.json",
      "calib_present": true,
      "commanded_m": 0.06939607022650171,
      "throttle_events": 0,
      "contact_kind": "force"
    },
    "grasp_tcp_tracking": {
      "commanded_xyz": [
        0.3320515598381317,
        -0.3498696955956795,
        -0.014963446095684462
      ],
      "achieved_xyz": [
        0.31984523913321933,
        -0.34999213127067264,
        -0.009200751755598202
      ],
      "error_mm": [
        -12.206320704912399,
        -0.12243567499314878,
        5.76269434008626
      ],
      "error_norm_mm": 13.498811121833894,
      "achieved_quat": [
        -0.24847918634266342,
        -0.4658256112119601,
        0.7430209941618267,
        0.411320308431595
      ],
      "approach_axis_tilt_deg": 26.265364952417016,
      "commanded_approach_axis_tilt_deg": 28.4980562752152,
      "orientation_error_deg": 5.607652069681805
    },
    "grasp_joint_limits": {
      "closest": {
        "joint": "wrist_pitch",
        "value": -0.5318,
        "lower": -0.785,
        "upper": 1.05,
        "dist_to_limit": 0.2532,
        "nearest_side": "lower"
      },
      "breached": [],
      "margin_rad": 0.05
    },
    "lift_joint_limits": {
      "closest": {
        "joint": "wrist_pitch",
        "value": -0.4722,
        "lower": -0.785,
        "upper": 1.05,
        "dist_to_limit": 0.3128,
        "nearest_side": "lower"
      },
      "breached": [],
      "margin_rad": 0.05
    },
    "retract_ok": null,
    "return_home_ok": true,
    "released_on_finish_ok": null,
    "approach_ok": true,
    "grasp_ok": true,
    "lift_ok": true
  },
  "detection": {
    "class_name": "remote control",
    "pose_head_roll_link": [
      0.7853024920854378,
      -0.269465873371348,
      -0.2660080650332462,
      -0.31540200899814885,
      0.01615212069936635,
      0.9290372910196364,
      -0.19274437374860048
    ],
    "pose_tip_waist_yaw_link_rpy": {
      "x": 0.46928175750102386,
      "y": -0.2711807699359184,
      "z": -0.09584665649164115,
      "roll": -0.0902647326961027,
      "pitch": 0.008928549016863796,
      "yaw": -2.761227285914059
    },
    "pose_tip_used_for_tcp_conversion_rpy": {
      "x": 0.46928175750102386,
      "y": -0.2711807699359184,
      "z": -0.09584665649164115,
      "roll": -1.3844188738568868,
      "pitch": 0.1288600480238442,
      "yaw": 1.8567889508719466
    },
    "pose_tcp_waist_yaw_link_rpy": {
      "x": 0.29837445771945403,
      "y": -0.316969116779608,
      "z": -0.0627691388294192,
      "roll": -1.3844188738568868,
      "pitch": 0.1288600480238442,
      "yaw": 1.8567889508719466
    },
    "pose_tcp_waist_yaw_link_pose7": [
      0.29837445771945403,
      -0.316969116779608,
      -0.0627691388294192,
      -0.4212746325975435,
      -0.4802558593329526,
      0.6397185120279114,
      0.4273666094525482
    ],
    "current_tcp_pose7": [
      -0.007815003980477186,
      -0.3671138640640789,
      0.09802582597341991,
      -0.4212746325975435,
      -0.4802558593329526,
      0.6397185120279114,
      0.4273666094525482
    ],
    "tcp_minus_tip_waist_m": [
      -0.17090729978156982,
      -0.0457883468436896,
      0.033077517662221945
    ],
    "tcp_to_tip_offset_m": [
      0.0,
      0.0,
      -0.18
    ],
    "orientation_policy": "current",
    "use_current_tcp_rotation": true,
    "rotation_source_arm": "right",
    "bbox_2d": [
      820.78857421875,
      400.3413391113281,
      953.2803344726562,
      570.9859619140625
    ],
    "bbox_3d": {
      "min": [
        0.722504527269537,
        -0.3219992405670964,
        -0.3194873371476227
      ],
      "max": [
        0.8641230391690368,
        -0.21849877409240576,
        -0.20874675550082764
      ],
      "center": [
        0.7933137832192869,
        -0.2702490073297511,
        -0.26411704632422517
      ],
      "size": [
        0.1416185118994998,
        0.10350046647469063,
        0.11074058164679504
      ]
    },
    "object_long_axis_waist": [
      -0.928492040792305,
      -0.37124495055979484,
      -0.008928430388188668
    ],
    "object_long_axis_yaw_waist_deg": 21.79333024076132,
    "object_angle_from_waist_x_deg": 21.793330240761343
  },
  "gripper": {
    "open_ok": true,
    "close_ok": true,
    "final_pos_pct": 52.0,
    "backend": "modbus_rtu"
  },
  "ok": true
}