{
  "arm": "right",
  "pipeline_version": "accelerated",
  "motion_strategy": "qp_all",
  "dry_run": false,
  "motion": {
    "detected_pose7": [
      0.37152978911987933,
      -0.43345484396453954,
      -0.18127815503647243,
      0.7091496910154524,
      0.48878248617833275,
      -0.33533477122063793,
      -0.381770858170734
    ],
    "approach_pose7": [
      0.39617309104086584,
      -0.5947031213252821,
      0.08380816029437671,
      -0.2909642298438304,
      -0.34439839319770604,
      0.8836044588957773,
      -0.12638324229788295
    ],
    "grasp_pose7": [
      0.44743015631158833,
      -0.5947031213252821,
      0.012593065002962742,
      -0.2909642298438304,
      -0.34439839319770604,
      0.8836044588957773,
      -0.12638324229788295
    ],
    "lift_pose7": [
      0.44743015631158833,
      -0.5947031213252821,
      0.13259306500296275,
      -0.4038085159705789,
      -0.32495569382369593,
      0.8380666472654498,
      -0.17025502701079795
    ],
    "pre_home_pose7": [
      0.26743015631158834,
      -0.6947031213252821,
      0.18259306500296274,
      -0.4038085159705789,
      -0.32495569382369593,
      0.8380666472654498,
      -0.17025502701079795
    ],
    "grasp_xyz_offset_m": [
      0.0,
      0.0,
      0.0
    ],
    "grasp_quat": [
      -0.2909642298438304,
      -0.34439839319770604,
      0.8836044588957773,
      -0.12638324229788295
    ],
    "use_fixed_grasp_quat": true,
    "phase_backends": {
      "approach": "qp_stream",
      "grasp": "qp_stream",
      "lift": "qp_stream"
    },
    "joint_limits_used": {
      "shoulder_pitch": [
        -2.96,
        2.96
      ],
      "shoulder_roll": [
        -2.616,
        0.262
      ],
      "shoulder_yaw": [
        -2.96,
        2.96
      ],
      "elbow_pitch": [
        -2.61,
        0.261
      ],
      "elbow_yaw": [
        -2.96,
        2.96
      ],
      "wrist_pitch": [
        -0.785,
        1.05
      ],
      "wrist_roll": [
        -1.3,
        1.65
      ]
    },
    "elbow_high_proactive_used": true,
    "elbow_high_orientation": "seed",
    "approach_tcp_tracking": {
      "commanded_xyz": [
        0.39617309104086584,
        -0.5947031213252821,
        0.08380816029437671
      ],
      "achieved_xyz": [
        0.40190519406695535,
        -0.5357885759145197,
        0.08167638416775785
      ],
      "error_mm": [
        5.732103026089508,
        58.914545410762464,
        -2.131776126618856
      ],
      "error_norm_mm": 59.23111627778527,
      "achieved_quat": [
        -0.23521813591986246,
        -0.20305744147713484,
        0.9480886896717072,
        -0.0675865409066806
      ],
      "approach_axis_tilt_deg": 53.79222966355197,
      "commanded_approach_axis_tilt_deg": 36.40286456663555,
      "orientation_error_deg": 20.103887883292394
    },
    "approach_joint_limits": {
      "closest": {
        "joint": "wrist_roll",
        "value": -1.1493,
        "lower": -1.3,
        "upper": 1.65,
        "dist_to_limit": 0.1507,
        "nearest_side": "lower"
      },
      "breached": [],
      "margin_rad": 0.05
    },
    "compliant_insert": {
      "ok": false,
      "contact": false,
      "reason": "blocked_no_progress",
      "resist_n": 0.9942051167107353,
      "traveled_m": 0.007767504682039078,
      "planned_depth_m": 0.07358288006701871,
      "ft_topic": "/arm_6dof_right",
      "calib_path": "/home/ubuntu/niu/compliant_grasp_execute/ft_calibration/ft_calibration_right.json",
      "calib_present": true,
      "commanded_m": 0.04826750468203908,
      "throttle_events": 0,
      "contact_kind": "blocked_no_progress"
    },
    "grasp_tcp_tracking": {
      "commanded_xyz": [
        0.44828958654923523,
        -0.5610194971628718,
        0.042445113728696665
      ],
      "achieved_xyz": [
        0.401780219584565,
        -0.5355138232847353,
        0.08173256228168829
      ],
      "error_mm": [
        -46.50936696467023,
        25.505673878136513,
        39.28744855299163
      ],
      "error_norm_mm": 66.00881932920916,
      "achieved_quat": [
        -0.23476693510089733,
        -0.2047243517287785,
        0.9478199593298235,
        -0.06789514480855184
      ],
      "approach_axis_tilt_deg": 53.70160367048707,
      "commanded_approach_axis_tilt_deg": 49.40286456663556,
      "orientation_error_deg": 5.230968227812547
    },
    "grasp_joint_limits": {
      "closest": {
        "joint": "wrist_roll",
        "value": -1.1529,
        "lower": -1.3,
        "upper": 1.65,
        "dist_to_limit": 0.1471,
        "nearest_side": "lower"
      },
      "breached": [],
      "margin_rad": 0.05
    },
    "grasp_reach_retry_used": true,
    "grasp_reach_retry_yaw_scale": 0.5,
    "lift_joint_limits": {
      "closest": {
        "joint": "wrist_roll",
        "value": -1.1493,
        "lower": -1.3,
        "upper": 1.65,
        "dist_to_limit": 0.1507,
        "nearest_side": "lower"
      },
      "breached": [],
      "margin_rad": 0.05
    },
    "retract_ok": null,
    "return_home_ok": true,
    "released_on_finish_ok": null,
    "approach_ok": false,
    "grasp_ok": false,
    "lift_ok": true
  },
  "detection": {
    "class_name": "remote control",
    "pose_head_roll_link": [
      0.8273257008572924,
      -0.47279908227423967,
      -0.22872384447744948,
      0.14807421912827795,
      0.9352724750562115,
      0.09155874404732879,
      0.30814999500284684
    ],
    "pose_tip_waist_yaw_link_rpy": {
      "x": 0.5243157542176721,
      "y": -0.4719125362197767,
      "z": -0.0942295779341582,
      "roll": 3.069365100792199,
      "pitch": -0.03864870936131681,
      "yaw": 2.801956947689241
    },
    "pose_tip_used_for_tcp_conversion_rpy": {
      "x": 0.5243157542176721,
      "y": -0.4719125362197767,
      "z": -0.0942295779341582,
      "roll": -2.078485013946152,
      "pitch": 0.10257908328267096,
      "yaw": 1.2673031926568261
    },
    "pose_tcp_waist_yaw_link_rpy": {
      "x": 0.37152978911987933,
      "y": -0.43345484396453954,
      "z": -0.18127815503647243,
      "roll": -2.078485013946152,
      "pitch": 0.10257908328267096,
      "yaw": 1.2673031926568261
    },
    "pose_tcp_waist_yaw_link_pose7": [
      0.37152978911987933,
      -0.43345484396453954,
      -0.18127815503647243,
      0.7091496910154524,
      0.48878248617833275,
      -0.33533477122063793,
      -0.381770858170734
    ],
    "current_tcp_pose7": [
      0.11440909442556259,
      -0.26191673771768303,
      0.14182616792351305,
      0.7091496910154524,
      0.48878248617833275,
      -0.33533477122063793,
      -0.381770858170734
    ],
    "tcp_minus_tip_waist_m": [
      -0.15278596509779274,
      0.03845769225523715,
      -0.08704857710231423
    ],
    "tcp_to_tip_offset_m": [
      0.0,
      0.0,
      -0.18
    ],
    "orientation_policy": "current",
    "use_current_tcp_rotation": true,
    "rotation_source_arm": "right",
    "bbox_2d": [
      1037.9853515625,
      360.57623291015625,
      1077.505615234375,
      518.6624755859375
    ],
    "bbox_3d": {
      "min": [
        0.7619827215786128,
        -0.5227592685326057,
        -0.2822558914281159
      ],
      "max": [
        0.9072219673641382,
        -0.43207933513476404,
        -0.17616481521429364
      ],
      "center": [
        0.8346023444713755,
        -0.47741930183368486,
        -0.22921035332120476
      ],
      "size": [
        0.14523924578552538,
        0.09067993339784164,
        0.10609107621382227
      ]
    },
    "object_long_axis_waist": [
      -0.9421719802746141,
      0.3328948489206127,
      0.03863908833725818
    ],
    "object_long_axis_yaw_waist_deg": -19.459692520048122,
    "object_angle_from_waist_x_deg": 19.45969252004813
  },
  "gripper": {
    "open_ok": true,
    "close_ok": null,
    "final_pos_pct": null,
    "backend": "modbus_rtu"
  },
  "ok": false
}