{
  "arm": "right",
  "pipeline_version": "accelerated",
  "motion_strategy": "qp_all",
  "dry_run": false,
  "motion": {
    "pre_cycle_move_ok": true,
    "detected_pose7": [
      0.42277909606846026,
      -0.22451775808384766,
      -0.0589931942036496,
      -0.4230106610337575,
      -0.48021770003299025,
      0.6363912295957274,
      0.4306496767912949
    ],
    "approach_pose7": [
      0.4693515330983476,
      -0.22218113286240895,
      0.08614285134226907,
      0.21142099872274026,
      0.3383346210160172,
      -0.709016352113441,
      -0.5814865931014888
    ],
    "grasp_pose7": [
      0.4693515330983476,
      -0.22218113286240895,
      0.026142851342269072,
      0.21142099872274026,
      0.3383346210160172,
      -0.709016352113441,
      -0.5814865931014888
    ],
    "lift_pose7": [
      0.4693515330983476,
      -0.22218113286240895,
      0.14614285134226906,
      0.3021574674332985,
      0.41133935225573365,
      -0.6753546410142356,
      -0.5323503649107999
    ],
    "pre_home_pose7": [
      0.2893515330983476,
      -0.32218113286240896,
      0.19614285134226905,
      0.3021574674332985,
      0.41133935225573365,
      -0.6753546410142356,
      -0.5323503649107999
    ],
    "grasp_xyz_offset_m": [
      0.0,
      0.0,
      -0.005
    ],
    "grasp_quat": [
      0.21142099872274026,
      0.3383346210160172,
      -0.709016352113441,
      -0.5814865931014888
    ],
    "use_fixed_grasp_quat": true,
    "phase_backends": {
      "approach": "qp_stream",
      "grasp": "qp_stream",
      "lift": "qp_stream"
    },
    "joint_limits_used": {
      "shoulder_pitch": [
        -2.96,
        2.96
      ],
      "shoulder_roll": [
        -2.616,
        0.262
      ],
      "shoulder_yaw": [
        -2.96,
        2.96
      ],
      "elbow_pitch": [
        -2.61,
        0.261
      ],
      "elbow_yaw": [
        -2.96,
        2.96
      ],
      "wrist_pitch": [
        -0.785,
        1.05
      ],
      "wrist_roll": [
        -1.3,
        1.65
      ]
    },
    "approach_tcp_tracking": {
      "commanded_xyz": [
        0.4693515330983476,
        -0.22218113286240895,
        0.08614285134226907
      ],
      "achieved_xyz": [
        0.4706922537685417,
        -0.22387523926332253,
        0.1045299304718752
      ],
      "error_mm": [
        1.3407206701940844,
        -1.694106400913581,
        18.387079129606132
      ],
      "error_norm_mm": 18.513568195555912,
      "achieved_quat": [
        -0.22014637642733492,
        -0.3598941250707965,
        0.7018183852577565,
        0.5739884544131835
      ],
      "approach_axis_tilt_deg": 40.09250652379793,
      "commanded_approach_axis_tilt_deg": 42.9736303021082,
      "orientation_error_deg": 2.919302546244706
    },
    "approach_joint_limits": {
      "closest": {
        "joint": "shoulder_roll",
        "value": -0.478,
        "lower": -2.616,
        "upper": 0.262,
        "dist_to_limit": 0.74,
        "nearest_side": "upper"
      },
      "breached": [],
      "margin_rad": 0.05
    },
    "compliant_insert": {
      "ok": true,
      "contact": true,
      "reason": "contact",
      "resist_n": 1.5624604753227418,
      "traveled_m": 0.03258657129079242,
      "planned_depth_m": 0.038269906813142233,
      "ft_topic": "/arm_6dof_right",
      "calib_path": "/home/ubuntu/cheng/compliant_grasp_execute/ft_calibration/ft_calibration_right.json",
      "calib_present": true,
      "commanded_m": 0.07308657129079242,
      "throttle_events": 0,
      "contact_kind": "force"
    },
    "grasp_tcp_tracking": {
      "commanded_xyz": [
        0.4693515330983476,
        -0.22218113286240895,
        0.026142851342269072
      ],
      "achieved_xyz": [
        0.47167418595170385,
        -0.22037324887744375,
        0.03253428142977233
      ],
      "error_mm": [
        2.322652853356255,
        1.8078839849652029,
        6.391430087503255
      ],
      "error_norm_mm": 7.036585773209866,
      "achieved_quat": [
        -0.22368624008738347,
        -0.38045619851313134,
        0.6944093513609211,
        0.5683425021507816
      ],
      "approach_axis_tilt_deg": 37.62096974742686,
      "commanded_approach_axis_tilt_deg": 42.9736303021082,
      "orientation_error_deg": 5.509030350228885
    },
    "grasp_joint_limits": {
      "closest": {
        "joint": "shoulder_roll",
        "value": -0.4361,
        "lower": -2.616,
        "upper": 0.262,
        "dist_to_limit": 0.6981,
        "nearest_side": "upper"
      },
      "breached": [],
      "margin_rad": 0.05
    },
    "lift_joint_limits": {
      "closest": {
        "joint": "shoulder_roll",
        "value": -0.4755,
        "lower": -2.616,
        "upper": 0.262,
        "dist_to_limit": 0.7375,
        "nearest_side": "upper"
      },
      "breached": [],
      "margin_rad": 0.05
    },
    "retract_ok": null,
    "return_home_ok": true,
    "released_on_finish_ok": null,
    "approach_ok": true,
    "grasp_ok": true,
    "lift_ok": true
  },
  "detection": {
    "class_name": "remote control",
    "pose_head_roll_link": [
      0.881212090236953,
      -0.17846510331885299,
      -0.1852227263007749,
      -0.31090062950960845,
      -0.02578648024937748,
      0.947918073468565,
      -0.06424314748299384
    ],
    "pose_tip_waist_yaw_link_rpy": {
      "x": 0.5941412099942349,
      "y": -0.1800804639519475,
      "z": -0.09155625304530068,
      "roll": -0.0870882779396412,
      "pitch": -0.02403020732997807,
      "yaw": -3.0326932420362187
    },
    "pose_tip_used_for_tcp_conversion_rpy": {
      "x": 0.5941412099942349,
      "y": -0.1800804639519475,
      "z": -0.09155625304530068,
      "roll": -1.387439534180571,
      "pitch": 0.12511552359793332,
      "yaw": 1.8476622965937262
    },
    "pose_tcp_waist_yaw_link_rpy": {
      "x": 0.42277909606846026,
      "y": -0.22451775808384766,
      "z": -0.0589931942036496,
      "roll": -1.387439534180571,
      "pitch": 0.12511552359793332,
      "yaw": 1.8476622965937262
    },
    "pose_tcp_waist_yaw_link_pose7": [
      0.42277909606846026,
      -0.22451775808384766,
      -0.0589931942036496,
      -0.4230106610337575,
      -0.48021770003299025,
      0.6363912295957274,
      0.4306496767912949
    ],
    "current_tcp_pose7": [
      -0.008813562212941412,
      -0.3655461269636866,
      0.09807585126664004,
      -0.4230106610337575,
      -0.48021770003299025,
      0.6363912295957274,
      0.4306496767912949
    ],
    "tcp_minus_tip_waist_m": [
      -0.17136211392577466,
      -0.044437294131900174,
      0.03256305884165108
    ],
    "tcp_to_tip_offset_m": [
      0.0,
      0.0,
      -0.18
    ],
    "orientation_policy": "current",
    "use_current_tcp_rotation": true,
    "rotation_source_arm": "right",
    "bbox_2d": [
      759.9555053710938,
      315.8144836425781,
      831.2012329101562,
      463.3044738769531
    ],
    "bbox_3d": {
      "min": [
        0.8183393348101174,
        -0.21185752139356476,
        -0.2414527845628663
      ],
      "max": [
        0.9608981768721546,
        -0.14857429017574397,
        -0.12874504276795115
      ],
      "center": [
        0.889618755841136,
        -0.18021590578465435,
        -0.18509891366540873
      ],
      "size": [
        0.14255884206203717,
        0.06328323121782078,
        0.11270774179491516
      ]
    },
    "object_long_axis_waist": [
      -0.9937893153719735,
      -0.10865291956251304,
      0.024027894686085592
    ],
    "object_long_axis_yaw_waist_deg": 6.239476673478009,
    "object_angle_from_waist_x_deg": 6.23947667347802
  },
  "gripper": {
    "open_ok": true,
    "close_ok": true,
    "final_pos_pct": 53.0,
    "backend": "modbus_rtu"
  },
  "ok": true
}