{
  "arm": "right",
  "pipeline_version": "accelerated",
  "motion_strategy": "qp_all",
  "dry_run": false,
  "motion": {
    "pre_cycle_move_ok": true,
    "detected_pose7": [
      0.44432866920332503,
      -0.221959338304296,
      -0.059255828363189746,
      -0.4212094594618993,
      -0.48012594977796347,
      0.6398235690174723,
      0.4274195411295169
    ],
    "approach_pose7": [
      0.4915524613931329,
      -0.22134488127715965,
      0.1453417144422349,
      0.20712718269245206,
      0.3408146171041712,
      -0.7161818636234492,
      -0.5727366455665885
    ],
    "grasp_pose7": [
      0.4915524613931329,
      -0.22134488127715965,
      0.025341714442234906,
      0.20712718269245206,
      0.3408146171041712,
      -0.7161818636234492,
      -0.5727366455665885
    ],
    "lift_pose7": [
      0.4915524613931329,
      -0.22134488127715965,
      0.1453417144422349,
      0.29883567252709514,
      0.41265603429970543,
      -0.6830193060364751,
      -0.5233515699439253
    ],
    "pre_home_pose7": [
      0.3115524613931329,
      -0.32134488127715966,
      0.19534171444223491,
      0.29883567252709514,
      0.41265603429970543,
      -0.6830193060364751,
      -0.5233515699439253
    ],
    "grasp_xyz_offset_m": [
      0.0,
      0.0,
      -0.005
    ],
    "grasp_quat": [
      0.20712718269245206,
      0.3408146171041712,
      -0.7161818636234492,
      -0.5727366455665885
    ],
    "use_fixed_grasp_quat": true,
    "phase_backends": {
      "approach": "qp_stream",
      "grasp": "qp_stream",
      "lift": "qp_stream"
    },
    "joint_limits_used": {
      "shoulder_pitch": [
        -2.96,
        2.96
      ],
      "shoulder_roll": [
        -2.616,
        0.262
      ],
      "shoulder_yaw": [
        -2.96,
        2.96
      ],
      "elbow_pitch": [
        -2.61,
        0.261
      ],
      "elbow_yaw": [
        -2.96,
        2.96
      ],
      "wrist_pitch": [
        -0.785,
        1.05
      ],
      "wrist_roll": [
        -1.3,
        1.65
      ]
    },
    "approach_tcp_tracking": {
      "commanded_xyz": [
        0.4915524613931329,
        -0.22134488127715965,
        0.1453417144422349
      ],
      "achieved_xyz": [
        0.4878333902067434,
        -0.2266266973377225,
        0.16349263013275955
      ],
      "error_mm": [
        -3.719071186389533,
        -5.281816060562855,
        18.150915690524656
      ],
      "error_norm_mm": 19.26615716201824,
      "achieved_quat": [
        -0.22141281651715633,
        -0.35631637762917934,
        0.7157961224741698,
        0.5582570328854835
      ],
      "approach_axis_tilt_deg": 40.393237021648574,
      "commanded_approach_axis_tilt_deg": 42.991311994604416,
      "orientation_error_deg": 2.931008282274065
    },
    "approach_joint_limits": {
      "closest": {
        "joint": "shoulder_roll",
        "value": -0.481,
        "lower": -2.616,
        "upper": 0.262,
        "dist_to_limit": 0.743,
        "nearest_side": "upper"
      },
      "breached": [],
      "margin_rad": 0.05
    },
    "compliant_insert": {
      "ok": true,
      "contact": true,
      "reason": "contact",
      "resist_n": 1.5220995767898622,
      "traveled_m": 0.03142929633027722,
      "planned_depth_m": 0.03848502272201887,
      "ft_topic": "/arm_6dof_right",
      "calib_path": "/home/ubuntu/cheng/compliant_grasp_execute/ft_calibration/ft_calibration_right.json",
      "calib_present": true,
      "commanded_m": 0.07158741626337153,
      "throttle_events": 0,
      "contact_kind": "force"
    },
    "grasp_tcp_tracking": {
      "commanded_xyz": [
        0.4915524613931329,
        -0.22134488127715965,
        0.025341714442234906
      ],
      "achieved_xyz": [
        0.4950785910398563,
        -0.21860193825222746,
        0.033400709612063983
      ],
      "error_mm": [
        3.526129646723386,
        2.7429430249321927,
        8.058995169829076
      ],
      "error_norm_mm": 9.214376260542771,
      "achieved_quat": [
        -0.22238049560555817,
        -0.3793947307142322,
        0.7069807230448706,
        0.5538815854706254
      ],
      "approach_axis_tilt_deg": 37.8221958958188,
      "commanded_approach_axis_tilt_deg": 42.991311994604416,
      "orientation_error_deg": 5.327771060210554
    },
    "grasp_joint_limits": {
      "closest": {
        "joint": "shoulder_roll",
        "value": -0.3924,
        "lower": -2.616,
        "upper": 0.262,
        "dist_to_limit": 0.6544,
        "nearest_side": "upper"
      },
      "breached": [],
      "margin_rad": 0.05
    },
    "lift_joint_limits": {
      "closest": {
        "joint": "shoulder_roll",
        "value": -0.4508,
        "lower": -2.616,
        "upper": 0.262,
        "dist_to_limit": 0.7128,
        "nearest_side": "upper"
      },
      "breached": [],
      "margin_rad": 0.05
    },
    "retract_ok": null,
    "return_home_ok": true,
    "released_on_finish_ok": null,
    "approach_ok": true,
    "grasp_ok": true,
    "lift_ok": true
  },
  "detection": {
    "class_name": "remote control",
    "pose_head_roll_link": [
      0.8983045820475127,
      -0.17474867575952838,
      -0.17303857237402148,
      -0.3067390730826221,
      -0.012353785482653267,
      0.948928316730756,
      -0.07275695661032433
    ],
    "pose_tip_waist_yaw_link_rpy": {
      "x": 0.6152260522096342,
      "y": -0.1761807501466956,
      "z": -0.092398027262654,
      "roll": -0.06845045207856867,
      "pitch": -0.0325203100595306,
      "yaw": -3.007997464915952
    },
    "pose_tip_used_for_tcp_conversion_rpy": {
      "x": 0.6152260522096342,
      "y": -0.1761807501466956,
      "z": -0.092398027262654,
      "roll": -1.3840485177006951,
      "pitch": 0.12892592180207862,
      "yaw": 1.8568117724272248
    },
    "pose_tcp_waist_yaw_link_rpy": {
      "x": 0.44432866920332503,
      "y": -0.221959338304296,
      "z": -0.059255828363189746,
      "roll": -1.3840485177006951,
      "pitch": 0.12892592180207862,
      "yaw": 1.8568117724272248
    },
    "pose_tcp_waist_yaw_link_pose7": [
      0.44432866920332503,
      -0.221959338304296,
      -0.059255828363189746,
      -0.4212094594618993,
      -0.48012594977796347,
      0.6398235690174723,
      0.4274195411295169
    ],
    "current_tcp_pose7": [
      -0.007801771244789257,
      -0.3671305883134629,
      0.0979970961647963,
      -0.4212094594618993,
      -0.48012594977796347,
      0.6398235690174723,
      0.4274195411295169
    ],
    "tcp_minus_tip_waist_m": [
      -0.1708973830063092,
      -0.045778588157600414,
      0.03314219889946426
    ],
    "tcp_to_tip_offset_m": [
      0.0,
      0.0,
      -0.18
    ],
    "orientation_policy": "current",
    "use_current_tcp_rotation": true,
    "rotation_source_arm": "right",
    "bbox_2d": [
      753.62255859375,
      307.124267578125,
      827.9278564453125,
      451.378173828125
    ],
    "bbox_3d": {
      "min": [
        0.83042485484682,
        -0.21186367479929172,
        -0.2266955835967682
      ],
      "max": [
        0.9788040076938047,
        -0.14297683228398353,
        -0.11822203731546102
      ],
      "center": [
        0.9046144312703124,
        -0.17742025354163762,
        -0.1724588104561146
      ],
      "size": [
        0.14837915284698466,
        0.06888684251530819,
        0.10847354628130718
      ]
    },
    "object_long_axis_waist": [
      -0.9905654000483912,
      -0.13312772223145983,
      0.03251457827550626
    ],
    "object_long_axis_yaw_waist_deg": 7.654440474265044,
    "object_angle_from_waist_x_deg": 7.65444047426505
  },
  "gripper": {
    "open_ok": true,
    "close_ok": true,
    "final_pos_pct": 53.0,
    "backend": "modbus_rtu"
  },
  "ok": true
}