{
  "arm": "right",
  "pipeline_version": "accelerated",
  "motion_strategy": "qp_all",
  "dry_run": false,
  "motion": {
    "pre_cycle_move_ok": true,
    "detected_pose7": [
      0.3964284773280282,
      -0.13585230017458078,
      -0.03991601149561576,
      -0.41247268791808567,
      -0.4235963388234805,
      0.6336289654776159,
      0.4989456459021753
    ],
    "approach_pose7": [
      0.3678214924960918,
      -0.1751271073254086,
      0.09780007919066157,
      0.18586834525896753,
      0.3622239760342471,
      -0.7552793258740815,
      -0.5136145337934156
    ],
    "grasp_pose7": [
      0.4461637365972481,
      -0.1751271073254086,
      0.017580859330669277,
      0.18586834525896753,
      0.3622239760342471,
      -0.7552793258740815,
      -0.5136145337934156
    ],
    "lift_pose7": [
      0.4461637365972481,
      -0.1751271073254086,
      0.13758085933066927,
      0.28286195026792793,
      0.42616524907047604,
      -0.7245571191788388,
      -0.46194077393382965
    ],
    "pre_home_pose7": [
      0.2661637365972481,
      -0.27512710732540857,
      0.18758085933066926,
      0.28286195026792793,
      0.42616524907047604,
      -0.7245571191788388,
      -0.46194077393382965
    ],
    "grasp_xyz_offset_m": [
      0.0,
      0.0,
      -0.005
    ],
    "grasp_quat": [
      0.18586834525896753,
      0.3622239760342471,
      -0.7552793258740815,
      -0.5136145337934156
    ],
    "use_fixed_grasp_quat": true,
    "phase_backends": {
      "approach": "qp_stream",
      "grasp": "qp_stream",
      "lift": "qp_stream"
    },
    "joint_limits_used": {
      "shoulder_pitch": [
        -2.96,
        2.96
      ],
      "shoulder_roll": [
        -2.616,
        0.262
      ],
      "shoulder_yaw": [
        -2.96,
        2.96
      ],
      "elbow_pitch": [
        -2.61,
        0.261
      ],
      "elbow_yaw": [
        -2.96,
        2.96
      ],
      "wrist_pitch": [
        -0.785,
        1.05
      ],
      "wrist_roll": [
        -1.3,
        1.65
      ]
    },
    "approach_tcp_tracking": {
      "commanded_xyz": [
        0.3678214924960918,
        -0.1751271073254086,
        0.09780007919066157
      ],
      "achieved_xyz": [
        0.3642685030543242,
        -0.17797282329113917,
        0.11591140637040936
      ],
      "error_mm": [
        -3.552989441767629,
        -2.8457159657305775,
        18.111327179747796
      ],
      "error_norm_mm": 18.67463535233814,
      "achieved_quat": [
        -0.1959538714125555,
        -0.37993401248192876,
        0.7526640307148696,
        0.5007485230191494
      ],
      "approach_axis_tilt_deg": 39.383240346460965,
      "commanded_approach_axis_tilt_deg": 41.9508985364249,
      "orientation_error_deg": 2.778144719389698
    },
    "approach_joint_limits": {
      "closest": {
        "joint": "wrist_pitch",
        "value": 0.3457,
        "lower": -0.785,
        "upper": 1.05,
        "dist_to_limit": 0.7043,
        "nearest_side": "upper"
      },
      "breached": [],
      "margin_rad": 0.05
    },
    "compliant_insert": {
      "ok": true,
      "contact": true,
      "reason": "stall_contact",
      "resist_n": -0.20853434257247414,
      "traveled_m": 0.00878409656579649,
      "planned_depth_m": 0.03612342429154512,
      "ft_topic": "/arm_6dof_right",
      "calib_path": "/home/ubuntu/cheng/compliant_grasp_execute/ft_calibration/ft_calibration_right.json",
      "calib_present": true,
      "commanded_m": 0.049050642695622405,
      "throttle_events": 0,
      "contact_kind": "stall"
    },
    "grasp_tcp_tracking": {
      "commanded_xyz": [
        0.4461637365972481,
        -0.1751271073254086,
        0.017580859330669277
      ],
      "achieved_xyz": [
        0.44814251908650327,
        -0.17274242612796936,
        0.050633909935870136
      ],
      "error_mm": [
        1.9787824892551487,
        2.3846811974392312,
        33.05305060520086
      ],
      "error_norm_mm": 33.19798847615879,
      "achieved_quat": [
        -0.19678073716509492,
        -0.3987758894697488,
        0.748106490273204,
        0.49253610087939875
      ],
      "approach_axis_tilt_deg": 37.19360899587249,
      "commanded_approach_axis_tilt_deg": 41.9508985364249,
      "orientation_error_deg": 5.061769780256213
    },
    "grasp_joint_limits": {
      "closest": {
        "joint": "shoulder_roll",
        "value": -0.4451,
        "lower": -2.616,
        "upper": 0.262,
        "dist_to_limit": 0.7071,
        "nearest_side": "upper"
      },
      "breached": [],
      "margin_rad": 0.05
    },
    "lift_joint_limits": {
      "closest": {
        "joint": "shoulder_roll",
        "value": -0.4706,
        "lower": -2.616,
        "upper": 0.262,
        "dist_to_limit": 0.7326,
        "nearest_side": "upper"
      },
      "breached": [],
      "margin_rad": 0.05
    },
    "retract_ok": null,
    "return_home_ok": true,
    "released_on_finish_ok": null,
    "approach_ok": true,
    "grasp_ok": true,
    "lift_ok": true
  },
  "detection": {
    "class_name": "remote control",
    "pose_head_roll_link": [
      0.8516782732373751,
      -0.1129952711253244,
      -0.20719117206655027,
      -0.30219983541223155,
      0.007795655680274372,
      0.9408931928247397,
      -0.15275629913493552
    ],
    "pose_tip_waist_yaw_link_rpy": {
      "x": 0.5571485824072195,
      "y": -0.11456780436667989,
      "z": -0.09106303547098649,
      "roll": -0.08554819499021116,
      "pitch": -0.02844426565783742,
      "yaw": -2.8426224007925334
    },
    "pose_tip_used_for_tcp_conversion_rpy": {
      "x": 0.5571485824072195,
      "y": -0.11456780436667989,
      "z": -0.09106303547098649,
      "roll": -1.2636069990962076,
      "pitch": 0.10017363964851023,
      "yaw": 1.7341766782533863
    },
    "pose_tcp_waist_yaw_link_rpy": {
      "x": 0.3964284773280282,
      "y": -0.13585230017458078,
      "z": -0.03991601149561576,
      "roll": -1.2636069990962076,
      "pitch": 0.10017363964851023,
      "yaw": 1.7341766782533863
    },
    "pose_tcp_waist_yaw_link_pose7": [
      0.3964284773280282,
      -0.13585230017458078,
      -0.03991601149561576,
      -0.41247268791808567,
      -0.4235963388234805,
      0.6336289654776159,
      0.4989456459021753
    ],
    "current_tcp_pose7": [
      -0.09638022909661882,
      -0.2677597680791494,
      0.1360513410801664,
      -0.41247268791808567,
      -0.4235963388234805,
      0.6336289654776159,
      0.4989456459021753
    ],
    "tcp_minus_tip_waist_m": [
      -0.16072010507919132,
      -0.021284495807900886,
      0.05114702397537073
    ],
    "tcp_to_tip_offset_m": [
      0.0,
      0.0,
      -0.17
    ],
    "orientation_policy": "current",
    "use_current_tcp_rotation": true,
    "rotation_source_arm": "right",
    "bbox_2d": [
      695.0406494140625,
      339.65765380859375,
      790.6253662109375,
      491.6138610839844
    ],
    "bbox_3d": {
      "min": [
        0.7872848426705947,
        -0.16075865997577513,
        -0.267981649241515
      ],
      "max": [
        0.9302161263686047,
        -0.06855863705535883,
        -0.15042796570126798
      ],
      "center": [
        0.8587504845195997,
        -0.11465864851556698,
        -0.2092048074713915
      ],
      "size": [
        0.14293128369801,
        0.09220002292041629,
        0.11755368354024703
      ]
    },
    "object_long_axis_waist": [
      -0.9552537268010654,
      -0.29441715194903917,
      0.028440430216372513
    ],
    "object_long_axis_yaw_waist_deg": 17.129733685242286,
    "object_angle_from_waist_x_deg": 17.129733685242282
  },
  "gripper": {
    "open_ok": true,
    "close_ok": true,
    "final_pos_pct": 90.0,
    "backend": "modbus_rtu"
  },
  "ok": true
}