{
  "arm": "right",
  "pipeline_version": "accelerated",
  "motion_strategy": "qp_all",
  "dry_run": false,
  "motion": {
    "pre_cycle_move_ok": true,
    "detected_pose7": [
      0.49124620195976865,
      -0.08615483640180989,
      -0.049619455487002063,
      -0.4128312164263178,
      -0.4233288061346053,
      0.6336293269560886,
      0.4988757206577512
    ],
    "approach_pose7": [
      0.4430748007665666,
      -0.08652707309757526,
      0.09200444921084266,
      0.23627423583336626,
      0.3212954380680405,
      -0.6630835901832057,
      -0.6334539283860944
    ],
    "grasp_pose7": [
      0.5295217030019858,
      -0.08652707309757526,
      0.010177954740916723,
      0.23627423583336626,
      0.3212954380680405,
      -0.6630835901832057,
      -0.6334539283860944
    ],
    "lift_pose7": [
      0.5295217030019858,
      -0.08652707309757526,
      0.13017795474091673,
      0.3208026531422299,
      0.4012290402744763,
      -0.6265708418254052,
      -0.5860971721067523
    ],
    "pre_home_pose7": [
      0.34952170300198576,
      -0.18652707309757527,
      0.18017795474091675,
      0.3208026531422299,
      0.4012290402744763,
      -0.6265708418254052,
      -0.5860971721067523
    ],
    "grasp_xyz_offset_m": [
      0.0,
      0.0,
      -0.005
    ],
    "grasp_quat": [
      0.23627423583336626,
      0.3212954380680405,
      -0.6630835901832057,
      -0.6334539283860944
    ],
    "use_fixed_grasp_quat": true,
    "phase_backends": {
      "approach": "qp_stream",
      "grasp": "qp_stream",
      "lift": "qp_stream"
    },
    "joint_limits_used": {
      "shoulder_pitch": [
        -2.96,
        2.96
      ],
      "shoulder_roll": [
        -2.616,
        0.262
      ],
      "shoulder_yaw": [
        -2.96,
        2.96
      ],
      "elbow_pitch": [
        -2.61,
        0.261
      ],
      "elbow_yaw": [
        -2.96,
        2.96
      ],
      "wrist_pitch": [
        -0.785,
        1.05
      ],
      "wrist_roll": [
        -1.3,
        1.65
      ]
    },
    "approach_tcp_tracking": {
      "commanded_xyz": [
        0.4430748007665666,
        -0.08652707309757526,
        0.09200444921084266
      ],
      "achieved_xyz": [
        0.457399137637299,
        -0.09533696492684404,
        0.08243344116367524
      ],
      "error_mm": [
        14.324336870732424,
        -8.809891829268778,
        -9.571008047167428
      ],
      "error_norm_mm": 19.349548208384217,
      "achieved_quat": [
        -0.25976188515646065,
        -0.30772222117052295,
        0.6531849715752345,
        0.6412333354763317
      ],
      "approach_axis_tilt_deg": 42.50554796764574,
      "commanded_approach_axis_tilt_deg": 42.991311994604416,
      "orientation_error_deg": 3.4271697103427905
    },
    "approach_joint_limits": {
      "closest": {
        "joint": "wrist_pitch",
        "value": 0.7693,
        "lower": -0.785,
        "upper": 1.05,
        "dist_to_limit": 0.2807,
        "nearest_side": "upper"
      },
      "breached": [],
      "margin_rad": 0.05
    },
    "compliant_insert": {
      "ok": false,
      "contact": false,
      "reason": "blocked_no_progress",
      "resist_n": -5.556255239526403,
      "traveled_m": -0.005340383772949547,
      "planned_depth_m": 0.03954108213974956,
      "ft_topic": "/arm_6dof_right",
      "calib_path": "/home/ubuntu/cheng/compliant_grasp_execute/ft_calibration/ft_calibration_right.json",
      "calib_present": true,
      "commanded_m": 0.03664613339390247,
      "throttle_events": 0,
      "contact_kind": "blocked_no_progress"
    },
    "grasp_tcp_tracking": {
      "commanded_xyz": [
        0.5295217030019858,
        -0.08652707309757526,
        0.010177954740916723
      ],
      "achieved_xyz": [
        0.5021694162502429,
        -0.10775100308460776,
        0.04235065348999206
      ],
      "error_mm": [
        -27.352286751742838,
        -21.2239299870325,
        32.172698749075344
      ],
      "error_norm_mm": 47.261880405277765,
      "achieved_quat": [
        -0.25613112944094085,
        -0.3094027396948706,
        0.6526478972760971,
        0.6424309389978857
      ],
      "approach_axis_tilt_deg": 42.63562919727634,
      "commanded_approach_axis_tilt_deg": 42.991311994604416,
      "orientation_error_deg": 3.086039696153948
    },
    "grasp_joint_limits": {
      "closest": {
        "joint": "shoulder_roll",
        "value": -0.1032,
        "lower": -2.616,
        "upper": 0.262,
        "dist_to_limit": 0.3652,
        "nearest_side": "upper"
      },
      "breached": [],
      "margin_rad": 0.05
    },
    "grasp_reach_retry_used": true,
    "grasp_reach_retry_yaw_scale": 0.5,
    "lift_joint_limits": {
      "closest": {
        "joint": "shoulder_roll",
        "value": -0.1032,
        "lower": -2.616,
        "upper": 0.262,
        "dist_to_limit": 0.3652,
        "nearest_side": "upper"
      },
      "breached": [],
      "margin_rad": 0.05
    },
    "retract_ok": null,
    "return_home_ok": true,
    "released_on_finish_ok": null,
    "approach_ok": true,
    "grasp_ok": false,
    "lift_ok": true
  },
  "detection": {
    "class_name": "remote control",
    "pose_head_roll_link": [
      0.9323598404390837,
      -0.06369037337729122,
      -0.15645171272872013,
      0.0372310948432209,
      0.9520826093318268,
      0.02661307227446042,
      0.30239757765033376
    ],
    "pose_tip_waist_yaw_link_rpy": {
      "x": 0.6519881478354963,
      "y": -0.06497893059326018,
      "z": -0.1007429124248117,
      "roll": 3.121769715414589,
      "pitch": -0.04756656597972597,
      "yaw": 3.0568385545738597
    },
    "pose_tip_used_for_tcp_conversion_rpy": {
      "x": 0.6519881478354963,
      "y": -0.06497893059326018,
      "z": -0.1007429124248117,
      "roll": -1.2637280566920526,
      "pitch": 0.10095842262253729,
      "yaw": 1.73372905589849
    },
    "pose_tcp_waist_yaw_link_rpy": {
      "x": 0.49124620195976865,
      "y": -0.08615483640180989,
      "z": -0.049619455487002063,
      "roll": -1.2637280566920526,
      "pitch": 0.10095842262253729,
      "yaw": 1.73372905589849
    },
    "pose_tcp_waist_yaw_link_pose7": [
      0.49124620195976865,
      -0.08615483640180989,
      -0.049619455487002063,
      -0.4128312164263178,
      -0.4233288061346053,
      0.6336293269560886,
      0.4988757206577512
    ],
    "current_tcp_pose7": [
      -0.09636205875029516,
      -0.2678262173369149,
      0.1360673238965953,
      -0.4128312164263178,
      -0.4233288061346053,
      0.6336293269560886,
      0.4988757206577512
    ],
    "tcp_minus_tip_waist_m": [
      -0.16074194587572765,
      -0.021175905808549708,
      0.05112345693780964
    ],
    "tcp_to_tip_offset_m": [
      0.0,
      0.0,
      -0.17
    ],
    "orientation_policy": "current",
    "use_current_tcp_rotation": true,
    "rotation_source_arm": "right",
    "bbox_2d": [
      683.9290771484375,
      293.47491455078125,
      717.944580078125,
      430.27783203125
    ],
    "bbox_3d": {
      "min": [
        0.8617684628677629,
        -0.09388006647367464,
        -0.2087247484658631
      ],
      "max": [
        1.011928856110037,
        -0.03940006456439981,
        -0.0987459613285245
      ],
      "center": [
        0.9368486594889,
        -0.06664006551903723,
        -0.1537353548971938
      ],
      "size": [
        0.15016039324227415,
        0.05448000190927483,
        0.10997878713733861
      ]
    },
    "object_long_axis_waist": [
      -0.995283504961302,
      0.08455691845244269,
      0.047548630829631615
    ],
    "object_long_axis_yaw_waist_deg": -4.8560521700468655,
    "object_angle_from_waist_x_deg": 4.856052170046888
  },
  "gripper": {
    "open_ok": true,
    "close_ok": null,
    "final_pos_pct": null,
    "backend": "modbus_rtu"
  },
  "ok": false
}