{
  "arm": "left",
  "pipeline_version": "accelerated",
  "motion_strategy": "qp_all",
  "dry_run": false,
  "motion": {
    "detected_pose7": [
      0.4528038483673648,
      0.5407565422039569,
      -0.12610738241634578,
      0.6947465637552727,
      0.5070626348658215,
      -0.34290084595610515,
      -0.37766877858218423
    ],
    "approach_pose7": [
      0.3515438952439073,
      0.5041955510191881,
      0.11579175744372072,
      -0.4087017111133902,
      0.43742358202371323,
      0.5705479356994159,
      -0.562226443963343
    ],
    "grasp_pose7": [
      0.4665315006725786,
      0.5041955510191881,
      0.08180211235031333,
      -0.4087017111133902,
      0.43742358202371323,
      0.5705479356994159,
      -0.562226443963343
    ],
    "lift_pose7": [
      0.4665315006725786,
      0.5041955510191881,
      0.2018021123503133,
      -0.4796766608439098,
      0.5070666395370913,
      0.5123205409111707,
      -0.5003212842471162
    ],
    "pre_home_pose7": [
      0.2865315006725786,
      0.40419555101918814,
      0.2518021123503133,
      -0.4796766608439098,
      0.5070666395370913,
      0.5123205409111707,
      -0.5003212842471162
    ],
    "grasp_xyz_offset_m": [
      0.04,
      0.0,
      0.005
    ],
    "grasp_quat": [
      -0.4087017111133902,
      0.43742358202371323,
      0.5705479356994159,
      -0.562226443963343
    ],
    "use_fixed_grasp_quat": true,
    "phase_backends": {
      "approach": "qp_stream",
      "grasp": "qp_stream",
      "lift": "qp_stream"
    },
    "joint_limits_used": {
      "shoulder_pitch": [
        -2.96,
        2.96
      ],
      "shoulder_roll": [
        -0.262,
        2.616
      ],
      "shoulder_yaw": [
        -2.96,
        2.96
      ],
      "elbow_pitch": [
        -2.61,
        0.261
      ],
      "elbow_yaw": [
        -2.96,
        2.96
      ],
      "wrist_pitch": [
        -0.785,
        1.05
      ],
      "wrist_roll": [
        -1.65,
        1.3
      ]
    },
    "approach_tcp_tracking": {
      "commanded_xyz": [
        0.3515438952439073,
        0.5041955510191881,
        0.11579175744372072
      ],
      "achieved_xyz": [
        0.3459922058419604,
        0.4887684732165778,
        0.10540255990104863
      ],
      "error_mm": [
        -5.551689401946891,
        -15.427077802610324,
        -10.38919754267209
      ],
      "error_norm_mm": 19.410085273489795,
      "achieved_quat": [
        0.3812846961921878,
        -0.43761654134866546,
        -0.5939938429218531,
        0.5570323668859752
      ],
      "approach_axis_tilt_deg": 19.039958469988218,
      "commanded_approach_axis_tilt_deg": 16.454094333991076,
      "orientation_error_deg": 4.176804993840742
    },
    "approach_joint_limits": {
      "closest": {
        "joint": "wrist_pitch",
        "value": -0.1468,
        "lower": -0.785,
        "upper": 1.05,
        "dist_to_limit": 0.6382,
        "nearest_side": "lower"
      },
      "breached": [],
      "margin_rad": 0.05
    },
    "compliant_insert": {
      "ok": true,
      "contact": false,
      "reason": "reached_depth_no_contact",
      "resist_n": -17.465118614135918,
      "traveled_m": 0.04577133526983016,
      "planned_depth_m": 0.033568597864389364,
      "ft_topic": "/arm_6dof_left",
      "calib_path": "/home/ubuntu/niu/compliant_grasp_execute/ft_calibration/ft_calibration_left.json",
      "calib_present": true,
      "commanded_m": 0.05356859786438936,
      "throttle_events": 0
    },
    "grasp_tcp_tracking": {
      "commanded_xyz": [
        0.4665315006725786,
        0.5041955510191881,
        0.08180211235031333
      ],
      "achieved_xyz": [
        0.5194492265511794,
        0.48131483903441497,
        0.16025814735650745
      ],
      "error_mm": [
        52.91772587860083,
        -22.88071198477315,
        78.45603500619413
      ],
      "error_norm_mm": 97.36098870690476,
      "achieved_quat": [
        0.3711806198170899,
        -0.45395749585034173,
        -0.6183362203474404,
        0.5232665267719019
      ],
      "approach_axis_tilt_deg": 18.19759716321053,
      "commanded_approach_axis_tilt_deg": 16.454094333991076,
      "orientation_error_deg": 8.486976726312475
    },
    "grasp_joint_limits": {
      "closest": {
        "joint": "wrist_pitch",
        "value": -0.5939,
        "lower": -0.785,
        "upper": 1.05,
        "dist_to_limit": 0.1911,
        "nearest_side": "lower"
      },
      "breached": [],
      "margin_rad": 0.05
    },
    "lift_joint_limits": {
      "closest": {
        "joint": "wrist_pitch",
        "value": -0.5221,
        "lower": -0.785,
        "upper": 1.05,
        "dist_to_limit": 0.2629,
        "nearest_side": "lower"
      },
      "breached": [],
      "margin_rad": 0.05
    },
    "retract_ok": null,
    "return_home_ok": true,
    "released_on_finish_ok": null,
    "approach_ok": true,
    "grasp_ok": true,
    "lift_ok": true
  },
  "detection": {
    "class_name": "remote control",
    "pose_head_roll_link": [
      0.8935879255410185,
      0.49193660375236964,
      -0.05851243006705453,
      -0.3416085626170186,
      0.07928167146623145,
      0.9357856553136324,
      -0.036376006178390416
    ],
    "pose_tip_waist_yaw_link_rpy": {
      "x": 0.6814206927061334,
      "y": 0.49366822219855516,
      "z": 0.0014583990599269514,
      "roll": 0.12661971070817948,
      "pitch": 0.031042526758847444,
      "yaw": -3.0182585167449467
    },
    "pose_tip_used_for_tcp_conversion_rpy": {
      "x": 0.6814206927061334,
      "y": 0.49366822219855516,
      "z": 0.0014583990599269514,
      "roll": -2.0733655596662275,
      "pitch": 0.0935914908009341,
      "yaw": 1.31634481975583
    },
    "pose_tcp_waist_yaw_link_rpy": {
      "x": 0.4528038483673648,
      "y": 0.5407565422039569,
      "z": -0.12610738241634578,
      "roll": -2.0733655596662275,
      "pitch": 0.0935914908009341,
      "yaw": 1.31634481975583
    },
    "pose_tcp_waist_yaw_link_pose7": [
      0.4528038483673648,
      0.5407565422039569,
      -0.12610738241634578,
      0.6947465637552727,
      0.5070626348658215,
      -0.34290084595610515,
      -0.37766877858218423
    ],
    "current_tcp_pose7": [
      0.11558816655297514,
      -0.25782780527819893,
      0.1413847656284529,
      0.6947465637552727,
      0.5070626348658215,
      -0.34290084595610515,
      -0.37766877858218423
    ],
    "tcp_minus_tip_waist_m": [
      -0.22861684433876855,
      0.047088320005401696,
      -0.12756578147627273
    ],
    "tcp_to_tip_offset_m": [
      0.0,
      0.0,
      -0.266
    ],
    "orientation_policy": "current",
    "use_current_tcp_rotation": true,
    "rotation_source_arm": "right",
    "bbox_2d": [
      207.47579956054688,
      213.47006225585938,
      280.007568359375,
      356.73724365234375
    ],
    "bbox_3d": {
      "min": [
        0.8326839758377613,
        0.4612503591592876,
        -0.12016310670504066
      ],
      "max": [
        0.9706445408153892,
        0.5331422418946791,
        0.004747668639792146
      ],
      "center": [
        0.9016642583265753,
        0.4971963005269833,
        -0.057707719032624255
      ],
      "size": [
        0.13796056497762788,
        0.07189188273539149,
        0.1249107753448328
      ]
    },
    "object_long_axis_waist": [
      -0.9919258605249548,
      -0.12296242616148283,
      -0.031037541370239737
    ],
    "object_long_axis_yaw_waist_deg": 7.066525511098632,
    "object_angle_from_waist_x_deg": 7.066525511098637
  },
  "gripper": {
    "open_ok": true,
    "close_ok": true,
    "final_pos_pct": 90.0,
    "backend": "modbus_rtu"
  },
  "ok": true
}