{
  "arm": "right",
  "pipeline_version": "accelerated",
  "motion_strategy": "qp_all",
  "dry_run": false,
  "motion": {
    "detected_pose7": [
      0.33013639847553017,
      -0.24983645054721992,
      -0.19031632698858908,
      0.7087353642971919,
      0.4887516343377894,
      -0.3357022102477797,
      -0.38225652298086704
    ],
    "approach_pose7": [
      0.20270282473149837,
      -0.3271214871956635,
      -0.018515982652670536,
      0.36642139196363327,
      0.4734045228859803,
      -0.6201788832176932,
      -0.5069533253006491
    ],
    "grasp_pose7": [
      0.31484061835017685,
      -0.3271214871956635,
      -0.052505627746077935,
      0.36642139196363327,
      0.4734045228859803,
      -0.6201788832176932,
      -0.5069533253006491
    ],
    "lift_pose7": [
      0.31484061835017685,
      -0.3271214871956635,
      0.06749437225392206,
      0.44423619428147254,
      0.5355251687512124,
      -0.5670455778577463,
      -0.44082457957363697
    ],
    "pre_home_pose7": [
      0.13484061835017686,
      -0.42712148719566345,
      0.11749437225392206,
      0.44423619428147254,
      0.5355251687512124,
      -0.5670455778577463,
      -0.44082457957363697
    ],
    "grasp_xyz_offset_m": [
      0.0,
      0.0,
      0.0
    ],
    "grasp_quat": [
      0.36642139196363327,
      0.4734045228859803,
      -0.6201788832176932,
      -0.5069533253006491
    ],
    "use_fixed_grasp_quat": true,
    "phase_backends": {
      "approach": "qp_stream",
      "grasp": "qp_stream",
      "lift": "qp_stream"
    },
    "joint_limits_used": {
      "shoulder_pitch": [
        -2.96,
        2.96
      ],
      "shoulder_roll": [
        -2.616,
        0.262
      ],
      "shoulder_yaw": [
        -2.96,
        2.96
      ],
      "elbow_pitch": [
        -2.61,
        0.261
      ],
      "elbow_yaw": [
        -2.96,
        2.96
      ],
      "wrist_pitch": [
        -0.785,
        1.05
      ],
      "wrist_roll": [
        -1.3,
        1.65
      ]
    },
    "approach_tcp_tracking": {
      "commanded_xyz": [
        0.20270282473149837,
        -0.3271214871956635,
        -0.018515982652670536
      ],
      "achieved_xyz": [
        0.1905125131396363,
        -0.30939378710190757,
        -0.02528339659476575
      ],
      "error_mm": [
        -12.190311591862068,
        17.727700093755907,
        -6.767413942095215
      ],
      "error_norm_mm": 22.553778813859655,
      "achieved_quat": [
        -0.3167327253929304,
        -0.48030887728407173,
        0.6531283129867089,
        0.49234862632327553
      ],
      "approach_axis_tilt_deg": 19.753093066175765,
      "commanded_approach_axis_tilt_deg": 16.454094333991083,
      "orientation_error_deg": 7.0795048170931665
    },
    "approach_joint_limits": {
      "closest": {
        "joint": "wrist_pitch",
        "value": 0.0286,
        "lower": -0.785,
        "upper": 1.05,
        "dist_to_limit": 0.8136,
        "nearest_side": "lower"
      },
      "breached": [],
      "margin_rad": 0.05
    },
    "compliant_insert": {
      "ok": true,
      "contact": false,
      "reason": "reached_depth_no_contact",
      "resist_n": -28.171451693083082,
      "traveled_m": 0.045918839982025096,
      "planned_depth_m": 0.03159680826759323,
      "ft_topic": "/arm_6dof_right",
      "calib_path": "/home/ubuntu/niu/compliant_grasp_execute/ft_calibration/ft_calibration_right.json",
      "calib_present": true,
      "commanded_m": 0.05159680826759323,
      "throttle_events": 0
    },
    "grasp_tcp_tracking": {
      "commanded_xyz": [
        0.31484061835017685,
        -0.3271214871956635,
        -0.052505627746077935
      ],
      "achieved_xyz": [
        0.35547929446173443,
        -0.34241628624532494,
        -0.01736645948544724
      ],
      "error_mm": [
        40.63867611155758,
        -15.294799049661467,
        35.1391682606307
      ],
      "error_norm_mm": 55.85869690673532,
      "achieved_quat": [
        -0.31953821975906244,
        -0.5225704283040173,
        0.6442670324207193,
        0.4579688466600811
      ],
      "approach_axis_tilt_deg": 14.45567462153758,
      "commanded_approach_axis_tilt_deg": 16.454094333991083,
      "orientation_error_deg": 9.98976067359765
    },
    "grasp_joint_limits": {
      "closest": {
        "joint": "wrist_pitch",
        "value": -0.3226,
        "lower": -0.785,
        "upper": 1.05,
        "dist_to_limit": 0.4624,
        "nearest_side": "lower"
      },
      "breached": [],
      "margin_rad": 0.05
    },
    "lift_joint_limits": {
      "closest": {
        "joint": "wrist_pitch",
        "value": -0.2372,
        "lower": -0.785,
        "upper": 1.05,
        "dist_to_limit": 0.5478,
        "nearest_side": "lower"
      },
      "breached": [],
      "margin_rad": 0.05
    },
    "retract_ok": null,
    "return_home_ok": true,
    "released_on_finish_ok": null,
    "approach_ok": true,
    "grasp_ok": true,
    "lift_ok": true
  },
  "detection": {
    "class_name": "remote control",
    "pose_head_roll_link": [
      0.8015197895220847,
      -0.2866206007210345,
      -0.26158832554235445,
      -0.3079017280758081,
      -0.0309497434851671,
      0.949862779059091,
      -0.04471398197738753
    ],
    "pose_tip_waist_yaw_link_rpy": {
      "x": 0.4830473087781945,
      "y": -0.2883001869249682,
      "z": -0.10349009538618903,
      "roll": -0.08894146091198797,
      "pitch": -0.03188872638683282,
      "yaw": -3.079381395817352
    },
    "pose_tip_used_for_tcp_conversion_rpy": {
      "x": 0.4830473087781945,
      "y": -0.2883001869249682,
      "z": -0.10349009538618903,
      "roll": -2.077052627732349,
      "pitch": 0.10236976067748116,
      "yaw": 1.2677658275249988
    },
    "pose_tcp_waist_yaw_link_rpy": {
      "x": 0.33013639847553017,
      "y": -0.24983645054721992,
      "z": -0.19031632698858908,
      "roll": -2.077052627732349,
      "pitch": 0.10236976067748116,
      "yaw": 1.2677658275249988
    },
    "pose_tcp_waist_yaw_link_pose7": [
      0.33013639847553017,
      -0.24983645054721992,
      -0.19031632698858908,
      0.7087353642971919,
      0.4887516343377894,
      -0.3357022102477797,
      -0.38225652298086704
    ],
    "current_tcp_pose7": [
      0.11447917079687639,
      -0.26188553537781134,
      0.14172475629268638,
      0.7087353642971919,
      0.4887516343377894,
      -0.3357022102477797,
      -0.38225652298086704
    ],
    "tcp_minus_tip_waist_m": [
      -0.15291091030266435,
      0.0384637363777483,
      -0.08682623160240005
    ],
    "tcp_to_tip_offset_m": [
      0.0,
      0.0,
      -0.18
    ],
    "orientation_policy": "current",
    "use_current_tcp_rotation": true,
    "rotation_source_arm": "right",
    "bbox_2d": [
      856.4819946289062,
      392.0566101074219,
      944.8351440429688,
      564.5025634765625
    ],
    "bbox_3d": {
      "min": [
        0.731203606005432,
        -0.32070998320634714,
        -0.31799226241162504
      ],
      "max": [
        0.8774816116448525,
        -0.25825152311778515,
        -0.2064944392961676
      ],
      "center": [
        0.8043426088251422,
        -0.2894807531620661,
        -0.26224335085389633
      ],
      "size": [
        0.1462780056394205,
        0.062458460088561985,
        0.11149782311545745
      ]
    },
    "object_long_axis_waist": [
      -0.9975580848895952,
      -0.062139528829173854,
      0.03188332210249543
    ],
    "object_long_axis_yaw_waist_deg": 3.5644425085613136,
    "object_angle_from_waist_x_deg": 3.5644425085613287
  },
  "gripper": {
    "open_ok": true,
    "close_ok": true,
    "final_pos_pct": 90.0,
    "backend": "modbus_rtu"
  },
  "ok": true
}