{
  "arm": "left",
  "pipeline_version": "accelerated",
  "motion_strategy": "qp_all",
  "dry_run": false,
  "motion": {
    "detected_pose7": [
      1.4777093759843514,
      0.509091567329195,
      -0.27284929705567323,
      0.6944889494402129,
      0.5070183245491434,
      -0.3431892994238387,
      -0.3779399720032054
    ],
    "approach_pose7": [
      1.3723353095678439,
      0.447896792459037,
      -0.04650542222424128,
      -0.43882608763598874,
      0.43090585840246504,
      0.5413680247502988,
      -0.5732996317655247
    ],
    "grasp_pose7": [
      1.4886404093006769,
      0.4522888359072315,
      -0.0757258556653276,
      -0.43882608763598874,
      0.43090585840246504,
      0.5413680247502988,
      -0.5732996317655247
    ],
    "lift_pose7": [
      1.4886404093006769,
      0.4522888359072315,
      0.0442741443346724,
      -0.5057345764838216,
      0.5020500169845064,
      0.4794582479848252,
      -0.5121504730388406
    ],
    "pre_home_pose7": [
      1.308640409300677,
      0.3522888359072315,
      0.0942741443346724,
      -0.5057345764838216,
      0.5020500169845064,
      0.4794582479848252,
      -0.5121504730388406
    ],
    "grasp_xyz_offset_m": [
      0.04,
      0.0,
      0.005
    ],
    "grasp_quat": [
      -0.43882608763598874,
      0.43090585840246504,
      0.5413680247502988,
      -0.5732996317655247
    ],
    "use_fixed_grasp_quat": true,
    "phase_backends": {
      "approach": "qp_stream",
      "grasp": "qp_stream",
      "lift": "qp_stream"
    },
    "joint_limits_used": {
      "shoulder_pitch": [
        -2.96,
        2.96
      ],
      "shoulder_roll": [
        -0.262,
        2.616
      ],
      "shoulder_yaw": [
        -2.96,
        2.96
      ],
      "elbow_pitch": [
        -2.61,
        0.261
      ],
      "elbow_yaw": [
        -2.96,
        2.96
      ],
      "wrist_pitch": [
        -0.785,
        1.05
      ],
      "wrist_roll": [
        -1.65,
        1.3
      ]
    },
    "grasp_reach_retry_used": true,
    "grasp_reach_retry_yaw_scale": 0.5,
    "approach_tcp_tracking": {
      "commanded_xyz": [
        1.3723353095678439,
        0.447896792459037,
        -0.04650542222424128
      ],
      "achieved_xyz": [
        0.5886315125033106,
        0.3065653406870422,
        0.15270850643466602
      ],
      "error_mm": [
        -783.7037970645333,
        -141.3314517719948,
        199.2139286589073
      ],
      "error_norm_mm": 820.8851382288896,
      "achieved_quat": [
        0.5789705517049726,
        -0.45876735332470403,
        -0.43720038802734845,
        0.5130121211926885
      ],
      "approach_axis_tilt_deg": -5.241205495225266,
      "commanded_approach_axis_tilt_deg": 14.093419085300644,
      "orientation_error_deg": 21.439404821520437
    },
    "approach_joint_limits": {
      "closest": {
        "joint": "shoulder_roll",
        "value": 0.1789,
        "lower": -0.262,
        "upper": 2.616,
        "dist_to_limit": 0.4409,
        "nearest_side": "lower"
      },
      "breached": [],
      "margin_rad": 0.05
    },
    "lift_joint_limits": {
      "closest": {
        "joint": "shoulder_roll",
        "value": 0.1789,
        "lower": -0.262,
        "upper": 2.616,
        "dist_to_limit": 0.4409,
        "nearest_side": "lower"
      },
      "breached": [],
      "margin_rad": 0.05
    },
    "retract_ok": null,
    "return_home_ok": true,
    "released_on_finish_ok": null,
    "approach_ok": false,
    "grasp_ok": false,
    "lift_ok": true
  },
  "detection": {
    "class_name": "remote control",
    "pose_head_roll_link": [
      1.8281460414659694,
      0.46374117647999513,
      0.27321652520436057,
      -0.4018566988122919,
      -0.03778979882146814,
      0.8763047965530514,
      -0.2630076581828658
    ],
    "pose_tip_waist_yaw_link_rpy": {
      "x": 1.7064500470417898,
      "y": 0.462024532217396,
      "z": -0.14549781645973558,
      "roll": -0.1489056931856575,
      "pitch": 0.33323367838860274,
      "yaw": -2.6709955431002457
    },
    "pose_tip_used_for_tcp_conversion_rpy": {
      "x": 1.7064500470417898,
      "y": 0.462024532217396,
      "z": -0.14549781645973558,
      "roll": -2.0724415274243864,
      "pitch": 0.09357386601765905,
      "yaw": 1.3166627461729943
    },
    "pose_tcp_waist_yaw_link_rpy": {
      "x": 1.4777093759843514,
      "y": 0.509091567329195,
      "z": -0.27284929705567323,
      "roll": -2.0724415274243864,
      "pitch": 0.09357386601765905,
      "yaw": 1.3166627461729943
    },
    "pose_tcp_waist_yaw_link_pose7": [
      1.4777093759843514,
      0.509091567329195,
      -0.27284929705567323,
      0.6944889494402129,
      0.5070183245491434,
      -0.3431892994238387,
      -0.3779399720032054
    ],
    "current_tcp_pose7": [
      0.11563797070056309,
      -0.25782786971415417,
      0.1413243932303192,
      0.6944889494402129,
      0.5070183245491434,
      -0.3431892994238387,
      -0.3779399720032054
    ],
    "tcp_minus_tip_waist_m": [
      -0.22874067105743845,
      0.04706703511179905,
      -0.12735148059593765
    ],
    "tcp_to_tip_offset_m": [
      0.0,
      0.0,
      -0.266
    ],
    "orientation_policy": "current",
    "use_current_tcp_rotation": true,
    "rotation_source_arm": "right",
    "bbox_2d": [
      435.3584289550781,
      46.72893142700195,
      467.6973876953125,
      108.9184341430664
    ],
    "bbox_3d": {
      "min": [
        1.8027410375372626,
        0.42859934545387085,
        0.2319870156325762
      ],
      "max": [
        1.877563177522777,
        0.4999678428860337,
        0.3174222909490597
      ],
      "center": [
        1.8401521075300198,
        0.46428359416995224,
        0.27470465329081795
      ],
      "size": [
        0.07482213998551446,
        0.07136849743216284,
        0.08543527531648351
      ]
    },
    "object_long_axis_waist": [
      -0.8422670166103534,
      -0.42847580902797516,
      -0.3271005255393473
    ],
    "object_long_axis_yaw_waist_deg": 26.96322828210276,
    "object_angle_from_waist_x_deg": 26.963228282102747
  },
  "gripper": {
    "open_ok": true,
    "close_ok": null,
    "final_pos_pct": null,
    "backend": "modbus_rtu"
  },
  "ok": false
}