{
  "arm": "right",
  "pipeline_version": "accelerated",
  "motion_strategy": "qp_all",
  "dry_run": false,
  "motion": {
    "detected_pose7": [
      0.34024635343207393,
      -0.2656588822966049,
      -0.1835262744538308,
      0.7088808454881759,
      0.4888481060940179,
      -0.3355427947821516,
      -0.3820032839362036
    ],
    "approach_pose7": [
      0.2103214780865405,
      -0.3359231680968142,
      -0.01161773310488625,
      0.3761382454350027,
      0.46572148232451865,
      -0.6095566486551984,
      -0.519677027876713
    ],
    "grasp_pose7": [
      0.3234340358636164,
      -0.3359231680968142,
      -0.04560737819829365,
      0.3761382454350027,
      0.46572148232451865,
      -0.6095566486551984,
      -0.519677027876713
    ],
    "lift_pose7": [
      0.3234340358636164,
      -0.3359231680968142,
      0.07439262180170635,
      0.4524834388940734,
      0.5295686341150189,
      -0.5552459141004755,
      -0.454442267139484
    ],
    "pre_home_pose7": [
      0.14343403586361642,
      -0.4359231680968142,
      0.12439262180170635,
      0.4524834388940734,
      0.5295686341150189,
      -0.5552459141004755,
      -0.454442267139484
    ],
    "grasp_xyz_offset_m": [
      0.0,
      0.0,
      0.0
    ],
    "grasp_quat": [
      0.3761382454350027,
      0.46572148232451865,
      -0.6095566486551984,
      -0.519677027876713
    ],
    "use_fixed_grasp_quat": true,
    "phase_backends": {
      "approach": "qp_stream",
      "grasp": "qp_stream",
      "lift": "qp_stream"
    },
    "joint_limits_used": {
      "shoulder_pitch": [
        -2.96,
        2.96
      ],
      "shoulder_roll": [
        -2.616,
        0.262
      ],
      "shoulder_yaw": [
        -2.96,
        2.96
      ],
      "elbow_pitch": [
        -2.61,
        0.261
      ],
      "elbow_yaw": [
        -2.96,
        2.96
      ],
      "wrist_pitch": [
        -0.785,
        1.05
      ],
      "wrist_roll": [
        -1.3,
        1.65
      ]
    },
    "approach_tcp_tracking": {
      "commanded_xyz": [
        0.2103214780865405,
        -0.3359231680968142,
        -0.01161773310488625
      ],
      "achieved_xyz": [
        0.20020628697272147,
        -0.32033994888774736,
        -0.01795023094579873
      ],
      "error_mm": [
        -10.115191113819034,
        15.583219209066856,
        -6.332497840912478
      ],
      "error_norm_mm": 19.627897011449672,
      "achieved_quat": [
        -0.33327548471785395,
        -0.4715572287531091,
        0.6414946006781219,
        0.5050207011574716
      ],
      "approach_axis_tilt_deg": 19.45840624120694,
      "commanded_approach_axis_tilt_deg": 16.454094333991083,
      "orientation_error_deg": 6.387302264801431
    },
    "approach_joint_limits": {
      "closest": {
        "joint": "wrist_pitch",
        "value": 0.0473,
        "lower": -0.785,
        "upper": 1.05,
        "dist_to_limit": 0.8323,
        "nearest_side": "lower"
      },
      "breached": [],
      "margin_rad": 0.05
    },
    "compliant_insert": {
      "ok": true,
      "contact": false,
      "reason": "reached_depth_no_contact",
      "resist_n": -18.573566970070708,
      "traveled_m": 0.04403570423002899,
      "planned_depth_m": 0.03149044335218937,
      "ft_topic": "/arm_6dof_right",
      "calib_path": "/home/ubuntu/niu/compliant_grasp_execute/ft_calibration/ft_calibration_right.json",
      "calib_present": true,
      "commanded_m": 0.05149044335218937,
      "throttle_events": 0
    },
    "grasp_tcp_tracking": {
      "commanded_xyz": [
        0.3234340358636164,
        -0.3359231680968142,
        -0.04560737819829365
      ],
      "achieved_xyz": [
        0.3692359533783449,
        -0.3476295756151192,
        -0.005757213165316577
      ],
      "error_mm": [
        45.80191751472851,
        -11.706407518304985,
        39.850165032977074
      ],
      "error_norm_mm": 61.829534028376194,
      "achieved_quat": [
        -0.33432267126415427,
        -0.510438482981694,
        0.6356766014781521,
        0.4728595615014395
      ],
      "approach_axis_tilt_deg": 14.795025329971981,
      "commanded_approach_axis_tilt_deg": 16.454094333991083,
      "orientation_error_deg": 9.327736900878353
    },
    "grasp_joint_limits": {
      "closest": {
        "joint": "wrist_pitch",
        "value": -0.2615,
        "lower": -0.785,
        "upper": 1.05,
        "dist_to_limit": 0.5235,
        "nearest_side": "lower"
      },
      "breached": [],
      "margin_rad": 0.05
    },
    "lift_joint_limits": {
      "closest": {
        "joint": "wrist_pitch",
        "value": -0.1519,
        "lower": -0.785,
        "upper": 1.05,
        "dist_to_limit": 0.6331,
        "nearest_side": "lower"
      },
      "breached": [],
      "margin_rad": 0.05
    },
    "retract_ok": null,
    "return_home_ok": true,
    "released_on_finish_ok": null,
    "approach_ok": true,
    "grasp_ok": true,
    "lift_ok": true
  },
  "detection": {
    "class_name": "remote control",
    "pose_head_roll_link": [
      0.805286669184869,
      -0.30265165300772184,
      -0.2495123049699487,
      -0.3102618303786656,
      -0.045504863328580274,
      0.949162392449864,
      -0.027525565977429632
    ],
    "pose_tip_waist_yaw_link_rpy": {
      "x": 0.4931028725292303,
      "y": -0.30409440871175947,
      "z": -0.09659184583840474,
      "roll": -0.1045920476010967,
      "pitch": -0.02928491461774496,
      "yaw": -3.120766712362797
    },
    "pose_tip_used_for_tcp_conversion_rpy": {
      "x": 0.4931028725292303,
      "y": -0.30409440871175947,
      "z": -0.09659184583840474,
      "roll": -2.077746293516557,
      "pitch": 0.10241550075645112,
      "yaw": 1.2677376134664242
    },
    "pose_tcp_waist_yaw_link_rpy": {
      "x": 0.34024635343207393,
      "y": -0.2656588822966049,
      "z": -0.1835262744538308,
      "roll": -2.077746293516557,
      "pitch": 0.10241550075645112,
      "yaw": 1.2677376134664242
    },
    "pose_tcp_waist_yaw_link_pose7": [
      0.34024635343207393,
      -0.2656588822966049,
      -0.1835262744538308,
      0.7088808454881759,
      0.4888481060940179,
      -0.3355427947821516,
      -0.3820032839362036
    ],
    "current_tcp_pose7": [
      0.11444658918968362,
      -0.261885173702421,
      0.14177600864650752,
      0.7088808454881759,
      0.4888481060940179,
      -0.3355427947821516,
      -0.3820032839362036
    ],
    "tcp_minus_tip_waist_m": [
      -0.15285651909715636,
      0.038435526415154575,
      -0.08693442861542605
    ],
    "tcp_to_tip_offset_m": [
      0.0,
      0.0,
      -0.18
    ],
    "orientation_policy": "current",
    "use_current_tcp_rotation": true,
    "rotation_source_arm": "right",
    "bbox_2d": [
      873.34130859375,
      380.8065185546875,
      956.650146484375,
      551.3080444335938
    ],
    "bbox_3d": {
      "min": [
        0.7408827278357297,
        -0.33342417487424497,
        -0.3037765404895737
      ],
      "max": [
        0.8806993360856615,
        -0.2780754592152496,
        -0.19373985772729438
      ],
      "center": [
        0.8107910319606957,
        -0.3057498170447473,
        -0.24875819910843405
      ],
      "size": [
        0.1398166082499318,
        0.05534871565899535,
        0.11003668276227932
      ]
    },
    "object_long_axis_waist": [
      -0.9993544684365196,
      -0.02081550687763426,
      0.029280728976388913
    ],
    "object_long_axis_yaw_waist_deg": 1.1932385366943947,
    "object_angle_from_waist_x_deg": 1.1932385366943892
  },
  "gripper": {
    "open_ok": true,
    "close_ok": true,
    "final_pos_pct": 93.0,
    "backend": "modbus_rtu"
  },
  "ok": true
}