{
  "arm": "right",
  "pipeline_version": "accelerated",
  "motion_strategy": "qp_all",
  "dry_run": false,
  "motion": {
    "pre_cycle_move_ok": true,
    "detected_pose7": [
      0.40460364866396914,
      -0.24106444055528764,
      -0.07153803426716798,
      -0.4214706150383489,
      -0.48032122138519906,
      0.6396403527013946,
      0.42721688185541323
    ],
    "approach_pose7": [
      0.4513863538969346,
      -0.27056446436735027,
      0.0568681261363335,
      0.20259422746100297,
      0.40422213315504546,
      -0.7551973236555892,
      -0.4745914542114083
    ],
    "grasp_pose7": [
      0.4513863538969346,
      -0.27056446436735027,
      -0.0031318738636665023,
      0.20259422746100297,
      0.40422213315504546,
      -0.7551973236555892,
      -0.4745914542114083
    ],
    "lift_pose7": [
      0.4513863538969346,
      -0.27056446436735027,
      0.11686812613633349,
      0.2994340367917463,
      0.4627105721485221,
      -0.7222926527853406,
      -0.4177696826780301
    ],
    "pre_home_pose7": [
      0.2713863538969346,
      -0.37056446436735024,
      0.1668681261363335,
      0.2994340367917463,
      0.4627105721485221,
      -0.7222926527853406,
      -0.4177696826780301
    ],
    "grasp_xyz_offset_m": [
      0.0,
      0.0,
      -0.005
    ],
    "grasp_quat": [
      0.20259422746100297,
      0.40422213315504546,
      -0.7551973236555892,
      -0.4745914542114083
    ],
    "use_fixed_grasp_quat": true,
    "phase_backends": {
      "approach": "qp_stream",
      "grasp": "qp_stream",
      "lift": "qp_stream"
    },
    "joint_limits_used": {
      "shoulder_pitch": [
        -2.96,
        2.96
      ],
      "shoulder_roll": [
        -2.616,
        0.262
      ],
      "shoulder_yaw": [
        -2.96,
        2.96
      ],
      "elbow_pitch": [
        -2.61,
        0.261
      ],
      "elbow_yaw": [
        -2.96,
        2.96
      ],
      "wrist_pitch": [
        -0.785,
        1.05
      ],
      "wrist_roll": [
        -1.3,
        1.65
      ]
    },
    "approach_tcp_tracking": {
      "commanded_xyz": [
        0.4513863538969346,
        -0.27056446436735027,
        0.0568681261363335
      ],
      "achieved_xyz": [
        0.45382262362689374,
        -0.2702288769007549,
        0.07667448419968648
      ],
      "error_mm": [
        2.4362697299591396,
        0.335587466595344,
        19.806358063352977
      ],
      "error_norm_mm": 19.958453068276572,
      "achieved_quat": [
        -0.21688748885360087,
        -0.423855328806071,
        0.7486015655671551,
        0.4614132350202807
      ],
      "approach_axis_tilt_deg": 33.13495638133973,
      "commanded_approach_axis_tilt_deg": 36.23653368598326,
      "orientation_error_deg": 3.2552544475131935
    },
    "approach_joint_limits": {
      "closest": {
        "joint": "wrist_pitch",
        "value": -0.2307,
        "lower": -0.785,
        "upper": 1.05,
        "dist_to_limit": 0.5543,
        "nearest_side": "lower"
      },
      "breached": [],
      "margin_rad": 0.05
    },
    "compliant_insert": {
      "ok": true,
      "contact": true,
      "reason": "contact",
      "resist_n": 1.6498633423841786,
      "traveled_m": 0.029644209592023126,
      "planned_depth_m": 0.038007003987816194,
      "ft_topic": "/arm_6dof_right",
      "calib_path": "/home/ubuntu/cheng/compliant_grasp_execute/ft_calibration/ft_calibration_right.json",
      "calib_present": true,
      "commanded_m": 0.07014420959202312,
      "throttle_events": 0,
      "contact_kind": "force"
    },
    "grasp_tcp_tracking": {
      "commanded_xyz": [
        0.4513863538969346,
        -0.27056446436735027,
        -0.0031318738636665023
      ],
      "achieved_xyz": [
        0.45370268065706043,
        -0.26898539262203586,
        0.0060436714733671515
      ],
      "error_mm": [
        2.316326760125831,
        1.5790717453144087,
        9.175545337033654
      ],
      "error_norm_mm": 9.59424147436812,
      "achieved_quat": [
        -0.2210314060808709,
        -0.44110460581414407,
        0.7412215574885582,
        0.4551510155648317
      ],
      "approach_axis_tilt_deg": 30.87345706988489,
      "commanded_approach_axis_tilt_deg": 36.23653368598326,
      "orientation_error_deg": 5.464383414951599
    },
    "grasp_joint_limits": {
      "closest": {
        "joint": "wrist_pitch",
        "value": -0.2781,
        "lower": -0.785,
        "upper": 1.05,
        "dist_to_limit": 0.5069,
        "nearest_side": "lower"
      },
      "breached": [],
      "margin_rad": 0.05
    },
    "lift_joint_limits": {
      "closest": {
        "joint": "wrist_pitch",
        "value": -0.2515,
        "lower": -0.785,
        "upper": 1.05,
        "dist_to_limit": 0.5335,
        "nearest_side": "lower"
      },
      "breached": [],
      "margin_rad": 0.05
    },
    "retract_ok": null,
    "return_home_ok": true,
    "released_on_finish_ok": null,
    "approach_ok": true,
    "grasp_ok": true,
    "lift_ok": true
  },
  "detection": {
    "class_name": "remote control",
    "pose_head_roll_link": [
      0.8744595918213384,
      -0.19414757926374773,
      -0.20669126960721595,
      -0.28720605318126735,
      0.03602742790958862,
      0.937706320782669,
      -0.19214984626194376
    ],
    "pose_tip_waist_yaw_link_rpy": {
      "x": 0.5755283897083748,
      "y": -0.1952819900929741,
      "z": -0.10453349044780957,
      "roll": -0.06616223072956588,
      "pitch": -0.05492078389719546,
      "yaw": -2.7489493022996343
    },
    "pose_tip_used_for_tcp_conversion_rpy": {
      "x": 0.5755283897083748,
      "y": -0.1952819900929741,
      "z": -0.10453349044780957,
      "roll": -1.3848799510564136,
      "pitch": 0.12913516491678512,
      "yaw": 1.856721226810035
    },
    "pose_tcp_waist_yaw_link_rpy": {
      "x": 0.40460364866396914,
      "y": -0.24106444055528764,
      "z": -0.07153803426716798,
      "roll": -1.3848799510564136,
      "pitch": 0.12913516491678512,
      "yaw": 1.856721226810035
    },
    "pose_tcp_waist_yaw_link_pose7": [
      0.40460364866396914,
      -0.24106444055528764,
      -0.07153803426716798,
      -0.4214706150383489,
      -0.48032122138519906,
      0.6396403527013946,
      0.42721688185541323
    ],
    "current_tcp_pose7": [
      -0.007784038041628943,
      -0.36713638520855474,
      0.09806777577469794,
      -0.4214706150383489,
      -0.48032122138519906,
      0.6396403527013946,
      0.42721688185541323
    ],
    "tcp_minus_tip_waist_m": [
      -0.1709247410444057,
      -0.04578245046231355,
      0.03299545618064159
    ],
    "tcp_to_tip_offset_m": [
      0.0,
      0.0,
      -0.18
    ],
    "orientation_policy": "current",
    "use_current_tcp_rotation": true,
    "rotation_source_arm": "right",
    "bbox_2d": [
      747.7410278320312,
      338.93194580078125,
      865.1152954101562,
      482.35101318359375
    ],
    "bbox_3d": {
      "min": [
        0.8123413622774528,
        -0.24917763085348685,
        -0.2605496436455531
      ],
      "max": [
        0.9507481680839174,
        -0.14117973427316696,
        -0.15349594159384705
      ],
      "center": [
        0.8815447651806851,
        -0.1951786825633269,
        -0.20702279261970008
      ],
      "size": [
        0.13840680580646458,
        0.10799789658031989,
        0.10705370205170606
      ]
    },
    "object_long_axis_waist": [
      -0.9225078307651466,
      -0.38205502369056277,
      0.05489317853602054
    ],
    "object_long_axis_yaw_waist_deg": 22.496806882798666,
    "object_angle_from_waist_x_deg": 22.496806882798676
  },
  "gripper": {
    "open_ok": true,
    "close_ok": true,
    "final_pos_pct": 52.0,
    "backend": "modbus_rtu"
  },
  "ok": true
}