{
  "arm": "left",
  "pipeline_version": "accelerated",
  "motion_strategy": "qp_all",
  "dry_run": false,
  "motion": {
    "detected_pose7": [
      0.3705176896505574,
      0.3047225451488625,
      -0.07663894959171103,
      0.7091160157814473,
      0.48831487005587826,
      -0.3354835238031515,
      -0.38230075739027414
    ],
    "approach_pose7": [
      0.266703042205129,
      0.30106599697642417,
      0.13120899531413188,
      -0.3940226036007451,
      0.4917270006822333,
      0.5995658413313145,
      -0.4934283601095685
    ],
    "grasp_pose7": [
      0.38163293214104904,
      0.30106599697642417,
      0.10650081659771307,
      -0.3940226036007451,
      0.4917270006822333,
      0.5995658413313145,
      -0.4934283601095685
    ],
    "lift_pose7": [
      0.38163293214104904,
      0.30106599697642417,
      0.22650081659771307,
      -0.46891073185927673,
      0.5519255330036428,
      0.5430062023465612,
      -0.4250237590758992
    ],
    "pre_home_pose7": [
      0.20163293214104905,
      0.20106599697642416,
      0.2765008165977131,
      -0.46891073185927673,
      0.5519255330036428,
      0.5430062023465612,
      -0.4250237590758992
    ],
    "grasp_xyz_offset_m": [
      0.04,
      0.0,
      0.0
    ],
    "grasp_quat": [
      -0.3940226036007451,
      0.4917270006822333,
      0.5995658413313145,
      -0.4934283601095685
    ],
    "use_fixed_grasp_quat": true,
    "phase_backends": {
      "approach": "qp_stream",
      "grasp": "qp_stream",
      "lift": "qp_stream"
    },
    "joint_limits_used": {
      "shoulder_pitch": [
        -2.96,
        2.96
      ],
      "shoulder_roll": [
        -0.262,
        2.616
      ],
      "shoulder_yaw": [
        -2.96,
        2.96
      ],
      "elbow_pitch": [
        -2.61,
        0.261
      ],
      "elbow_yaw": [
        -2.96,
        2.96
      ],
      "wrist_pitch": [
        -0.785,
        1.05
      ],
      "wrist_roll": [
        -1.65,
        1.3
      ]
    },
    "grasp_reach_retry_used": true,
    "grasp_reach_retry_yaw_scale": 0.5,
    "approach_best_effort": true,
    "approach_tcp_tracking": {
      "commanded_xyz": [
        0.266703042205129,
        0.30106599697642417,
        0.13120899531413188
      ],
      "achieved_xyz": [
        0.26080351234878735,
        0.2830943854920118,
        0.13236238616587317
      ],
      "error_mm": [
        -5.899529856341679,
        -17.971611484412342,
        1.1533908517412927
      ],
      "error_norm_mm": 18.950292407490945,
      "achieved_quat": [
        -0.35061169648033863,
        0.4965904984120945,
        0.6534055107719612,
        -0.451143606483389
      ],
      "approach_axis_tilt_deg": 15.125764429838483,
      "commanded_approach_axis_tilt_deg": 11.882276459495202,
      "orientation_error_deg": 9.308403190380469
    },
    "approach_joint_limits": {
      "closest": {
        "joint": "elbow_pitch",
        "value": -2.1299,
        "lower": -2.61,
        "upper": 0.261,
        "dist_to_limit": 0.4801,
        "nearest_side": "lower"
      },
      "breached": [],
      "margin_rad": 0.05
    },
    "compliant_insert": {
      "ok": true,
      "contact": false,
      "reason": "reached_depth_no_contact",
      "resist_n": -5.472672630558741,
      "traveled_m": 0.04702869505146059,
      "planned_depth_m": 0.03497509799932519,
      "ft_topic": "/arm_6dof_left",
      "calib_path": "/home/ubuntu/niu/compliant_grasp_execute/ft_calibration/ft_calibration_left.json",
      "calib_present": true,
      "commanded_m": 0.05497509799932519,
      "throttle_events": 0
    },
    "grasp_tcp_tracking": {
      "commanded_xyz": [
        0.38163293214104904,
        0.30106599697642417,
        0.10650081659771307
      ],
      "achieved_xyz": [
        0.40559686484454427,
        0.3044783224440286,
        0.11719821046377488
      ],
      "error_mm": [
        23.963932703495228,
        3.412325467604449,
        10.697393866061805
      ],
      "error_norm_mm": 26.464093999987355,
      "achieved_quat": [
        -0.36552765647032187,
        0.5252313760253935,
        0.6423284442834402,
        -0.4218242568395058
      ],
      "approach_axis_tilt_deg": 10.430521453135084,
      "commanded_approach_axis_tilt_deg": 11.882276459495202,
      "orientation_error_deg": 10.808655417005623
    },
    "grasp_joint_limits": {
      "closest": {
        "joint": "wrist_pitch",
        "value": -0.1647,
        "lower": -0.785,
        "upper": 1.05,
        "dist_to_limit": 0.6203,
        "nearest_side": "lower"
      },
      "breached": [],
      "margin_rad": 0.05
    },
    "lift_joint_limits": {
      "closest": {
        "joint": "wrist_pitch",
        "value": -0.0745,
        "lower": -0.785,
        "upper": 1.05,
        "dist_to_limit": 0.7105,
        "nearest_side": "lower"
      },
      "breached": [],
      "margin_rad": 0.05
    },
    "retract_ok": null,
    "return_home_ok": true,
    "released_on_finish_ok": null,
    "approach_ok": true,
    "grasp_ok": true,
    "lift_ok": true
  },
  "detection": {
    "class_name": "remote control",
    "pose_head_roll_link": [
      0.7951608811057274,
      0.24627617042930702,
      -0.07015439361581337,
      0.05045970108029067,
      0.9418213563561727,
      -0.006000068832682021,
      0.33225043333652676
    ],
    "pose_tip_waist_yaw_link_rpy": {
      "x": 0.5963941881656718,
      "y": 0.2476527789688362,
      "z": 0.05173102044298472,
      "roll": -3.100142097149256,
      "pitch": 0.01790284137980125,
      "yaw": 3.050857038181542
    },
    "pose_tip_used_for_tcp_conversion_rpy": {
      "x": 0.5963941881656718,
      "y": 0.2476527789688362,
      "z": 0.05173102044298472,
      "roll": -2.0773258722318713,
      "pitch": 0.10260714061294873,
      "yaw": 1.2665497955572023
    },
    "pose_tcp_waist_yaw_link_rpy": {
      "x": 0.3705176896505574,
      "y": 0.3047225451488625,
      "z": -0.07663894959171103,
      "roll": -2.0773258722318713,
      "pitch": 0.10260714061294873,
      "yaw": 1.2665497955572023
    },
    "pose_tcp_waist_yaw_link_pose7": [
      0.3705176896505574,
      0.3047225451488625,
      -0.07663894959171103,
      0.7091160157814473,
      0.48831487005587826,
      -0.3354835238031515,
      -0.38230075739027414
    ],
    "current_tcp_pose7": [
      0.11444098137105567,
      -0.26199060613580516,
      0.1417411814616218,
      0.7091160157814473,
      0.48831487005587826,
      -0.3354835238031515,
      -0.38230075739027414
    ],
    "tcp_minus_tip_waist_m": [
      -0.22587649851511438,
      0.05706976618002629,
      -0.12836997003469575
    ],
    "tcp_to_tip_offset_m": [
      0.0,
      0.0,
      -0.266
    ],
    "orientation_policy": "current",
    "use_current_tcp_rotation": true,
    "rotation_source_arm": "right",
    "bbox_2d": [
      379.3631286621094,
      232.59515380859375,
      468.2215576171875,
      393.68621826171875
    ],
    "bbox_3d": {
      "min": [
        0.7302093825842282,
        0.2179014786677753,
        -0.12528935652085382
      ],
      "max": [
        0.8690376074520456,
        0.2824244027358479,
        -0.009097464666924557
      ],
      "center": [
        0.7996234950181369,
        0.2501629407018116,
        -0.0671934105938892
      ],
      "size": [
        0.13882822486781743,
        0.06452292406807261,
        0.11619189185392927
      ]
    },
    "object_long_axis_waist": [
      -0.9957267551372161,
      0.09059664240780066,
      -0.01790188505001803
    ],
    "object_long_axis_yaw_waist_deg": -5.1987678144149925,
    "object_angle_from_waist_x_deg": 5.198767814414999
  },
  "gripper": {
    "open_ok": true,
    "close_ok": true,
    "final_pos_pct": 90.0,
    "backend": "modbus_rtu"
  },
  "ok": true
}