{
  "arm": "right",
  "pipeline_version": "accelerated",
  "motion_strategy": "qp_all",
  "dry_run": false,
  "motion": {
    "pre_cycle_move_ok": true,
    "detected_pose7": [
      0.34096819167706904,
      -0.26859067843625545,
      -0.03430907128921194,
      -0.4125954456258105,
      -0.4236353064135701,
      0.633574324122295,
      0.49888044782462343
    ],
    "approach_pose7": [
      0.2697384464980047,
      -0.3194361425353791,
      0.04160569072004151,
      0.2711227503283091,
      0.4540119053885099,
      -0.7023524899868886,
      -0.4765150824781162
    ],
    "grasp_pose7": [
      0.36736258873658884,
      -0.3194361425353791,
      -0.011282063844736453,
      0.2711227503283091,
      0.4540119053885099,
      -0.7023524899868886,
      -0.4765150824781162
    ],
    "lift_pose7": [
      0.36736258873658884,
      -0.3194361425353791,
      0.10871793615526354,
      0.3604786537287971,
      0.512325469851263,
      -0.6609551468460194,
      -0.41317798465711325
    ],
    "pre_home_pose7": [
      0.18736258873658884,
      -0.4194361425353791,
      0.15871793615526353,
      0.3604786537287971,
      0.512325469851263,
      -0.6609551468460194,
      -0.41317798465711325
    ],
    "grasp_xyz_offset_m": [
      0.0,
      0.0,
      -0.005
    ],
    "grasp_quat": [
      0.2711227503283091,
      0.4540119053885099,
      -0.7023524899868886,
      -0.4765150824781162
    ],
    "use_fixed_grasp_quat": true,
    "phase_backends": {
      "approach": "qp_stream",
      "grasp": "qp_stream",
      "lift": "qp_stream"
    },
    "joint_limits_used": {
      "shoulder_pitch": [
        -2.96,
        2.96
      ],
      "shoulder_roll": [
        -2.616,
        0.262
      ],
      "shoulder_yaw": [
        -2.96,
        2.96
      ],
      "elbow_pitch": [
        -2.61,
        0.261
      ],
      "elbow_yaw": [
        -2.96,
        2.96
      ],
      "wrist_pitch": [
        -0.785,
        1.05
      ],
      "wrist_roll": [
        -1.3,
        1.65
      ]
    },
    "approach_tcp_tracking": {
      "commanded_xyz": [
        0.2697384464980047,
        -0.3194361425353791,
        0.04160569072004151
      ],
      "achieved_xyz": [
        0.26476125142300994,
        -0.3035119990848948,
        0.051295386431202405
      ],
      "error_mm": [
        -4.977195074994778,
        15.92414345048432,
        9.689695711160892
      ],
      "error_norm_mm": 19.293548621781444,
      "achieved_quat": [
        -0.24949311391490944,
        -0.4696669207583781,
        0.714209221143591,
        0.4550509401021501
      ],
      "approach_axis_tilt_deg": 25.742817200650325,
      "commanded_approach_axis_tilt_deg": 26.15054949985217,
      "orientation_error_deg": 4.154408067138082
    },
    "approach_joint_limits": {
      "closest": {
        "joint": "wrist_pitch",
        "value": -0.0325,
        "lower": -0.785,
        "upper": 1.05,
        "dist_to_limit": 0.7525,
        "nearest_side": "lower"
      },
      "breached": [],
      "margin_rad": 0.05
    },
    "compliant_insert": {
      "ok": true,
      "contact": true,
      "reason": "stall_contact",
      "resist_n": -0.3126865011706762,
      "traveled_m": 0.03104959196753972,
      "planned_depth_m": 0.0364120381603158,
      "ft_topic": "/arm_6dof_right",
      "calib_path": "/home/ubuntu/cheng/compliant_grasp_execute/ft_calibration/ft_calibration_right.json",
      "calib_present": true,
      "commanded_m": 0.0564120381603158,
      "throttle_events": 0,
      "contact_kind": "stall"
    },
    "grasp_tcp_tracking": {
      "commanded_xyz": [
        0.36736258873658884,
        -0.3194361425353791,
        -0.011282063844736453
      ],
      "achieved_xyz": [
        0.3810782001192055,
        -0.32142718436115447,
        0.012173748358409786
      ],
      "error_mm": [
        13.715611382616677,
        -1.9910418257753637,
        23.455812203146237
      ],
      "error_norm_mm": 27.244400695559722,
      "achieved_quat": [
        -0.2520314566884214,
        -0.47862673958937607,
        0.7205241982574598,
        0.4338680314508099
      ],
      "approach_axis_tilt_deg": 24.506292592570155,
      "commanded_approach_axis_tilt_deg": 26.15054949985217,
      "orientation_error_deg": 6.400900983778971
    },
    "grasp_joint_limits": {
      "closest": {
        "joint": "wrist_pitch",
        "value": -0.4123,
        "lower": -0.785,
        "upper": 1.05,
        "dist_to_limit": 0.3727,
        "nearest_side": "lower"
      },
      "breached": [],
      "margin_rad": 0.05
    },
    "lift_joint_limits": {
      "closest": {
        "joint": "wrist_pitch",
        "value": -0.3706,
        "lower": -0.785,
        "upper": 1.05,
        "dist_to_limit": 0.4144,
        "nearest_side": "lower"
      },
      "breached": [],
      "margin_rad": 0.05
    },
    "retract_ok": null,
    "return_home_ok": true,
    "released_on_finish_ok": null,
    "approach_ok": true,
    "grasp_ok": true,
    "lift_ok": true
  },
  "detection": {
    "class_name": "remote control",
    "pose_head_roll_link": [
      0.8318570580356135,
      -0.2435107626105053,
      -0.22771783341062213,
      -0.30309802904831307,
      -0.012793480791112507,
      0.9428676187767717,
      -0.13772641394625718
    ],
    "pose_tip_waist_yaw_link_rpy": {
      "x": 0.5300694924675624,
      "y": -0.24356321753580962,
      "z": -0.09442832145269975,
      "roll": -0.11367882361683737,
      "pitch": -0.02597603684469063,
      "yaw": -2.881240309634307
    },
    "pose_tip_used_for_tcp_conversion_rpy": {
      "x": 0.5300694924675624,
      "y": -0.24356321753580962,
      "z": -0.09442832145269975,
      "roll": -1.2638861304528712,
      "pitch": 0.10030111062320746,
      "yaw": 1.734104989038923
    },
    "pose_tcp_waist_yaw_link_rpy": {
      "x": 0.34096819167706904,
      "y": -0.26859067843625545,
      "z": -0.03430907128921194,
      "roll": -1.2638861304528712,
      "pitch": 0.10030111062320746,
      "yaw": 1.734104989038923
    },
    "pose_tcp_waist_yaw_link_pose7": [
      0.34096819167706904,
      -0.26859067843625545,
      -0.03430907128921194,
      -0.4125954456258105,
      -0.4236353064135701,
      0.633574324122295,
      0.49888044782462343
    ],
    "current_tcp_pose7": [
      -0.09636639335036153,
      -0.26776849595974955,
      0.13607020600326278,
      -0.4125954456258105,
      -0.4236353064135701,
      0.633574324122295,
      0.49888044782462343
    ],
    "tcp_minus_tip_waist_m": [
      -0.18910130079049337,
      -0.02502746090044583,
      0.060119250163487806
    ],
    "tcp_to_tip_offset_m": [
      0.0,
      0.0,
      -0.2
    ],
    "orientation_policy": "current",
    "use_current_tcp_rotation": true,
    "rotation_source_arm": "right",
    "bbox_2d": [
      801.5045776367188,
      358.7758483886719,
      909.5606079101562,
      518.2734985351562
    ],
    "bbox_3d": {
      "min": [
        0.7668494814780651,
        -0.2896312228417182,
        -0.2854279540220722
      ],
      "max": [
        0.9097709093467043,
        -0.20046586804584865,
        -0.17415106248634812
      ],
      "center": [
        0.8383101954123847,
        -0.24504854544378343,
        -0.22978950825421018
      ],
      "size": [
        0.14292142786863926,
        0.08916535479586957,
        0.11127689153572409
      ]
    },
    "object_long_axis_waist": [
      -0.9659733482934751,
      -0.2573341944775774,
      0.02597311570199543
    ],
    "object_long_axis_yaw_waist_deg": 14.91709049498769,
    "object_angle_from_waist_x_deg": 14.917090494987695
  },
  "gripper": {
    "open_ok": true,
    "close_ok": true,
    "final_pos_pct": 90.0,
    "backend": "modbus_rtu"
  },
  "ok": true
}