{
  "arm": "right",
  "pipeline_version": "accelerated",
  "motion_strategy": "qp_all",
  "dry_run": false,
  "motion": {
    "pre_cycle_move_ok": true,
    "detected_pose7": [
      0.38763532285035673,
      -0.32955042650219935,
      -0.0693540104181187,
      -0.42093839531507116,
      -0.4800236037963016,
      0.6399703059719971,
      0.4275818221371115
    ],
    "approach_pose7": [
      0.39687473751576735,
      -0.33018096169221156,
      0.016574715240192266,
      0.3320262292733952,
      0.4598448097976808,
      -0.6477344109133568,
      -0.5086663610809666
    ],
    "grasp_pose7": [
      0.39687473751576735,
      -0.33018096169221156,
      -0.04342528475980773,
      0.3320262292733952,
      0.4598448097976808,
      -0.6477344109133568,
      -0.5086663610809666
    ],
    "lift_pose7": [
      0.39687473751576735,
      -0.33018096169221156,
      0.07657471524019227,
      0.41373200508084895,
      0.5223050569256562,
      -0.5988548338108017,
      -0.4442928578123944
    ],
    "pre_home_pose7": [
      0.21687473751576736,
      -0.43018096169221154,
      0.12657471524019226,
      0.41373200508084895,
      0.5223050569256562,
      -0.5988548338108017,
      -0.4442928578123944
    ],
    "grasp_xyz_offset_m": [
      0.0,
      0.0,
      -0.005
    ],
    "grasp_quat": [
      0.3320262292733952,
      0.4598448097976808,
      -0.6477344109133568,
      -0.5086663610809666
    ],
    "use_fixed_grasp_quat": true,
    "phase_backends": {
      "approach": "qp_stream",
      "grasp": "qp_stream",
      "lift": "qp_stream"
    },
    "joint_limits_used": {
      "shoulder_pitch": [
        -2.96,
        2.96
      ],
      "shoulder_roll": [
        -2.616,
        0.262
      ],
      "shoulder_yaw": [
        -2.96,
        2.96
      ],
      "elbow_pitch": [
        -2.61,
        0.261
      ],
      "elbow_yaw": [
        -2.96,
        2.96
      ],
      "wrist_pitch": [
        -0.785,
        1.05
      ],
      "wrist_roll": [
        -1.3,
        1.65
      ]
    },
    "approach_tcp_tracking": {
      "commanded_xyz": [
        0.39687473751576735,
        -0.33018096169221156,
        0.016574715240192266
      ],
      "achieved_xyz": [
        0.40139652871667836,
        -0.3282912913541317,
        0.03568628304135796
      ],
      "error_mm": [
        4.521791200911007,
        1.8896703380798519,
        19.11156780116569
      ],
      "error_norm_mm": 19.7299131642744,
      "achieved_quat": [
        -0.3435708683939736,
        -0.47922240634277585,
        0.6374898544575475,
        0.49589477625172207
      ],
      "approach_axis_tilt_deg": 17.734695338551422,
      "commanded_approach_axis_tilt_deg": 20.891700209197506,
      "orientation_error_deg": 3.19397027953442
    },
    "approach_joint_limits": {
      "closest": {
        "joint": "wrist_pitch",
        "value": -0.1134,
        "lower": -0.785,
        "upper": 1.05,
        "dist_to_limit": 0.6716,
        "nearest_side": "lower"
      },
      "breached": [],
      "margin_rad": 0.05
    },
    "compliant_insert": {
      "ok": true,
      "contact": true,
      "reason": "contact",
      "resist_n": 1.919983476259709,
      "traveled_m": 0.03381385165488543,
      "planned_depth_m": 0.038493189544532666,
      "ft_topic": "/arm_6dof_right",
      "calib_path": "/home/ubuntu/cheng/compliant_grasp_execute/ft_calibration/ft_calibration_right.json",
      "calib_present": true,
      "commanded_m": 0.07431385165488544,
      "throttle_events": 0,
      "contact_kind": "force"
    },
    "grasp_tcp_tracking": {
      "commanded_xyz": [
        0.39687473751576735,
        -0.33018096169221156,
        -0.04342528475980773
      ],
      "achieved_xyz": [
        0.39872825982312243,
        -0.32994205278966227,
        -0.038894818624060856
      ],
      "error_mm": [
        1.8535223073550822,
        0.2389089025492952,
        4.530466135746876
      ],
      "error_norm_mm": 4.900790325521941,
      "achieved_quat": [
        -0.34897575833780925,
        -0.49733039563486486,
        0.6250773646320458,
        0.4900578393362116
      ],
      "approach_axis_tilt_deg": 15.17432973271517,
      "commanded_approach_axis_tilt_deg": 20.891700209197506,
      "orientation_error_deg": 5.7895591458689095
    },
    "grasp_joint_limits": {
      "closest": {
        "joint": "wrist_pitch",
        "value": -0.162,
        "lower": -0.785,
        "upper": 1.05,
        "dist_to_limit": 0.623,
        "nearest_side": "lower"
      },
      "breached": [],
      "margin_rad": 0.05
    },
    "lift_joint_limits": {
      "closest": {
        "joint": "wrist_pitch",
        "value": -0.1314,
        "lower": -0.785,
        "upper": 1.05,
        "dist_to_limit": 0.6536,
        "nearest_side": "lower"
      },
      "breached": [],
      "margin_rad": 0.05
    },
    "retract_ok": null,
    "return_home_ok": true,
    "released_on_finish_ok": null,
    "approach_ok": true,
    "grasp_ok": true,
    "lift_ok": true
  },
  "detection": {
    "class_name": "remote control",
    "pose_head_roll_link": [
      0.8597063272001617,
      -0.28264716257579425,
      -0.21664789684984437,
      -0.3142179164168755,
      -0.02906833431602089,
      0.9466206678567237,
      -0.06581370776076947
    ],
    "pose_tip_waist_yaw_link_rpy": {
      "x": 0.5585048015474262,
      "y": -0.28375293775535576,
      "z": -0.10261376499139296,
      "roll": -0.09394450555875877,
      "pitch": -0.01652282535436056,
      "yaw": -3.0308968019423568
    },
    "pose_tip_used_for_tcp_conversion_rpy": {
      "x": 0.5585048015474262,
      "y": -0.28375293775535576,
      "z": -0.10261376499139296,
      "roll": -1.3833854915777781,
      "pitch": 0.1286318465908125,
      "yaw": 1.856988766123659
    },
    "pose_tcp_waist_yaw_link_rpy": {
      "x": 0.38763532285035673,
      "y": -0.32955042650219935,
      "z": -0.0693540104181187,
      "roll": -1.3833854915777781,
      "pitch": 0.1286318465908125,
      "yaw": 1.856988766123659
    },
    "pose_tcp_waist_yaw_link_pose7": [
      0.38763532285035673,
      -0.32955042650219935,
      -0.0693540104181187,
      -0.42093839531507116,
      -0.4800236037963016,
      0.6399703059719971,
      0.4275818221371115
    ],
    "current_tcp_pose7": [
      -0.007816478860506793,
      -0.36710781810568516,
      0.09794262111387642,
      -0.42093839531507116,
      -0.4800236037963016,
      0.6399703059719971,
      0.4275818221371115
    ],
    "tcp_minus_tip_waist_m": [
      -0.17086947869706948,
      -0.045797488746843584,
      0.033259754573274264
    ],
    "tcp_to_tip_offset_m": [
      0.0,
      0.0,
      -0.18
    ],
    "orientation_policy": "current",
    "use_current_tcp_rotation": true,
    "rotation_source_arm": "right",
    "bbox_2d": [
      841.24853515625,
      345.5674743652344,
      927.0009765625,
      501.1336364746094
    ],
    "bbox_3d": {
      "min": [
        0.7941726574360051,
        -0.31849908957170636,
        -0.27503480775150246
      ],
      "max": [
        0.9348176497181135,
        -0.25259772858175156,
        -0.16074469193638716
      ],
      "center": [
        0.8644951535770593,
        -0.28554840907672896,
        -0.21788974984394482
      ],
      "size": [
        0.14064499228210847,
        0.0659013609899548,
        0.1142901158151153
      ]
    },
    "object_long_axis_waist": [
      -0.9937438045815905,
      -0.11045484118314723,
      0.01652207356572118
    ],
    "object_long_axis_yaw_waist_deg": 6.342405109004346,
    "object_angle_from_waist_x_deg": 6.342405109004375
  },
  "gripper": {
    "open_ok": true,
    "close_ok": true,
    "final_pos_pct": 53.0,
    "backend": "modbus_rtu"
  },
  "ok": true
}