{
  "arm": "left",
  "pipeline_version": "accelerated",
  "motion_strategy": "qp_all",
  "dry_run": false,
  "motion": {
    "detected_pose7": [
      1.4666921628773273,
      0.5056685198907862,
      -0.26158526782743646,
      0.6945654042481995,
      0.507082846880317,
      -0.3430923164487184,
      -0.3778009370225815
    ],
    "approach_pose7": [
      1.361408846171405,
      0.4457534814870091,
      -0.034426350014914606,
      -0.4374907229868339,
      0.43117581226095447,
      0.5426412715925112,
      -0.5729133761625977
    ],
    "grasp_pose7": [
      1.4776713051842632,
      0.4497544005512454,
      -0.06387177870808987,
      -0.4374907229868339,
      0.43117581226095447,
      0.5426412715925112,
      -0.5729133761625977
    ],
    "lift_pose7": [
      1.4776713051842632,
      0.4497544005512454,
      0.05612822129191013,
      -0.5045768281264269,
      0.5022672448772401,
      0.48089490208667657,
      -0.5117322858569182
    ],
    "pre_home_pose7": [
      1.2976713051842632,
      0.3497544005512454,
      0.10612822129191013,
      -0.5045768281264269,
      0.5022672448772401,
      0.48089490208667657,
      -0.5117322858569182
    ],
    "grasp_xyz_offset_m": [
      0.04,
      0.0,
      0.005
    ],
    "grasp_quat": [
      -0.4374907229868339,
      0.43117581226095447,
      0.5426412715925112,
      -0.5729133761625977
    ],
    "use_fixed_grasp_quat": true,
    "phase_backends": {
      "approach": "qp_stream",
      "grasp": "qp_stream",
      "lift": "qp_stream"
    },
    "joint_limits_used": {
      "shoulder_pitch": [
        -2.96,
        2.96
      ],
      "shoulder_roll": [
        -0.262,
        2.616
      ],
      "shoulder_yaw": [
        -2.96,
        2.96
      ],
      "elbow_pitch": [
        -2.61,
        0.261
      ],
      "elbow_yaw": [
        -2.96,
        2.96
      ],
      "wrist_pitch": [
        -0.785,
        1.05
      ],
      "wrist_roll": [
        -1.65,
        1.3
      ]
    },
    "grasp_reach_retry_used": true,
    "grasp_reach_retry_yaw_scale": 0.5,
    "approach_tcp_tracking": {
      "commanded_xyz": [
        1.361408846171405,
        0.4457534814870091,
        -0.034426350014914606
      ],
      "achieved_xyz": [
        0.5905262427333486,
        0.3066808430073031,
        0.1560221123881026
      ],
      "error_mm": [
        -770.8826034380562,
        -139.07263847970603,
        190.4484624030172
      ],
      "error_norm_mm": 806.1462670563053,
      "achieved_quat": [
        0.5764141633313083,
        -0.457878078302017,
        -0.4396771605138088,
        0.5145661981164661
      ],
      "approach_axis_tilt_deg": -4.807670270857833,
      "commanded_approach_axis_tilt_deg": 14.204207279545049,
      "orientation_error_deg": 21.165533709985965
    },
    "approach_joint_limits": {
      "closest": {
        "joint": "shoulder_roll",
        "value": 0.1801,
        "lower": -0.262,
        "upper": 2.616,
        "dist_to_limit": 0.4421,
        "nearest_side": "lower"
      },
      "breached": [],
      "margin_rad": 0.05
    },
    "lift_joint_limits": {
      "closest": {
        "joint": "shoulder_roll",
        "value": 0.1801,
        "lower": -0.262,
        "upper": 2.616,
        "dist_to_limit": 0.4421,
        "nearest_side": "lower"
      },
      "breached": [],
      "margin_rad": 0.05
    },
    "retract_ok": null,
    "return_home_ok": true,
    "released_on_finish_ok": null,
    "approach_ok": false,
    "grasp_ok": false,
    "lift_ok": true
  },
  "detection": {
    "class_name": "remote control",
    "pose_head_roll_link": [
      1.8131450463766392,
      0.4575570168880075,
      0.27884881278038987,
      -0.43129532537964604,
      0.0012375561159991366,
      0.8702533259220847,
      -0.23799571315902887
    ],
    "pose_tip_waist_yaw_link_rpy": {
      "x": 1.6953864226627657,
      "y": 0.4586231044769692,
      "z": -0.13414247897796172,
      "roll": -0.0494281425780644,
      "pitch": 0.36939225290790323,
      "yaw": -2.680793177904491
    },
    "pose_tip_used_for_tcp_conversion_rpy": {
      "x": 1.6953864226627657,
      "y": 0.4586231044769692,
      "z": -0.13414247897796172,
      "roll": -2.072835306755886,
      "pitch": 0.09358389818835722,
      "yaw": 1.3166601657658623
    },
    "pose_tcp_waist_yaw_link_rpy": {
      "x": 1.4666921628773273,
      "y": 0.5056685198907862,
      "z": -0.26158526782743646,
      "roll": -2.072835306755886,
      "pitch": 0.09358389818835722,
      "yaw": 1.3166601657658623
    },
    "pose_tcp_waist_yaw_link_pose7": [
      1.4666921628773273,
      0.5056685198907862,
      -0.26158526782743646,
      0.6945654042481995,
      0.507082846880317,
      -0.3430923164487184,
      -0.3778009370225815
    ],
    "current_tcp_pose7": [
      0.11562314962934998,
      -0.2578156659304509,
      0.14135306243696014,
      0.6945654042481995,
      0.507082846880317,
      -0.3430923164487184,
      -0.3778009370225815
    ],
    "tcp_minus_tip_waist_m": [
      -0.22869425978543845,
      0.047045415413817016,
      -0.12744278884947474
    ],
    "tcp_to_tip_offset_m": [
      0.0,
      0.0,
      -0.266
    ],
    "orientation_policy": "current",
    "use_current_tcp_rotation": true,
    "rotation_source_arm": "right",
    "bbox_2d": [
      436.0038757324219,
      48.06208419799805,
      465.66656494140625,
      101.60037231445312
    ],
    "bbox_3d": {
      "min": [
        1.7922394174440648,
        0.4265866860472825,
        0.24474769904223884
      ],
      "max": [
        1.8468833338966577,
        0.49519730029088427,
        0.31422519210730393
      ],
      "center": [
        1.8195613756703612,
        0.46089199316908336,
        0.27948644557477137
      ],
      "size": [
        0.05464391645259292,
        0.06861061424360176,
        0.0694774930650651
      ]
    },
    "object_long_axis_waist": [
      -0.8352797664529765,
      -0.41467036882025604,
      -0.3610487459841604
    ],
    "object_long_axis_yaw_waist_deg": 26.401865158608985,
    "object_angle_from_waist_x_deg": 26.401865158608988
  },
  "gripper": {
    "open_ok": true,
    "close_ok": null,
    "final_pos_pct": null,
    "backend": "modbus_rtu"
  },
  "ok": false
}