{
  "arm": "right",
  "pipeline_version": "accelerated",
  "motion_strategy": "qp_all",
  "dry_run": false,
  "motion": {
    "pre_cycle_move_ok": true,
    "detected_pose7": [
      0.4444192472791377,
      -0.20919145003067635,
      -0.0604576920760017,
      -0.4213065892601465,
      -0.48032425810004614,
      0.6396859517325949,
      0.4273069717224218
    ],
    "approach_pose7": [
      0.49785229045216856,
      -0.22728011261550074,
      0.14198501350352175,
      0.185809699653135,
      0.361647599467526,
      -0.755034585973084,
      -0.5144011501723548
    ],
    "grasp_pose7": [
      0.49785229045216856,
      -0.22728011261550074,
      0.021985013503521753,
      0.185809699653135,
      0.361647599467526,
      -0.755034585973084,
      -0.5144011501723548
    ],
    "lift_pose7": [
      0.49785229045216856,
      -0.22728011261550074,
      0.14198501350352175,
      0.2827718614160216,
      0.42569647752586504,
      -0.7243221278492413,
      -0.46279589293914036
    ],
    "pre_home_pose7": [
      0.31785229045216856,
      -0.3272801126155007,
      0.19198501350352176,
      0.2827718614160216,
      0.42569647752586504,
      -0.7243221278492413,
      -0.46279589293914036
    ],
    "grasp_xyz_offset_m": [
      0.0,
      0.0,
      -0.005
    ],
    "grasp_quat": [
      0.185809699653135,
      0.361647599467526,
      -0.755034585973084,
      -0.5144011501723548
    ],
    "use_fixed_grasp_quat": true,
    "phase_backends": {
      "approach": "qp_stream",
      "grasp": "qp_stream",
      "lift": "qp_stream"
    },
    "joint_limits_used": {
      "shoulder_pitch": [
        -2.96,
        2.96
      ],
      "shoulder_roll": [
        -2.616,
        0.262
      ],
      "shoulder_yaw": [
        -2.96,
        2.96
      ],
      "elbow_pitch": [
        -2.61,
        0.261
      ],
      "elbow_yaw": [
        -2.96,
        2.96
      ],
      "wrist_pitch": [
        -0.785,
        1.05
      ],
      "wrist_roll": [
        -1.3,
        1.65
      ]
    },
    "approach_tcp_tracking": {
      "commanded_xyz": [
        0.49785229045216856,
        -0.22728011261550074,
        0.14198501350352175
      ],
      "achieved_xyz": [
        0.49428247677921167,
        -0.23106424440958281,
        0.16015709062701775
      ],
      "error_mm": [
        -3.5698136729568897,
        -3.7841317940820742,
        18.172077123496
      ],
      "error_norm_mm": 18.902053065127593,
      "achieved_quat": [
        -0.20089836140887404,
        -0.37520944301022185,
        0.7557407676093757,
        0.4977083628314679
      ],
      "approach_axis_tilt_deg": 39.62167612611071,
      "commanded_approach_axis_tilt_deg": 42.018578367791434,
      "orientation_error_deg": 3.011772516415905
    },
    "approach_joint_limits": {
      "closest": {
        "joint": "shoulder_roll",
        "value": -0.4761,
        "lower": -2.616,
        "upper": 0.262,
        "dist_to_limit": 0.7381,
        "nearest_side": "upper"
      },
      "breached": [],
      "margin_rad": 0.05
    },
    "compliant_insert": {
      "ok": true,
      "contact": true,
      "reason": "contact",
      "resist_n": 1.5041639388609538,
      "traveled_m": 0.0315008495085952,
      "planned_depth_m": 0.03843280271847516,
      "ft_topic": "/arm_6dof_right",
      "calib_path": "/home/ubuntu/cheng/compliant_grasp_execute/ft_calibration/ft_calibration_right.json",
      "calib_present": true,
      "commanded_m": 0.07177301322944699,
      "throttle_events": 0,
      "contact_kind": "force"
    },
    "grasp_tcp_tracking": {
      "commanded_xyz": [
        0.49785229045216856,
        -0.22728011261550074,
        0.021985013503521753
      ],
      "achieved_xyz": [
        0.5013490455671781,
        -0.22488205481295237,
        0.02967784499429127
      ],
      "error_mm": [
        3.49675511500952,
        2.39805780254837,
        7.692831490769516
      ],
      "error_norm_mm": 8.783941820394958,
      "achieved_quat": [
        -0.20311304198397287,
        -0.3995900033522518,
        0.7455676240866743,
        0.4931549850814811
      ],
      "approach_axis_tilt_deg": 36.73721851542064,
      "commanded_approach_axis_tilt_deg": 42.018578367791434,
      "orientation_error_deg": 5.4722573852290815
    },
    "grasp_joint_limits": {
      "closest": {
        "joint": "shoulder_roll",
        "value": -0.3707,
        "lower": -2.616,
        "upper": 0.262,
        "dist_to_limit": 0.6327,
        "nearest_side": "upper"
      },
      "breached": [],
      "margin_rad": 0.05
    },
    "lift_joint_limits": {
      "closest": {
        "joint": "shoulder_roll",
        "value": -0.4472,
        "lower": -2.616,
        "upper": 0.262,
        "dist_to_limit": 0.7092,
        "nearest_side": "upper"
      },
      "breached": [],
      "margin_rad": 0.05
    },
    "retract_ok": null,
    "return_home_ok": true,
    "released_on_finish_ok": null,
    "approach_ok": true,
    "grasp_ok": true,
    "lift_ok": true
  },
  "detection": {
    "class_name": "remote control",
    "pose_head_roll_link": [
      0.8990573217715613,
      -0.1620285814095381,
      -0.17370806828403498,
      -0.30811328072516125,
      0.01349714133730824,
      0.9394103073341994,
      -0.14964059573111774
    ],
    "pose_tip_waist_yaw_link_rpy": {
      "x": 0.6153291791295681,
      "y": -0.1633888525812473,
      "z": -0.09350186344958578,
      "roll": -0.07076281737176349,
      "pitch": -0.018433988036142157,
      "yaw": -2.8450395146135743
    },
    "pose_tip_used_for_tcp_conversion_rpy": {
      "x": 0.6153291791295681,
      "y": -0.1633888525812473,
      "z": -0.09350186344958578,
      "roll": -1.384608666310733,
      "pitch": 0.12887242969173762,
      "yaw": 1.8568399676055332
    },
    "pose_tcp_waist_yaw_link_rpy": {
      "x": 0.4444192472791377,
      "y": -0.20919145003067635,
      "z": -0.0604576920760017,
      "roll": -1.384608666310733,
      "pitch": 0.12887242969173762,
      "yaw": 1.8568399676055332
    },
    "pose_tcp_waist_yaw_link_pose7": [
      0.4444192472791377,
      -0.20919145003067635,
      -0.0604576920760017,
      -0.4213065892601465,
      -0.48032425810004614,
      0.6396859517325949,
      0.4273069717224218
    ],
    "current_tcp_pose7": [
      -0.007803176851537613,
      -0.3671028153754968,
      0.09804214236888309,
      -0.4213065892601465,
      -0.48032425810004614,
      0.6396859517325949,
      0.4273069717224218
    ],
    "tcp_minus_tip_waist_m": [
      -0.1709099318504304,
      -0.04580259744942905,
      0.03304417137358408
    ],
    "tcp_to_tip_offset_m": [
      0.0,
      0.0,
      -0.18
    ],
    "orientation_policy": "current",
    "use_current_tcp_rotation": true,
    "rotation_source_arm": "right",
    "bbox_2d": [
      730.4000244140625,
      308.31201171875,
      826.6806640625,
      449.6768493652344
    ],
    "bbox_3d": {
      "min": [
        0.831340408243794,
        -0.21107126376068414,
        -0.2278105247916908
      ],
      "max": [
        0.9774055973284664,
        -0.1149845438967663,
        -0.11781915970166365
      ],
      "center": [
        0.9043730027861302,
        -0.16302790382872523,
        -0.17281484224667723
      ],
      "size": [
        0.14606518908467248,
        0.09608671986391784,
        0.10999136509002716
      ]
    },
    "object_long_axis_waist": [
      -0.9561869442269536,
      -0.292175896103653,
      0.018432944039084773
    ],
    "object_long_axis_yaw_waist_deg": 16.991243264693907,
    "object_angle_from_waist_x_deg": 16.991243264693903
  },
  "gripper": {
    "open_ok": true,
    "close_ok": true,
    "final_pos_pct": 52.0,
    "backend": "modbus_rtu"
  },
  "ok": true
}