{
  "arm": "right",
  "pipeline_version": "accelerated",
  "motion_strategy": "qp_all",
  "dry_run": false,
  "motion": {
    "detected_pose7": [
      0.49987195845355903,
      -0.3679079897587208,
      -0.08306642037505524,
      0.3230778501823397,
      0.7346707104677174,
      -0.5690102905306431,
      -0.17918409296768004
    ],
    "approach_pose7": [
      0.4193234061956638,
      -0.27053585295700516,
      0.23129211262267454,
      0.1969605703429615,
      0.3467892829545783,
      -0.732801567214645,
      -0.5513126064636877
    ],
    "grasp_pose7": [
      0.49984876254114563,
      -0.23560604064436388,
      0.14946561815274859,
      0.1969605703429615,
      0.3467892829545783,
      -0.732801567214645,
      -0.5513126064636877
    ],
    "lift_pose7": [
      0.49984876254114563,
      -0.23560604064436388,
      0.2694656181527486,
      0.29092534358119787,
      0.4157831878094419,
      -0.7008238349572783,
      -0.5013309660822418
    ],
    "pre_home_pose7": [
      0.31984876254114564,
      -0.3356060406443639,
      0.3194656181527486,
      0.29092534358119787,
      0.4157831878094419,
      -0.7008238349572783,
      -0.5013309660822418
    ],
    "grasp_xyz_offset_m": [
      0.01,
      0.025,
      -0.01
    ],
    "grasp_quat": [
      0.1969605703429615,
      0.3467892829545783,
      -0.732801567214645,
      -0.5513126064636877
    ],
    "use_fixed_grasp_quat": true,
    "phase_backends": {
      "approach": "qp_stream",
      "grasp": "qp_stream",
      "lift": "qp_stream"
    },
    "approach_tcp_tracking": {
      "commanded_xyz": [
        0.4193234061956638,
        -0.27053585295700516,
        0.23129211262267454
      ],
      "achieved_xyz": [
        0.40678328468018543,
        -0.2729451434379389,
        0.2437661612520936
      ],
      "error_mm": [
        -12.540121515478342,
        -2.4092904809337456,
        12.47404862941906
      ],
      "error_norm_mm": 17.851084489565118,
      "achieved_quat": [
        -0.20065272320721075,
        -0.3409921126398866,
        0.7530634187162827,
        0.5256979657353279
      ],
      "approach_axis_tilt_deg": 43.387243540068496,
      "commanded_approach_axis_tilt_deg": 42.99131199460442
    },
    "grasp_tcp_tracking": {
      "commanded_xyz": [
        0.49984876254114563,
        -0.23560604064436388,
        0.14946561815274859
      ],
      "achieved_xyz": [
        0.5000357033155223,
        -0.23520894651485189,
        0.1580430682451823
      ],
      "error_mm": [
        0.1869407743766427,
        0.39709412951199896,
        8.577450092433715
      ],
      "error_norm_mm": 8.588671648689836,
      "achieved_quat": [
        -0.20549586781000934,
        -0.3518608575477936,
        0.749742415564615,
        0.521393992621778
      ],
      "approach_axis_tilt_deg": 41.90756086421393,
      "commanded_approach_axis_tilt_deg": 42.99131199460442
    },
    "retract_ok": null,
    "return_home_ok": true,
    "released_on_finish_ok": null,
    "approach_ok": true,
    "grasp_ok": true,
    "lift_ok": true
  },
  "detection": {
    "class_name": "banana",
    "pose_head_roll_link": [
      0.882026350898929,
      -0.19591783193674445,
      -0.054065714003706,
      -0.3609234942661481,
      0.13661528893268035,
      0.921442573633597,
      -0.044878476044171285
    ],
    "pose_tip_waist_yaw_link_rpy": {
      "x": 0.6576099215942328,
      "y": -0.18783559832636118,
      "z": -0.01100624532626382,
      "roll": 0.22867484156781637,
      "pitch": 0.03126403050313775,
      "yaw": -2.948859512994647
    },
    "pose_tip_used_for_tcp_conversion_rpy": {
      "x": 0.6576099215942328,
      "y": -0.18783559832636118,
      "z": -0.01100624532626382,
      "roll": -1.864839339190145,
      "pitch": 0.1045771447020516,
      "yaw": 2.39061373296145
    },
    "pose_tcp_waist_yaw_link_rpy": {
      "x": 0.49987195845355903,
      "y": -0.3679079897587208,
      "z": -0.08306642037505524,
      "roll": -1.864839339190145,
      "pitch": 0.1045771447020516,
      "yaw": 2.39061373296145
    },
    "pose_tcp_waist_yaw_link_pose7": [
      0.49987195845355903,
      -0.3679079897587208,
      -0.08306642037505524,
      0.3230778501823397,
      0.7346707104677174,
      -0.5690102905306431,
      -0.17918409296768004
    ],
    "current_tcp_pose7": [
      0.1544583229018518,
      -0.2601534400095399,
      0.25213240161541506,
      0.3230778501823397,
      0.7346707104677174,
      -0.5690102905306431,
      -0.17918409296768004
    ],
    "tcp_minus_tip_waist_m": [
      -0.1577379631406738,
      -0.18007239143235962,
      -0.07206017504879142
    ],
    "tcp_to_tip_offset_m": [
      0.0,
      0.0,
      -0.25
    ],
    "orientation_policy": "current",
    "use_current_tcp_rotation": true,
    "rotation_source_arm": "right",
    "bbox_2d": [
      725.478759765625,
      255.07627868652344,
      824.0349731445312,
      391.2673034667969
    ],
    "bbox_3d": {
      "min": [
        0.8225692099060256,
        -0.2356714312235186,
        -0.12049072403876658
      ],
      "max": [
        0.9563355039208321,
        -0.1454015550221626,
        0.00016558223373457082
      ],
      "center": [
        0.8894523569134288,
        -0.1905364931228406,
        -0.060162570902516005
      ],
      "size": [
        0.13376629401480655,
        0.09026987620135601,
        0.12065630627250115
      ]
    },
    "object_long_axis_waist": [
      -0.981004758248608,
      -0.19144853906863402,
      -0.031258937635114004
    ],
    "object_long_axis_yaw_waist_deg": 11.042795528403389,
    "object_angle_from_waist_x_deg": 11.042795528403401
  },
  "gripper": {
    "open_ok": true,
    "close_ok": true,
    "final_pos_pct": 89.0,
    "backend": "modbus_rtu"
  },
  "ok": true
}