{
  "arm": "right",
  "pipeline_version": "accelerated",
  "motion_strategy": "qp_all",
  "dry_run": false,
  "motion": {
    "detected_pose7": [
      0.5612359801275336,
      -0.3633098409730794,
      -0.08690479576360566,
      0.3230082513917068,
      0.7347881962346493,
      -0.5689334772365778,
      -0.1790717026405872
    ],
    "approach_pose7": [
      0.4572741554877512,
      -0.1486594965575929,
      0.2372214090967999,
      0.26458412312626933,
      0.29841500436720403,
      -0.6025668757640238,
      -0.6912719343283136
    ],
    "grasp_pose7": [
      0.5450458864678638,
      -0.14939979617120966,
      0.15539491462687396,
      0.26458412312626933,
      0.29841500436720403,
      -0.6025668757640238,
      -0.6912719343283136
    ],
    "lift_pose7": [
      0.5450458864678638,
      -0.14939979617120966,
      0.27539491462687393,
      0.3409713291260462,
      0.38609111601317203,
      -0.5628766744967595,
      -0.6464070328803595
    ],
    "pre_home_pose7": [
      0.3650458864678638,
      -0.24939979617120966,
      0.3253949146268739,
      0.3409713291260462,
      0.38609111601317203,
      -0.5628766744967595,
      -0.6464070328803595
    ],
    "grasp_xyz_offset_m": [
      0.01,
      0.025,
      -0.01
    ],
    "grasp_quat": [
      0.26458412312626933,
      0.29841500436720403,
      -0.6025668757640238,
      -0.6912719343283136
    ],
    "use_fixed_grasp_quat": true,
    "phase_backends": {
      "approach": "qp_stream",
      "grasp": "qp_stream",
      "lift": "qp_stream"
    },
    "approach_tcp_tracking": {
      "commanded_xyz": [
        0.4572741554877512,
        -0.1486594965575929,
        0.2372214090967999
      ],
      "achieved_xyz": [
        0.46607427534635626,
        -0.16502997836589894,
        0.24153432851169504
      ],
      "error_mm": [
        8.800119858605072,
        -16.370481808306053,
        4.312919414895145
      ],
      "error_norm_mm": 19.079728982385316,
      "achieved_quat": [
        -0.2570952223710139,
        -0.30824027189830366,
        0.5861060661279158,
        0.7038250213384843
      ],
      "approach_axis_tilt_deg": 42.670404141875046,
      "commanded_approach_axis_tilt_deg": 42.991311994604416
    },
    "grasp_tcp_tracking": {
      "commanded_xyz": [
        0.5450458864678638,
        -0.14939979617120966,
        0.15539491462687396
      ],
      "achieved_xyz": [
        0.5450817065140455,
        -0.14599771952608215,
        0.1639393371959846
      ],
      "error_mm": [
        0.035820046181744836,
        3.4020766451275106,
        8.544422569110644
      ],
      "error_norm_mm": 9.19687803629894,
      "achieved_quat": [
        -0.24855091270867574,
        -0.3229178544301318,
        0.5818076268079463,
        0.7038795269575824
      ],
      "approach_axis_tilt_deg": 41.90465355642404,
      "commanded_approach_axis_tilt_deg": 42.991311994604416
    },
    "retract_ok": null,
    "return_home_ok": true,
    "released_on_finish_ok": null,
    "approach_ok": true,
    "grasp_ok": true,
    "lift_ok": true
  },
  "detection": {
    "class_name": "banana",
    "pose_head_roll_link": [
      0.9343336416983451,
      -0.1864498165440302,
      -0.010536707338290425,
      0.15025016249953563,
      0.9146794009756687,
      -0.056372215988898744,
      0.3709564062853694
    ],
    "pose_tip_waist_yaw_link_rpy": {
      "x": 0.7252179702581077,
      "y": -0.17600377866737935,
      "z": -0.01189582339129891,
      "roll": -2.945891792141542,
      "pitch": 0.09791969166054226,
      "yaw": 2.916612783076289
    },
    "pose_tip_used_for_tcp_conversion_rpy": {
      "x": 0.7252179702581077,
      "y": -0.17600377866737935,
      "z": -0.01189582339129891,
      "roll": -1.865107429667527,
      "pitch": 0.10457134853666106,
      "yaw": 2.3908643022235183
    },
    "pose_tcp_waist_yaw_link_rpy": {
      "x": 0.5612359801275336,
      "y": -0.3633098409730794,
      "z": -0.08690479576360566,
      "roll": -1.865107429667527,
      "pitch": 0.10457134853666106,
      "yaw": 2.3908643022235183
    },
    "pose_tcp_waist_yaw_link_pose7": [
      0.5612359801275336,
      -0.3633098409730794,
      -0.08690479576360566,
      0.3230082513917068,
      0.7347881962346493,
      -0.5689334772365778,
      -0.1790717026405872
    ],
    "current_tcp_pose7": [
      0.1544290836544982,
      -0.2601319373455603,
      0.2521533963550421,
      0.3230082513917068,
      0.7347881962346493,
      -0.5689334772365778,
      -0.1790717026405872
    ],
    "tcp_minus_tip_waist_m": [
      -0.16398199013057413,
      -0.18730606230570004,
      -0.07500897237230675
    ],
    "tcp_to_tip_offset_m": [
      0.0,
      0.0,
      -0.26
    ],
    "orientation_policy": "current",
    "use_current_tcp_rotation": true,
    "rotation_source_arm": "right",
    "bbox_2d": [
      731.586181640625,
      207.11236572265625,
      803.695556640625,
      329.33367919921875
    ],
    "bbox_3d": {
      "min": [
        0.8868050650291706,
        -0.23312010833782662,
        -0.07585205904764185
      ],
      "max": [
        1.0060202049799105,
        -0.14748333016483758,
        0.04986409981059918
      ],
      "center": [
        0.9464126350045405,
        -0.1903017192513321,
        -0.012993979618521334
      ],
      "size": [
        0.11921513995073996,
        0.08563677817298904,
        0.12571615885824103
      ]
    },
    "object_long_axis_waist": [
      -0.9701290166425558,
      0.22201808676518706,
      -0.09776328665339294
    ],
    "object_long_axis_yaw_waist_deg": -12.890397055823541,
    "object_angle_from_waist_x_deg": 12.890397055823554
  },
  "gripper": {
    "open_ok": true,
    "close_ok": true,
    "final_pos_pct": 90.0,
    "backend": "modbus_rtu"
  },
  "ok": true
}