{
  "arm": "right",
  "pipeline_version": "accelerated",
  "motion_strategy": "qp_all",
  "dry_run": false,
  "motion": {
    "detected_pose7": [
      0.2760497199200732,
      -0.013724311638726684,
      -0.11753299851818322,
      0.6289144014410828,
      0.5813807309864708,
      -0.37282760524974445,
      -0.35701918444445274
    ],
    "approach_pose7": [
      0.17665695948238314,
      -0.10057375588426971,
      0.13765195648285852,
      0.32736405098555044,
      0.46317539242246486,
      -0.6528397809945028,
      -0.5020971562632828
    ],
    "grasp_pose7": [
      0.28376303693934224,
      -0.06745117283904131,
      0.09485963632846835,
      0.32736405098555044,
      0.46317539242246486,
      -0.6528397809945028,
      -0.5020971562632828
    ],
    "lift_pose7": [
      0.28376303693934224,
      -0.06745117283904131,
      0.21485963632846833,
      0.40977609689112293,
      0.5247496926636135,
      -0.6045250631225288,
      -0.4373451251847023
    ],
    "pre_home_pose7": [
      0.10376303693934225,
      -0.16745117283904132,
      0.2648596363284683,
      0.40977609689112293,
      0.5247496926636135,
      -0.6045250631225288,
      -0.4373451251847023
    ],
    "grasp_xyz_offset_m": [
      0.01,
      0.025,
      -0.01
    ],
    "grasp_quat": [
      0.32736405098555044,
      0.46317539242246486,
      -0.6528397809945028,
      -0.5020971562632828
    ],
    "use_fixed_grasp_quat": true,
    "phase_backends": {
      "approach": "qp_stream",
      "grasp": "qp_stream",
      "lift": "qp_stream"
    },
    "joint_limits_used": {
      "shoulder_pitch": [
        -2.96,
        2.96
      ],
      "shoulder_roll": [
        -2.616,
        0.262
      ],
      "shoulder_yaw": [
        -2.96,
        2.96
      ],
      "elbow_pitch": [
        -2.61,
        0.261
      ],
      "elbow_yaw": [
        -2.96,
        2.96
      ],
      "wrist_pitch": [
        -0.785,
        1.05
      ],
      "wrist_roll": [
        -1.3,
        1.65
      ]
    },
    "grasp_reach_retry_used": true,
    "grasp_reach_retry_yaw_scale": 0.5,
    "approach_tcp_tracking": {
      "commanded_xyz": [
        0.17665695948238314,
        -0.10057375588426971,
        0.13765195648285852
      ],
      "achieved_xyz": [
        0.29379084100829544,
        -0.14384735895740294,
        0.26015939203822463
      ],
      "error_mm": [
        117.13388152591232,
        -43.27360307313323,
        122.50743555536611
      ],
      "error_norm_mm": 174.93147998747887,
      "achieved_quat": [
        -0.18906232626474775,
        -0.34634989084338624,
        0.7464551676941672,
        0.5358188803343993
      ],
      "approach_axis_tilt_deg": 43.51894458905586,
      "commanded_approach_axis_tilt_deg": 20.891700209197513
    },
    "approach_joint_limits": {
      "closest": {
        "joint": "wrist_pitch",
        "value": 0.9526,
        "lower": -0.785,
        "upper": 1.05,
        "dist_to_limit": 0.0974,
        "nearest_side": "upper"
      },
      "breached": [
        {
          "joint": "wrist_pitch",
          "value": 0.9526,
          "lower": -0.785,
          "upper": 1.05,
          "dist_to_limit": 0.0974,
          "nearest_side": "upper"
        }
      ],
      "margin_rad": 0.1
    },
    "lift_joint_limits": {
      "closest": {
        "joint": "wrist_pitch",
        "value": 0.9526,
        "lower": -0.785,
        "upper": 1.05,
        "dist_to_limit": 0.0974,
        "nearest_side": "upper"
      },
      "breached": [
        {
          "joint": "wrist_pitch",
          "value": 0.9526,
          "lower": -0.785,
          "upper": 1.05,
          "dist_to_limit": 0.0974,
          "nearest_side": "upper"
        }
      ],
      "margin_rad": 0.1
    },
    "retract_ok": null,
    "return_home_ok": true,
    "released_on_finish_ok": null,
    "approach_ok": false,
    "grasp_ok": false,
    "lift_ok": true
  },
  "detection": {
    "class_name": "peach",
    "pose_head_roll_link": [
      0.7609479261171918,
      -0.038287179872208546,
      -0.12847890755254565,
      -0.3903472188717182,
      -0.5366858476618946,
      0.3946961695355381,
      0.6354622596130491
    ],
    "pose_tip_waist_yaw_link_rpy": {
      "x": 0.5147517112175003,
      "y": -0.017925360987277414,
      "z": 0.00857691598109045,
      "roll": -0.7306737507126925,
      "pitch": -0.21871828670971838,
      "yaw": 1.2667392761099927
    },
    "pose_tip_used_for_tcp_conversion_rpy": {
      "x": 0.5147517112175003,
      "y": -0.017925360987277414,
      "z": 0.00857691598109045,
      "roll": -2.0575417964501286,
      "pitch": 0.0538511753731763,
      "yaw": 1.5247212134876678
    },
    "pose_tcp_waist_yaw_link_rpy": {
      "x": 0.2760497199200732,
      "y": -0.013724311638726684,
      "z": -0.11753299851818322,
      "roll": -2.0575417964501286,
      "pitch": 0.0538511753731763,
      "yaw": 1.5247212134876678
    },
    "pose_tcp_waist_yaw_link_pose7": [
      0.2760497199200732,
      -0.013724311638726684,
      -0.11753299851818322,
      0.6289144014410828,
      0.5813807309864708,
      -0.37282760524974445,
      -0.35701918444445274
    ],
    "current_tcp_pose7": [
      0.1182964239487806,
      -0.23999687257174085,
      0.14002294974207186,
      0.6289144014410828,
      0.5813807309864708,
      -0.37282760524974445,
      -0.35701918444445274
    ],
    "tcp_minus_tip_waist_m": [
      -0.23870199129742709,
      0.00420104934855073,
      -0.12610991449927367
    ],
    "tcp_to_tip_offset_m": [
      0.0,
      0.0,
      -0.27
    ],
    "orientation_policy": "current",
    "use_current_tcp_rotation": true,
    "rotation_source_arm": "right",
    "bbox_2d": [
      632.7329711914062,
      362.650634765625,
      705.9290161132812,
      433.5715637207031
    ],
    "bbox_3d": {
      "min": [
        0.751134463082807,
        -0.07370882305729298,
        -0.16504061320111457
      ],
      "max": [
        0.7826643769565089,
        -0.00483753457015328,
        -0.09667113877676768
      ],
      "center": [
        0.7668994200196579,
        -0.03927317881372313,
        -0.13085587598894113
      ],
      "size": [
        0.031529913873701965,
        0.0688712884871397,
        0.06836947442434689
      ]
    },
    "object_long_axis_waist": [
      0.2922609655083027,
      0.9313988431441378,
      0.2169786234399999
    ],
    "object_long_axis_yaw_waist_deg": 72.57881426455961,
    "object_angle_from_waist_x_deg": 72.57881426455961
  },
  "gripper": {
    "open_ok": true,
    "close_ok": null,
    "final_pos_pct": null,
    "backend": "modbus_rtu"
  },
  "ok": false
}