{
  "arm": "left",
  "pipeline_version": "accelerated",
  "motion_strategy": "qp_all",
  "dry_run": true,
  "motion": {
    "detected_pose7": [
      0.32580722659639816,
      0.3661704700881476,
      -0.14571856828745872,
      0.6291664292910679,
      0.5809264335666496,
      -0.37283173379219414,
      -0.35731020320467644
    ],
    "approach_pose7": [
      0.295383902044312,
      0.4453480261040783,
      0.23621353390000377,
      -0.23097621209435368,
      0.32512499517650034,
      0.6733773175546648,
      -0.6225003736231078
    ],
    "grasp_pose7": [
      0.3812857995860598,
      0.42731226159324476,
      0.1543870394300778,
      -0.23097621209435368,
      0.32512499517650034,
      0.6733773175546648,
      -0.6225003736231078
    ],
    "lift_pose7": [
      0.3812857995860598,
      0.42731226159324476,
      0.2743870394300778,
      -0.31689355576829725,
      0.4035961091965099,
      0.637468035797166,
      -0.5747374690159562
    ],
    "pre_home_pose7": [
      0.2012857995860598,
      0.3273122615932448,
      0.3243870394300778,
      -0.31689355576829725,
      0.4035961091965099,
      0.637468035797166,
      -0.5747374690159562
    ],
    "grasp_xyz_offset_m": [
      0.01,
      0.025,
      -0.01
    ],
    "grasp_quat": [
      -0.23097621209435368,
      0.32512499517650034,
      0.6733773175546648,
      -0.6225003736231078
    ],
    "use_fixed_grasp_quat": true,
    "phase_backends": {
      "approach": "qp_stream",
      "grasp": "qp_stream",
      "lift": "qp_stream"
    },
    "approach_ok": null,
    "grasp_ok": null,
    "lift_ok": null
  },
  "detection": {
    "class_name": "banana",
    "pose_head_roll_link": [
      0.8307196122838469,
      0.3340679100505643,
      -0.10893006501442865,
      0.041448824378938,
      0.9494427286644999,
      -0.06966379499809251,
      0.30329433824286345
    ],
    "pose_tip_waist_yaw_link_rpy": {
      "x": 0.5645650690549924,
      "y": 0.36173179144386924,
      "z": -0.01972257312725556,
      "roll": -2.982652658990817,
      "pitch": -0.07410436654880037,
      "yaw": -3.1319986340882235
    },
    "pose_tip_used_for_tcp_conversion_rpy": {
      "x": 0.5645650690549924,
      "y": 0.36173179144386924,
      "z": -0.01972257312725556,
      "roll": -2.057068926552812,
      "pitch": 0.05403082243124957,
      "yaw": 1.523668179740379
    },
    "pose_tcp_waist_yaw_link_rpy": {
      "x": 0.32580722659639816,
      "y": 0.3661704700881476,
      "z": -0.14571856828745872,
      "roll": -2.057068926552812,
      "pitch": 0.05403082243124957,
      "yaw": 1.523668179740379
    },
    "pose_tcp_waist_yaw_link_pose7": [
      0.32580722659639816,
      0.3661704700881476,
      -0.14571856828745872,
      0.6291664292910679,
      0.5809264335666496,
      -0.37283173379219414,
      -0.35731020320467644
    ],
    "current_tcp_pose7": [
      0.11831841544075149,
      -0.24008240220858834,
      0.1399823504981033,
      0.6291664292910679,
      0.5809264335666496,
      -0.37283173379219414,
      -0.35731020320467644
    ],
    "tcp_minus_tip_waist_m": [
      -0.23875784245859422,
      0.004438678644278382,
      -0.12599599516020316
    ],
    "tcp_to_tip_offset_m": [
      0.0,
      0.0,
      -0.27
    ],
    "orientation_policy": "current",
    "use_current_tcp_rotation": true,
    "rotation_source_arm": "right",
    "bbox_2d": [
      307.171875,
      320.8650817871094,
      381.4851379394531,
      447.1333312988281
    ],
    "bbox_3d": {
      "min": [
        0.7733590691594849,
        0.30568398247174783,
        -0.1596854156199392
      ],
      "max": [
        0.8828805737391372,
        0.37671146482043055,
        -0.07557234155969512
      ],
      "center": [
        0.8281198214493111,
        0.3411977236460892,
        -0.11762887858981716
      ],
      "size": [
        0.10952150457965226,
        0.07102748234868272,
        0.08411307406024408
      ]
    },
    "object_long_axis_waist": [
      -0.9972096317581625,
      -0.009567542204853563,
      0.07403656167670433
    ],
    "object_long_axis_yaw_waist_deg": 0.5496968260061408,
    "object_angle_from_waist_x_deg": 0.5496968260061597
  },
  "gripper": {
    "open_ok": null,
    "close_ok": null
  }
}