{
  "arm": "right",
  "pipeline_version": "accelerated",
  "motion_strategy": "qp_all",
  "dry_run": false,
  "motion": {
    "detected_pose7": [
      0.4888330572784102,
      -0.3436545898215115,
      -0.08876858072232516,
      0.3229160279855824,
      0.7348513689980272,
      -0.5689380339750324,
      -0.17896429210422063
    ],
    "approach_pose7": [
      0.38608668324615486,
      -0.12626412258761885,
      0.22567042505074325,
      0.27003272595940264,
      0.2934937817959853,
      -0.5897393372785603,
      -0.7022472791148923
    ],
    "grasp_pose7": [
      0.47377167457916086,
      -0.13023490307687288,
      0.1438439305808173,
      0.27003272595940264,
      0.2934937817959853,
      -0.5897393372785603,
      -0.7022472791148923
    ],
    "lift_pose7": [
      0.47377167457916086,
      -0.13023490307687288,
      0.2638439305808173,
      0.34469898865255927,
      0.38264456514655465,
      -0.5494476920005436,
      -0.6579308305141072
    ],
    "pre_home_pose7": [
      0.29377167457916087,
      -0.2302349030768729,
      0.3138439305808173,
      0.34469898865255927,
      0.38264456514655465,
      -0.5494476920005436,
      -0.6579308305141072
    ],
    "grasp_xyz_offset_m": [
      0.01,
      0.025,
      -0.01
    ],
    "grasp_quat": [
      0.27003272595940264,
      0.2934937817959853,
      -0.5897393372785603,
      -0.7022472791148923
    ],
    "use_fixed_grasp_quat": true,
    "phase_backends": {
      "approach": "qp_stream",
      "grasp": "qp_stream",
      "lift": "qp_stream"
    },
    "approach_tcp_tracking": {
      "commanded_xyz": [
        0.38608668324615486,
        -0.12626412258761885,
        0.22567042505074325
      ],
      "achieved_xyz": [
        0.40055062571642225,
        -0.13821152636647888,
        0.2201368783676426
      ],
      "error_mm": [
        14.463942470267387,
        -11.947403778860027,
        -5.53354668310066
      ],
      "error_norm_mm": 19.55930028739213,
      "achieved_quat": [
        -0.2590861360916467,
        -0.30768568478903136,
        0.5796055118317616,
        0.7087039890640149
      ],
      "approach_axis_tilt_deg": 42.5635685853967,
      "commanded_approach_axis_tilt_deg": 42.991311994604416
    },
    "grasp_tcp_tracking": {
      "commanded_xyz": [
        0.47377167457916086,
        -0.13023490307687288,
        0.1438439305808173
      ],
      "achieved_xyz": [
        0.4758512072273132,
        -0.12769839735647456,
        0.1527140395966208
      ],
      "error_mm": [
        2.07953264815236,
        2.536505720398319,
        8.870109015803513
      ],
      "error_norm_mm": 9.457121721569608,
      "achieved_quat": [
        -0.2561934344296586,
        -0.3239650663897309,
        0.5736079176259116,
        0.7073793301695342
      ],
      "approach_axis_tilt_deg": 41.21017886909693,
      "commanded_approach_axis_tilt_deg": 42.991311994604416
    },
    "retract_ok": null,
    "return_home_ok": true,
    "released_on_finish_ok": null,
    "approach_ok": true,
    "grasp_ok": true,
    "lift_ok": false
  },
  "detection": {
    "class_name": "banana",
    "pose_head_roll_link": [
      0.8770311143797261,
      -0.17306118674369378,
      -0.06461308175403006,
      0.25713200226856825,
      0.8797667244378546,
      0.09839016363094627,
      0.3875732442802527
    ],
    "pose_tip_waist_yaw_link_rpy": {
      "x": 0.6464487398562567,
      "y": -0.1635073624294854,
      "z": -0.016627932898195086,
      "roll": 3.093645055410027,
      "pitch": 0.11981199589019087,
      "yaw": 2.591284165624961
    },
    "pose_tip_used_for_tcp_conversion_rpy": {
      "x": 0.6464487398562567,
      "y": -0.1635073624294854,
      "z": -0.016627932898195086,
      "roll": -1.8651784095943655,
      "pitch": 0.10460477275047664,
      "yaw": 2.391157082952579
    },
    "pose_tcp_waist_yaw_link_rpy": {
      "x": 0.4888330572784102,
      "y": -0.3436545898215115,
      "z": -0.08876858072232516,
      "roll": -1.8651784095943655,
      "pitch": 0.10460477275047664,
      "yaw": 2.391157082952579
    },
    "pose_tcp_waist_yaw_link_pose7": [
      0.4888330572784102,
      -0.3436545898215115,
      -0.08876858072232516,
      0.3229160279855824,
      0.7348513689980272,
      -0.5689380339750324,
      -0.17896429210422063
    ],
    "current_tcp_pose7": [
      0.154407155491612,
      -0.2601193248387397,
      0.25215671288138625,
      0.3229160279855824,
      0.7348513689980272,
      -0.5689380339750324,
      -0.17896429210422063
    ],
    "tcp_minus_tip_waist_m": [
      -0.15761568257784653,
      -0.18014722739202607,
      -0.07214064782413007
    ],
    "tcp_to_tip_offset_m": [
      0.0,
      0.0,
      -0.25
    ],
    "orientation_policy": "current",
    "use_current_tcp_rotation": true,
    "rotation_source_arm": "right",
    "bbox_2d": [
      727.06005859375,
      249.32034301757812,
      811.5721435546875,
      375.2643127441406
    ],
    "bbox_3d": {
      "min": [
        0.8347659673166787,
        -0.23121962408274926,
        -0.12491511830277267
      ],
      "max": [
        0.951042806542765,
        -0.11414599547156257,
        -0.005814826302916923
      ],
      "center": [
        0.8929043869297218,
        -0.17268280977715592,
        -0.0653649723028448
      ],
      "size": [
        0.11627683922608623,
        0.1170736286111867,
        0.11910029199985575
      ]
    },
    "object_long_axis_waist": [
      -0.8462527530040471,
      0.5192012328531624,
      -0.11952555307057794
    ],
    "object_long_axis_yaw_waist_deg": -31.530353790610747,
    "object_angle_from_waist_x_deg": 31.530353790610743
  },
  "gripper": {
    "open_ok": true,
    "close_ok": true,
    "final_pos_pct": 90.0,
    "backend": "modbus_rtu"
  },
  "ok": false
}