{
  "arm": "left",
  "pipeline_version": "accelerated",
  "motion_strategy": "qp_all",
  "dry_run": false,
  "motion": {
    "detected_pose7": [
      0.18171686326322298,
      0.39475018625253083,
      -0.15308088484804339,
      0.62920730895381,
      0.5808639865906654,
      -0.3728346578380515,
      -0.35733668907052796
    ],
    "approach_pose7": [
      0.14550396640722324,
      0.4023779290144961,
      0.22883981880101978,
      -0.27003272595940264,
      0.2934937817959853,
      0.5897393372785603,
      -0.7022472791148923
    ],
    "grasp_pose7": [
      0.23318895774022924,
      0.4063487095037501,
      0.14701332433109382,
      -0.27003272595940264,
      0.2934937817959853,
      0.5897393372785603,
      -0.7022472791148923
    ],
    "lift_pose7": [
      0.23318895774022924,
      0.4063487095037501,
      0.2670133243310938,
      -0.34469898865255927,
      0.38264456514655465,
      0.5494476920005436,
      -0.6579308305141072
    ],
    "pre_home_pose7": [
      0.05318895774022925,
      0.30634870950375015,
      0.3170133243310938,
      -0.34469898865255927,
      0.38264456514655465,
      0.5494476920005436,
      -0.6579308305141072
    ],
    "grasp_xyz_offset_m": [
      0.01,
      0.025,
      -0.01
    ],
    "grasp_quat": [
      -0.27003272595940264,
      0.2934937817959853,
      0.5897393372785603,
      -0.7022472791148923
    ],
    "use_fixed_grasp_quat": true,
    "phase_backends": {
      "approach": "qp_stream",
      "grasp": "qp_stream",
      "lift": "qp_stream"
    },
    "joint_limits_used": {
      "shoulder_pitch": [
        -2.96,
        2.96
      ],
      "shoulder_roll": [
        -0.262,
        2.616
      ],
      "shoulder_yaw": [
        -2.96,
        2.96
      ],
      "elbow_pitch": [
        -2.61,
        0.261
      ],
      "elbow_yaw": [
        -2.96,
        2.96
      ],
      "wrist_pitch": [
        -0.785,
        1.05
      ],
      "wrist_roll": [
        -1.65,
        1.3
      ]
    },
    "approach_tcp_tracking": {
      "commanded_xyz": [
        0.14550396640722324,
        0.4023779290144961,
        0.22883981880101978
      ],
      "achieved_xyz": [
        0.1420319523601692,
        0.40495643339744203,
        0.21130077914760423
      ],
      "error_mm": [
        -3.4720140470540506,
        2.578504382945934,
        -17.53903965341555
      ],
      "error_norm_mm": 18.064370411389795,
      "achieved_quat": [
        0.2363390588039683,
        -0.27495067208366714,
        -0.5965547112547196,
        0.7160086966540228
      ],
      "approach_axis_tilt_deg": 47.48428035319641,
      "commanded_approach_axis_tilt_deg": 42.991311994604416
    },
    "approach_joint_limits": {
      "closest": {
        "joint": "elbow_pitch",
        "value": -2.4482,
        "lower": -2.61,
        "upper": 0.261,
        "dist_to_limit": 0.1618,
        "nearest_side": "lower"
      },
      "breached": [],
      "margin_rad": 0.1
    },
    "grasp_tcp_tracking": {
      "commanded_xyz": [
        0.23318895774022924,
        0.4063487095037501,
        0.14701332433109382
      ],
      "achieved_xyz": [
        0.23386068683669542,
        0.4077120161161446,
        0.15575839801599103
      ],
      "error_mm": [
        0.6717290964661782,
        1.363306612394477,
        8.745073684897214
      ],
      "error_norm_mm": 8.876155623507259,
      "achieved_quat": [
        0.2511378784929292,
        -0.2906354895710566,
        -0.5802056111316439,
        0.7182076489422949
      ],
      "approach_axis_tilt_deg": 44.823207057418884,
      "commanded_approach_axis_tilt_deg": 42.991311994604416
    },
    "grasp_joint_limits": {
      "closest": {
        "joint": "elbow_pitch",
        "value": -2.1506,
        "lower": -2.61,
        "upper": 0.261,
        "dist_to_limit": 0.4594,
        "nearest_side": "lower"
      },
      "breached": [],
      "margin_rad": 0.1
    },
    "lift_joint_limits": {
      "closest": {
        "joint": "elbow_pitch",
        "value": -2.2954,
        "lower": -2.61,
        "upper": 0.261,
        "dist_to_limit": 0.3146,
        "nearest_side": "lower"
      },
      "breached": [],
      "margin_rad": 0.1
    },
    "retract_ok": null,
    "return_home_ok": true,
    "released_on_finish_ok": null,
    "approach_ok": true,
    "grasp_ok": true,
    "lift_ok": true
  },
  "detection": {
    "class_name": "banana",
    "pose_head_roll_link": [
      0.7259859442473766,
      0.3691967888588373,
      -0.20601040529096937,
      -0.3526367247116338,
      0.10926137609943459,
      0.8885018099766656,
      -0.27253224716663965
    ],
    "pose_tip_waist_yaw_link_rpy": {
      "x": 0.4204801882394928,
      "y": 0.39028296560457165,
      "z": -0.02709628822623955,
      "roll": 0.0341848494278183,
      "pitch": 0.05036448300147289,
      "yaw": -2.498823376479651
    },
    "pose_tip_used_for_tcp_conversion_rpy": {
      "x": 0.4204801882394928,
      "y": 0.39028296560457165,
      "z": -0.02709628822623955,
      "roll": -2.05702248044247,
      "pitch": 0.05407891131552045,
      "yaw": 1.5235269539611167
    },
    "pose_tcp_waist_yaw_link_rpy": {
      "x": 0.18171686326322298,
      "y": 0.39475018625253083,
      "z": -0.15308088484804339,
      "roll": -2.05702248044247,
      "pitch": 0.05407891131552045,
      "yaw": 1.5235269539611167
    },
    "pose_tcp_waist_yaw_link_pose7": [
      0.18171686326322298,
      0.39475018625253083,
      -0.15308088484804339,
      0.62920730895381,
      0.5808639865906654,
      -0.3728346578380515,
      -0.35733668907052796
    ],
    "current_tcp_pose7": [
      0.1183129745249039,
      -0.2400956000767642,
      0.139978007576949,
      0.62920730895381,
      0.5808639865906654,
      -0.3728346578380515,
      -0.35733668907052796
    ],
    "tcp_minus_tip_waist_m": [
      -0.23876332497626981,
      0.00446722064795918,
      -0.12598459662180383
    ],
    "tcp_to_tip_offset_m": [
      0.0,
      0.0,
      -0.27
    ],
    "orientation_policy": "current",
    "use_current_tcp_rotation": true,
    "rotation_source_arm": "right",
    "bbox_2d": [
      224.617919921875,
      395.3039245605469,
      333.5537109375,
      556.69677734375
    ],
    "bbox_3d": {
      "min": [
        0.6849486984999973,
        0.3083975273800901,
        -0.2673375441487934
      ],
      "max": [
        0.7946752206674181,
        0.42539264482025013,
        -0.1558461382759112
      ],
      "center": [
        0.7398119595837077,
        0.3668950861001701,
        -0.2115918412123523
      ],
      "size": [
        0.10972652216742085,
        0.11699511744016006,
        0.1114914058728822
      ]
    },
    "object_long_axis_waist": [
      -0.7994239102213904,
      -0.5986543031174716,
      -0.0503431934354359
    ],
    "object_long_axis_yaw_waist_deg": 36.82796677908601,
    "object_angle_from_waist_x_deg": 36.82796677908601
  },
  "gripper": {
    "open_ok": true,
    "close_ok": true,
    "final_pos_pct": 90.0,
    "backend": "modbus_rtu"
  },
  "ok": true
}