{
  "arm": "right",
  "pipeline_version": "accelerated",
  "motion_strategy": "qp_all",
  "dry_run": false,
  "motion": {
    "detected_pose7": [
      0.4863629961273852,
      -0.35184457977599337,
      -0.0893589188001518,
      0.3228503128400626,
      0.7348171925131665,
      -0.5690155728705766,
      -0.17897666584477262
    ],
    "approach_pose7": [
      0.39298433873255956,
      -0.2182983078460905,
      0.2250337546057157,
      0.2209730538489884,
      0.3320047929091195,
      -0.6920129471293646,
      -0.6017157202228941
    ],
    "grasp_pose7": [
      0.47762963088767424,
      -0.19506903065676626,
      0.14320726013578974,
      0.2209730538489884,
      0.3320047929091195,
      -0.6920129471293646,
      -0.6017157202228941
    ],
    "lift_pose7": [
      0.47762963088767424,
      -0.19506903065676626,
      0.26320726013578977,
      0.3094084136964297,
      0.40770410764086285,
      -0.65724990913341,
      -0.5532326374055956
    ],
    "pre_home_pose7": [
      0.29762963088767425,
      -0.29506903065676626,
      0.31320726013578976,
      0.3094084136964297,
      0.40770410764086285,
      -0.65724990913341,
      -0.5532326374055956
    ],
    "grasp_xyz_offset_m": [
      0.01,
      0.025,
      -0.01
    ],
    "grasp_quat": [
      0.2209730538489884,
      0.3320047929091195,
      -0.6920129471293646,
      -0.6017157202228941
    ],
    "use_fixed_grasp_quat": true,
    "phase_backends": {
      "approach": "qp_stream",
      "grasp": "qp_stream",
      "lift": "qp_stream"
    },
    "approach_tcp_tracking": {
      "commanded_xyz": [
        0.39298433873255956,
        -0.2182983078460905,
        0.2250337546057157
      ],
      "achieved_xyz": [
        0.3980093162001283,
        -0.2363312904919331,
        0.22908657807496202
      ],
      "error_mm": [
        5.024977467568748,
        -18.032982645842605,
        4.052823469246319
      ],
      "error_norm_mm": 19.153700418658214,
      "achieved_quat": [
        -0.22704561478508117,
        -0.330807080347185,
        0.6807976365739351,
        0.6128062845911258
      ],
      "approach_axis_tilt_deg": 42.69019768546419,
      "commanded_approach_axis_tilt_deg": 42.99131199460442
    },
    "grasp_tcp_tracking": {
      "commanded_xyz": [
        0.47762963088767424,
        -0.19506903065676626,
        0.14320726013578974
      ],
      "achieved_xyz": [
        0.47787806467844424,
        -0.19464436884468975,
        0.15182562367161956
      ],
      "error_mm": [
        0.2484337907699974,
        0.42466181207651,
        8.618363535829815
      ],
      "error_norm_mm": 8.632395208674904,
      "achieved_quat": [
        -0.22914118409599002,
        -0.34310693572452816,
        0.6774457571897232,
        0.6089656759411444
      ],
      "approach_axis_tilt_deg": 41.265097043094755,
      "commanded_approach_axis_tilt_deg": 42.99131199460442
    },
    "retract_ok": null,
    "return_home_ok": true,
    "released_on_finish_ok": null,
    "approach_ok": true,
    "grasp_ok": true,
    "lift_ok": true
  },
  "detection": {
    "class_name": "banana",
    "pose_head_roll_link": [
      0.8754513805256323,
      -0.18118948431469586,
      -0.06673224004018849,
      -0.36772937425803587,
      0.06444392604729941,
      0.9276878663912782,
      0.004160559313548297
    ],
    "pose_tip_waist_yaw_link_rpy": {
      "x": 0.6439739895441632,
      "y": -0.1716747031790074,
      "z": -0.017264603343222662,
      "roll": 0.12215746854951251,
      "pitch": 0.05694533184478545,
      "yaw": -3.0903013753912676
    },
    "pose_tip_used_for_tcp_conversion_rpy": {
      "x": 0.6439739895441632,
      "y": -0.1716747031790074,
      "z": -0.017264603343222662,
      "roll": -1.864982710020684,
      "pitch": 0.10457394337209647,
      "yaw": 2.3912656968134454
    },
    "pose_tcp_waist_yaw_link_rpy": {
      "x": 0.4863629961273852,
      "y": -0.35184457977599337,
      "z": -0.0893589188001518,
      "roll": -1.864982710020684,
      "pitch": 0.10457394337209647,
      "yaw": 2.3912656968134454
    },
    "pose_tcp_waist_yaw_link_pose7": [
      0.4863629961273852,
      -0.35184457977599337,
      -0.0893589188001518,
      0.3228503128400626,
      0.7348171925131665,
      -0.5690155728705766,
      -0.17897666584477262
    ],
    "current_tcp_pose7": [
      0.15439917740677436,
      -0.26010731033191925,
      0.25213544747865935,
      0.3228503128400626,
      0.7348171925131665,
      -0.5690155728705766,
      -0.17897666584477262
    ],
    "tcp_minus_tip_waist_m": [
      -0.15761099341677798,
      -0.18016987659698597,
      -0.07209431545692914
    ],
    "tcp_to_tip_offset_m": [
      0.0,
      0.0,
      -0.25
    ],
    "orientation_policy": "current",
    "use_current_tcp_rotation": true,
    "rotation_source_arm": "right",
    "bbox_2d": [
      719.1458740234375,
      261.46881103515625,
      809.4909057617188,
      399.8251953125
    ],
    "bbox_3d": {
      "min": [
        0.8183518582084348,
        -0.2238010043004958,
        -0.13334761360912478
      ],
      "max": [
        0.945378731001755,
        -0.14386871895429446,
        -0.008148933986423662
      ],
      "center": [
        0.8818652946050949,
        -0.18383486162739512,
        -0.07074827379777422
      ],
      "size": [
        0.12702687279332014,
        0.07993228534620134,
        0.12519867962270112
      ]
    },
    "object_long_axis_waist": [
      -0.9970660751580083,
      -0.0511856876718084,
      -0.056914560057771915
    ],
    "object_long_axis_yaw_waist_deg": 2.938773766606886,
    "object_angle_from_waist_x_deg": 2.938773766606896
  },
  "gripper": {
    "open_ok": true,
    "close_ok": true,
    "final_pos_pct": 90.0,
    "backend": "modbus_rtu"
  },
  "ok": true
}