{
  "arm": "left",
  "pipeline_version": "accelerated",
  "motion_strategy": "qp_all",
  "dry_run": false,
  "motion": {
    "detected_pose7": [
      0.2731127519479681,
      0.5475011031031664,
      -0.11892862599332407,
      0.6290912253088285,
      0.5809137696984124,
      -0.3729203541155148,
      -0.3573707205418145
    ],
    "approach_pose7": [
      0.23663415176352193,
      0.5676513608296002,
      0.2629444329302584,
      -0.2635491441712281,
      0.29932945335965266,
      0.6049570942927762,
      -0.6891811380347448
    ],
    "grasp_pose7": [
      0.32440890482949736,
      0.5677837502937545,
      0.18111793846033244,
      -0.2635491441712281,
      0.29932945335965266,
      0.6049570942927762,
      -0.6891811380347448
    ],
    "lift_pose7": [
      0.32440890482949736,
      0.5677837502937545,
      0.3011179384603324,
      -0.3402571906825724,
      0.38672483808881625,
      0.5653815362366809,
      -0.6442147640939575
    ],
    "pre_home_pose7": [
      0.14440890482949736,
      0.4677837502937545,
      0.3511179384603324,
      -0.3402571906825724,
      0.38672483808881625,
      0.5653815362366809,
      -0.6442147640939575
    ],
    "grasp_xyz_offset_m": [
      0.01,
      0.025,
      -0.01
    ],
    "grasp_quat": [
      -0.2635491441712281,
      0.29932945335965266,
      0.6049570942927762,
      -0.6891811380347448
    ],
    "use_fixed_grasp_quat": true,
    "phase_backends": {
      "approach": "qp_stream",
      "grasp": "qp_stream",
      "lift": "qp_stream"
    },
    "joint_limits_used": {
      "shoulder_pitch": [
        -2.96,
        2.96
      ],
      "shoulder_roll": [
        -0.262,
        2.616
      ],
      "shoulder_yaw": [
        -2.96,
        2.96
      ],
      "elbow_pitch": [
        -2.61,
        0.261
      ],
      "elbow_yaw": [
        -2.96,
        2.96
      ],
      "wrist_pitch": [
        -0.785,
        1.05
      ],
      "wrist_roll": [
        -1.65,
        1.3
      ]
    },
    "approach_tcp_tracking": {
      "commanded_xyz": [
        0.23663415176352193,
        0.5676513608296002,
        0.2629444329302584
      ],
      "achieved_xyz": [
        0.22361579663761438,
        0.5570208557067187,
        0.2567321781300372
      ],
      "error_mm": [
        -13.018355125907544,
        -10.630505122881551,
        -6.212254800221196
      ],
      "error_norm_mm": 17.918630501651776,
      "achieved_quat": [
        0.24190024200954766,
        -0.29702835160820706,
        -0.6140175738344418,
        0.6901020578719494
      ],
      "approach_axis_tilt_deg": 44.95221971040257,
      "commanded_approach_axis_tilt_deg": 42.99131199460442
    },
    "approach_joint_limits": {
      "closest": {
        "joint": "wrist_pitch",
        "value": -0.1123,
        "lower": -0.785,
        "upper": 1.05,
        "dist_to_limit": 0.6727,
        "nearest_side": "lower"
      },
      "breached": [],
      "margin_rad": 0.1
    },
    "grasp_tcp_tracking": {
      "commanded_xyz": [
        0.32440890482949736,
        0.5677837502937545,
        0.18111793846033244
      ],
      "achieved_xyz": [
        0.32805907042273164,
        0.5662810773877007,
        0.18592606800566555
      ],
      "error_mm": [
        3.650165593234278,
        -1.5026729060537702,
        4.808129545333106
      ],
      "error_norm_mm": 6.220919903464806,
      "achieved_quat": [
        0.24835538297323653,
        -0.3096135871812588,
        -0.6080692758135315,
        0.6875396615414833
      ],
      "approach_axis_tilt_deg": 43.22916343338472,
      "commanded_approach_axis_tilt_deg": 42.99131199460442
    },
    "grasp_joint_limits": {
      "closest": {
        "joint": "wrist_pitch",
        "value": -0.1871,
        "lower": -0.785,
        "upper": 1.05,
        "dist_to_limit": 0.5979,
        "nearest_side": "lower"
      },
      "breached": [],
      "margin_rad": 0.1
    },
    "lift_joint_limits": {
      "closest": {
        "joint": "wrist_pitch",
        "value": -0.1052,
        "lower": -0.785,
        "upper": 1.05,
        "dist_to_limit": 0.6798,
        "nearest_side": "lower"
      },
      "breached": [],
      "margin_rad": 0.1
    },
    "retract_ok": null,
    "return_home_ok": true,
    "released_on_finish_ok": null,
    "approach_ok": true,
    "grasp_ok": true,
    "lift_ok": true
  },
  "detection": {
    "class_name": "peach",
    "pose_head_roll_link": [
      0.7798317012401019,
      0.5176950204351725,
      -0.11708018271522533,
      -0.3080197399026622,
      0.7688342445168492,
      0.43238382596777925,
      0.3564575308924856
    ],
    "pose_tip_waist_yaw_link_rpy": {
      "x": 0.511902099227942,
      "y": 0.5430816265881016,
      "z": 0.007008325902999046,
      "roll": 2.0739861328317457,
      "pitch": 0.27282676540597794,
      "yaw": -2.9235386719398297
    },
    "pose_tip_used_for_tcp_conversion_rpy": {
      "x": 0.511902099227942,
      "y": 0.5430816265881016,
      "z": 0.007008325902999046,
      "roll": -2.056821062751796,
      "pitch": 0.054024976724641016,
      "yaw": 1.5237712097125131
    },
    "pose_tcp_waist_yaw_link_rpy": {
      "x": 0.2731127519479681,
      "y": 0.5475011031031664,
      "z": -0.11892862599332407,
      "roll": -2.056821062751796,
      "pitch": 0.054024976724641016,
      "yaw": 1.5237712097125131
    },
    "pose_tcp_waist_yaw_link_pose7": [
      0.2731127519479681,
      0.5475011031031664,
      -0.11892862599332407,
      0.6290912253088285,
      0.5809137696984124,
      -0.3729203541155148,
      -0.3573707205418145
    ],
    "current_tcp_pose7": [
      0.11832303264300828,
      -0.2400792442803794,
      0.13996916445780475,
      0.6290912253088285,
      0.5809137696984124,
      -0.3729203541155148,
      -0.3573707205418145
    ],
    "tcp_minus_tip_waist_m": [
      -0.23878934727997397,
      0.004419476515064802,
      -0.12593695189632312
    ],
    "tcp_to_tip_offset_m": [
      0.0,
      0.0,
      -0.27
    ],
    "orientation_policy": "current",
    "use_current_tcp_rotation": true,
    "rotation_source_arm": "right",
    "bbox_2d": [
      36.23603057861328,
      351.29669189453125,
      157.08279418945312,
      446.0660400390625
    ],
    "bbox_3d": {
      "min": [
        0.7661743802194834,
        0.504612884173397,
        -0.13819385351888175
      ],
      "max": [
        0.7995991333368981,
        0.5263947693757769,
        -0.09453108030817438
      ],
      "center": [
        0.7828867567781908,
        0.515503826774587,
        -0.11636246691352806
      ],
      "size": [
        0.033424753117414774,
        0.02178188520237989,
        0.04366277321070737
      ]
    },
    "object_long_axis_waist": [
      -0.9402091800677306,
      -0.2083287083292326,
      -0.26945472161800815
    ],
    "object_long_axis_yaw_waist_deg": 12.493572854565997,
    "object_angle_from_waist_x_deg": 12.493572854566006
  },
  "gripper": {
    "open_ok": true,
    "close_ok": true,
    "final_pos_pct": 90.0,
    "backend": "modbus_rtu"
  },
  "ok": true
}