{
  "arm": "left",
  "pipeline_version": "accelerated",
  "motion_strategy": "qp_all",
  "dry_run": false,
  "motion": {
    "detected_pose7": [
      0.6183443695130095,
      0.1623721261934834,
      -0.09880429877941621,
      0.6288767745822796,
      0.5813893634969645,
      -0.3728554259540098,
      -0.35704235286620706
    ],
    "approach_pose7": [
      0.582834515201373,
      0.20758316426592724,
      0.28322158662990815,
      -0.25025915342598815,
      0.3105263743524581,
      0.6344058296356995,
      -0.6621729156966968
    ],
    "grasp_pose7": [
      0.6702876401354929,
      0.20007478614409602,
      0.20139509215998222,
      -0.25025915342598815,
      0.3105263743524581,
      0.6344058296356995,
      -0.6621729156966968
    ],
    "lift_pose7": [
      0.6702876401354929,
      0.20007478614409602,
      0.3213950921599822,
      -0.33092472894050656,
      0.3943006874499238,
      0.5963130254529954,
      -0.6159761093802788
    ],
    "pre_home_pose7": [
      0.4902876401354929,
      0.10007478614409601,
      0.3713950921599822,
      -0.33092472894050656,
      0.3943006874499238,
      0.5963130254529954,
      -0.6159761093802788
    ],
    "grasp_xyz_offset_m": [
      0.01,
      0.025,
      -0.01
    ],
    "grasp_quat": [
      -0.25025915342598815,
      0.3105263743524581,
      0.6344058296356995,
      -0.6621729156966968
    ],
    "use_fixed_grasp_quat": true,
    "phase_backends": {
      "approach": "qp_stream",
      "grasp": "qp_stream",
      "lift": "qp_stream"
    },
    "joint_limits_used": {
      "shoulder_pitch": [
        -2.96,
        2.96
      ],
      "shoulder_roll": [
        -0.262,
        2.616
      ],
      "shoulder_yaw": [
        -2.96,
        2.96
      ],
      "elbow_pitch": [
        -2.61,
        0.261
      ],
      "elbow_yaw": [
        -2.96,
        2.96
      ],
      "wrist_pitch": [
        -0.785,
        1.05
      ],
      "wrist_roll": [
        -1.65,
        1.3
      ]
    },
    "approach_tcp_tracking": {
      "commanded_xyz": [
        0.582834515201373,
        0.20758316426592724,
        0.28322158662990815
      ],
      "achieved_xyz": [
        0.5803737268940814,
        0.20456312118873826,
        0.2652037578864263
      ],
      "error_mm": [
        -2.4607883072915726,
        -3.0200430771889772,
        -18.017828743481846
      ],
      "error_norm_mm": 18.434161003713204,
      "achieved_quat": [
        0.26290714066828563,
        -0.27415669595041703,
        -0.6572588682173003,
        0.6509444842695039
      ],
      "approach_axis_tilt_deg": 45.351863115691444,
      "commanded_approach_axis_tilt_deg": 42.99131199460442
    },
    "approach_joint_limits": {
      "closest": {
        "joint": "shoulder_roll",
        "value": 0.2798,
        "lower": -0.262,
        "upper": 2.616,
        "dist_to_limit": 0.5418,
        "nearest_side": "lower"
      },
      "breached": [],
      "margin_rad": 0.1
    },
    "grasp_tcp_tracking": {
      "commanded_xyz": [
        0.6702876401354929,
        0.20007478614409602,
        0.20139509215998222
      ],
      "achieved_xyz": [
        0.6149653610526353,
        0.20272730238061315,
        0.22415231032500227
      ],
      "error_mm": [
        -55.322279082857584,
        2.652516236517133,
        22.75721816502005
      ],
      "error_norm_mm": 59.87888930096222,
      "achieved_quat": [
        0.2627964157825234,
        -0.2744184910222729,
        -0.6573663470180772,
        0.6507703292598908
      ],
      "approach_axis_tilt_deg": 45.3379384374755,
      "commanded_approach_axis_tilt_deg": 42.99131199460442
    },
    "grasp_joint_limits": {
      "closest": {
        "joint": "shoulder_roll",
        "value": 0.0644,
        "lower": -0.262,
        "upper": 2.616,
        "dist_to_limit": 0.3264,
        "nearest_side": "lower"
      },
      "breached": [],
      "margin_rad": 0.1
    },
    "grasp_reach_retry_used": true,
    "grasp_reach_retry_yaw_scale": 0.5,
    "lift_joint_limits": {
      "closest": {
        "joint": "shoulder_roll",
        "value": 0.0644,
        "lower": -0.262,
        "upper": 2.616,
        "dist_to_limit": 0.3264,
        "nearest_side": "lower"
      },
      "breached": [],
      "margin_rad": 0.1
    },
    "retract_ok": null,
    "return_home_ok": true,
    "released_on_finish_ok": null,
    "approach_ok": true,
    "grasp_ok": false,
    "lift_ok": true
  },
  "detection": {
    "class_name": "peach",
    "pose_head_roll_link": [
      1.0165947917226872,
      0.12521482718024463,
      0.1084240087347261,
      0.20580036396916007,
      0.7020633236075576,
      -0.17677019753103088,
      -0.6584114193269369
    ],
    "pose_tip_waist_yaw_link_rpy": {
      "x": 0.8570571712372628,
      "y": 0.15818093536997577,
      "z": 0.02728547960264882,
      "roll": -0.6365070309748423,
      "pitch": -0.7557544281048627,
      "yaw": 0.8330271558966255
    },
    "pose_tip_used_for_tcp_conversion_rpy": {
      "x": 0.8570571712372628,
      "y": 0.15818093536997577,
      "z": 0.02728547960264882,
      "roll": -2.0574565507262226,
      "pitch": 0.053824968636279724,
      "yaw": 1.5247829994139415
    },
    "pose_tcp_waist_yaw_link_rpy": {
      "x": 0.6183443695130095,
      "y": 0.1623721261934834,
      "z": -0.09880429877941621,
      "roll": -2.0574565507262226,
      "pitch": 0.053824968636279724,
      "yaw": 1.5247829994139415
    },
    "pose_tcp_waist_yaw_link_pose7": [
      0.6183443695130095,
      0.1623721261934834,
      -0.09880429877941621,
      0.6288767745822796,
      0.5813893634969645,
      -0.3728554259540098,
      -0.35704235286620706
    ],
    "current_tcp_pose7": [
      0.11829310693554568,
      -0.23998708998366025,
      0.1400150220222244,
      0.6288767745822796,
      0.5813893634969645,
      -0.3728554259540098,
      -0.35704235286620706
    ],
    "tcp_minus_tip_waist_m": [
      -0.23871280172425324,
      0.0041911908235076345,
      -0.12608977838206503
    ],
    "tcp_to_tip_offset_m": [
      0.0,
      0.0,
      -0.27
    ],
    "orientation_policy": "current",
    "use_current_tcp_rotation": true,
    "rotation_source_arm": "right",
    "bbox_2d": [
      502.77532958984375,
      140.32028198242188,
      561.0682373046875,
      203.27548217773438
    ],
    "bbox_3d": {
      "min": [
        1.0015883649016457,
        0.09193232336779013,
        0.07224619060917815
      ],
      "max": [
        1.041182084759118,
        0.16253942744187602,
        0.1459731309802919
      ],
      "center": [
        1.0213852248303819,
        0.12723587540483308,
        0.10910966079473502
      ],
      "size": [
        0.03959371985747229,
        0.0706071040740859,
        0.07372694037111376
      ]
    },
    "object_long_axis_waist": [
      0.4895158302188007,
      0.5385170600833434,
      0.6858379021054396
    ],
    "object_long_axis_yaw_waist_deg": 47.728940252663094,
    "object_angle_from_waist_x_deg": 47.728940252663094
  },
  "gripper": {
    "open_ok": true,
    "close_ok": null,
    "final_pos_pct": null,
    "backend": "modbus_rtu"
  },
  "ok": false
}