{
  "arm": "right",
  "pipeline_version": "accelerated",
  "motion_strategy": "qp_all",
  "dry_run": false,
  "motion": {
    "detected_pose7": [
      0.5826329858852273,
      -0.41909786566783125,
      -0.08314741671271612,
      0.32291144225337953,
      0.7348619173305418,
      -0.5689295766159617,
      -0.17895613923725784
    ],
    "approach_pose7": [
      0.509981917582353,
      -0.3385270900067703,
      0.23129785977666112,
      0.18486980359946104,
      0.3533828359712339,
      -0.7513994268623206,
      -0.5256830112044718
    ],
    "grasp_pose7": [
      0.5879047378519815,
      -0.29812339111681285,
      0.14947136530673516,
      0.18486980359946104,
      0.3533828359712339,
      -0.7513994268623206,
      -0.5256830112044718
    ],
    "lift_pose7": [
      0.5879047378519815,
      -0.29812339111681285,
      0.26947136530673516,
      0.28136552282653904,
      0.4189749985886744,
      -0.7208407490815677,
      -0.4750600041949365
    ],
    "pre_home_pose7": [
      0.4079047378519815,
      -0.39812339111681283,
      0.31947136530673514,
      0.28136552282653904,
      0.4189749985886744,
      -0.7208407490815677,
      -0.4750600041949365
    ],
    "grasp_xyz_offset_m": [
      0.01,
      0.025,
      -0.01
    ],
    "grasp_quat": [
      0.18486980359946104,
      0.3533828359712339,
      -0.7513994268623206,
      -0.5256830112044718
    ],
    "use_fixed_grasp_quat": true,
    "phase_backends": {
      "approach": "qp_stream",
      "grasp": "qp_stream",
      "lift": "qp_stream"
    },
    "approach_tcp_tracking": {
      "commanded_xyz": [
        0.509981917582353,
        -0.3385270900067703,
        0.23129785977666112
      ],
      "achieved_xyz": [
        0.4964852872354202,
        -0.3353594259623144,
        0.24290390906947204
      ],
      "error_mm": [
        -13.496630346932825,
        3.167664044455898,
        11.606049292810921
      ],
      "error_norm_mm": 18.08019652568643,
      "achieved_quat": [
        -0.20359905933799474,
        -0.3180637907324433,
        0.7932034160923684,
        0.477714547361695
      ],
      "approach_axis_tilt_deg": 45.624000400187384,
      "commanded_approach_axis_tilt_deg": 42.991311994604416
    },
    "grasp_tcp_tracking": {
      "commanded_xyz": [
        0.5879047378519815,
        -0.29812339111681285,
        0.14947136530673516
      ],
      "achieved_xyz": [
        0.5761427073585195,
        -0.29533234121881907,
        0.15355563140721631
      ],
      "error_mm": [
        -11.762030493462028,
        2.7910498979937803,
        4.0842661004811545
      ],
      "error_norm_mm": 12.759958873043487,
      "achieved_quat": [
        -0.20503179615230935,
        -0.31956821168459815,
        0.7922586982084493,
        0.47766544333907907
      ],
      "approach_axis_tilt_deg": 45.371463097070276,
      "commanded_approach_axis_tilt_deg": 42.991311994604416
    },
    "retract_ok": null,
    "return_home_ok": true,
    "released_on_finish_ok": null,
    "approach_ok": true,
    "grasp_ok": true,
    "lift_ok": true
  },
  "detection": {
    "class_name": "banana",
    "pose_head_roll_link": [
      0.9446039754953008,
      -0.2495566289340809,
      -0.0005504963377476278,
      -0.3286903503201451,
      0.10573005242730138,
      0.9079278579690245,
      -0.237593801147924
    ],
    "pose_tip_waist_yaw_link_rpy": {
      "x": 0.740243946747041,
      "y": -0.23894901842940156,
      "z": -0.011000498172277218,
      "roll": 0.03269015997879117,
      "pitch": -0.008757537623003353,
      "yaw": -2.6051446798836526
    },
    "pose_tip_used_for_tcp_conversion_rpy": {
      "x": 0.740243946747041,
      "y": -0.23894901842940156,
      "z": -0.011000498172277218,
      "roll": -1.8652046849900523,
      "pitch": 0.10460228612086775,
      "yaw": 2.3911741413991057
    },
    "pose_tcp_waist_yaw_link_rpy": {
      "x": 0.5826329858852273,
      "y": -0.41909786566783125,
      "z": -0.08314741671271612,
      "roll": -1.8652046849900523,
      "pitch": 0.10460228612086775,
      "yaw": 2.3911741413991057
    },
    "pose_tcp_waist_yaw_link_pose7": [
      0.5826329858852273,
      -0.41909786566783125,
      -0.08314741671271612,
      0.32291144225337953,
      0.7348619173305418,
      -0.5689295766159617,
      -0.17895613923725784
    ],
    "current_tcp_pose7": [
      0.15440833743956875,
      -0.2601152728426513,
      0.2521582758061385,
      0.32291144225337953,
      0.7348619173305418,
      -0.5689295766159617,
      -0.17895613923725784
    ],
    "tcp_minus_tip_waist_m": [
      -0.1576109608618137,
      -0.1801488472384297,
      -0.0721469185404389
    ],
    "tcp_to_tip_offset_m": [
      0.0,
      0.0,
      -0.25
    ],
    "orientation_policy": "current",
    "use_current_tcp_rotation": true,
    "rotation_source_arm": "right",
    "bbox_2d": [
      753.4412841796875,
      221.04249572753906,
      875.8265380859375,
      336.20257568359375
    ],
    "bbox_3d": {
      "min": [
        0.8906503407719779,
        -0.3046054123852303,
        -0.06201307513055214
      ],
      "max": [
        1.0150939302741628,
        -0.18919497261454785,
        0.03952563666342786
      ],
      "center": [
        0.9528721355230704,
        -0.2469001924998891,
        -0.011243719233562141
      ],
      "size": [
        0.12444358950218493,
        0.11541043977068247,
        0.10153871179398
      ]
    },
    "object_long_axis_waist": [
      -0.8594965309152129,
      -0.5110665522612068,
      0.008757425680988532
    ],
    "object_long_axis_yaw_waist_deg": 30.73620482170682,
    "object_angle_from_waist_x_deg": 30.73620482170681
  },
  "gripper": {
    "open_ok": true,
    "close_ok": true,
    "final_pos_pct": 90.0,
    "backend": "modbus_rtu"
  },
  "ok": true
}