{
  "arm": "right",
  "pipeline_version": "accelerated",
  "motion_strategy": "qp_all",
  "dry_run": false,
  "motion": {
    "detected_pose7": [
      0.5682906802748473,
      -0.35500002066299174,
      -0.08657077518720745,
      0.32308190858498437,
      0.7346750633888093,
      -0.5689968236246379,
      -0.17920169163488847
    ],
    "approach_pose7": [
      0.46897463408641554,
      -0.19300442601804163,
      0.23749372887943032,
      0.23503570676678848,
      0.322202559869737,
      -0.6655170633652181,
      -0.6308967945137788
    ],
    "grasp_pose7": [
      0.5553018746206602,
      -0.17712889942816581,
      0.15566723440950433,
      0.23503570676678848,
      0.322202559869737,
      -0.6655170633652181,
      -0.6308967945137788
    ],
    "lift_pose7": [
      0.5553018746206602,
      -0.17712889942816581,
      0.27566723440950436,
      0.31989235185182685,
      0.40179462857605813,
      -0.6291451567900166,
      -0.5834435117145448
    ],
    "pre_home_pose7": [
      0.37530187462066017,
      -0.2771288994281658,
      0.32566723440950435,
      0.31989235185182685,
      0.40179462857605813,
      -0.6291451567900166,
      -0.5834435117145448
    ],
    "grasp_xyz_offset_m": [
      0.01,
      0.025,
      -0.01
    ],
    "grasp_quat": [
      0.23503570676678848,
      0.322202559869737,
      -0.6655170633652181,
      -0.6308967945137788
    ],
    "use_fixed_grasp_quat": true,
    "phase_backends": {
      "approach": "qp_stream",
      "grasp": "qp_stream",
      "lift": "qp_stream"
    },
    "approach_tcp_tracking": {
      "commanded_xyz": [
        0.46897463408641554,
        -0.19300442601804163,
        0.23749372887943032
      ],
      "achieved_xyz": [
        0.4690754855930038,
        -0.20732649745655726,
        0.25027010724729637
      ],
      "error_mm": [
        0.10085150658828423,
        -14.322071438515632,
        12.776378367866048
      ],
      "error_norm_mm": 19.192908729924234,
      "achieved_quat": [
        -0.24062434093051613,
        -0.3364677910226443,
        0.6551276963547586,
        0.632215986530714
      ],
      "approach_axis_tilt_deg": 41.13068338052146,
      "commanded_approach_axis_tilt_deg": 42.99131199460444
    },
    "grasp_tcp_tracking": {
      "commanded_xyz": [
        0.5553018746206602,
        -0.17712889942816581,
        0.15566723440950433
      ],
      "achieved_xyz": [
        0.5557987257241883,
        -0.17467266933770426,
        0.1641713040398994
      ],
      "error_mm": [
        0.4968511035281509,
        2.456230090461559,
        8.504069630395072
      ],
      "error_norm_mm": 8.865614899992766,
      "achieved_quat": [
        -0.23720488566799122,
        -0.35092834943611406,
        0.6515378499947958,
        0.6293501138487534
      ],
      "approach_axis_tilt_deg": 39.87884050517394,
      "commanded_approach_axis_tilt_deg": 42.99131199460444
    },
    "retract_ok": null,
    "return_home_ok": true,
    "released_on_finish_ok": null,
    "approach_ok": true,
    "grasp_ok": true,
    "lift_ok": true
  },
  "detection": {
    "class_name": "banana",
    "pose_head_roll_link": [
      0.9397183894442507,
      -0.17827256118697654,
      -0.005731071153249267,
      0.05136941384299356,
      0.9286545880019187,
      -0.06821003497553788,
      0.3609836985696858
    ],
    "pose_tip_waist_yaw_link_rpy": {
      "x": 0.7323442291115235,
      "y": -0.16773192515010152,
      "z": -0.011623503608668595,
      "roll": -2.982350616599099,
      "pitch": 0.0495935240552432,
      "yaw": 3.106914322904351
    },
    "pose_tip_used_for_tcp_conversion_rpy": {
      "x": 0.7323442291115235,
      "y": -0.16773192515010152,
      "z": -0.011623503608668595,
      "roll": -1.864857281592044,
      "pitch": 0.10454546987425939,
      "yaw": 2.390583856026641
    },
    "pose_tcp_waist_yaw_link_rpy": {
      "x": 0.5682906802748473,
      "y": -0.35500002066299174,
      "z": -0.08657077518720745,
      "roll": -1.864857281592044,
      "pitch": 0.10454546987425939,
      "yaw": 2.390583856026641
    },
    "pose_tcp_waist_yaw_link_pose7": [
      0.5682906802748473,
      -0.35500002066299174,
      -0.08657077518720745,
      0.32308190858498437,
      0.7346750633888093,
      -0.5689968236246379,
      -0.17920169163488847
    ],
    "current_tcp_pose7": [
      0.1544571869238858,
      -0.26014870014686087,
      0.25212620080871195,
      0.32308190858498437,
      0.7346750633888093,
      -0.5689968236246379,
      -0.17920169163488847
    ],
    "tcp_minus_tip_waist_m": [
      -0.16405354883667622,
      -0.18726809551289023,
      -0.07494727157853885
    ],
    "tcp_to_tip_offset_m": [
      0.0,
      0.0,
      -0.26
    ],
    "orientation_policy": "current",
    "use_current_tcp_rotation": true,
    "rotation_source_arm": "right",
    "bbox_2d": [
      715.83935546875,
      208.87657165527344,
      795.7581787109375,
      331.5646057128906
    ],
    "bbox_3d": {
      "min": [
        0.8827042864492374,
        -0.2202310265583177,
        -0.07385517451195699
      ],
      "max": [
        1.0156446874627698,
        -0.14486845010418278,
        0.0510567624986155
      ],
      "center": [
        0.9491744869560036,
        -0.18254973833125024,
        -0.011399206006670742
      ],
      "size": [
        0.13294040101353244,
        0.07536257645413491,
        0.12491193701057249
      ]
    },
    "object_long_axis_waist": [
      -0.9981699993834294,
      0.03462875178978285,
      -0.04957319719734086
    ],
    "object_long_axis_yaw_waist_deg": -1.9869219888348653,
    "object_angle_from_waist_x_deg": 1.9869219888348713
  },
  "gripper": {
    "open_ok": true,
    "close_ok": true,
    "final_pos_pct": 90.0,
    "backend": "modbus_rtu"
  },
  "ok": true
}