{
  "arm": "right",
  "pipeline_version": "accelerated",
  "motion_strategy": "qp_all",
  "dry_run": false,
  "motion": {
    "detected_pose7": [
      0.5624533136602514,
      -0.2986162327811398,
      -0.08229604127262716,
      0.3229500198653658,
      0.7346826522545724,
      -0.5690852884686253,
      -0.17912738370703804
    ],
    "approach_pose7": [
      0.4899781330924406,
      -0.21998934739212148,
      0.227179983685609,
      0.18486980359946104,
      0.3533828359712339,
      -0.7513994268623206,
      -0.5256830112044718
    ],
    "grasp_pose7": [
      0.5679009533620691,
      -0.17958564850216405,
      0.14535348921568303,
      0.18486980359946104,
      0.3533828359712339,
      -0.7513994268623206,
      -0.5256830112044718
    ],
    "lift_pose7": [
      0.5679009533620691,
      -0.17958564850216405,
      0.265353489215683,
      0.28136552282653904,
      0.4189749985886744,
      -0.7208407490815677,
      -0.4750600041949365
    ],
    "pre_home_pose7": [
      0.38790095336206915,
      -0.27958564850216405,
      0.315353489215683,
      0.28136552282653904,
      0.4189749985886744,
      -0.7208407490815677,
      -0.4750600041949365
    ],
    "grasp_xyz_offset_m": [
      0.01,
      0.025,
      -0.01
    ],
    "grasp_quat": [
      0.18486980359946104,
      0.3533828359712339,
      -0.7513994268623206,
      -0.5256830112044718
    ],
    "use_fixed_grasp_quat": true,
    "phase_backends": {
      "approach": "qp_stream",
      "grasp": "qp_stream",
      "lift": "qp_stream"
    },
    "approach_tcp_tracking": {
      "commanded_xyz": [
        0.4899781330924406,
        -0.21998934739212148,
        0.227179983685609
      ],
      "achieved_xyz": [
        0.4765892247703272,
        -0.22259689385482073,
        0.23827880043814503
      ],
      "error_mm": [
        -13.38890832211337,
        -2.607546462699256,
        11.098816752536045
      ],
      "error_norm_mm": 17.58538876224995,
      "achieved_quat": [
        -0.19192096386918459,
        -0.34510196671876864,
        0.7741843438412054,
        0.4946812892616046
      ],
      "approach_axis_tilt_deg": 43.48320767207873,
      "commanded_approach_axis_tilt_deg": 42.991311994604416
    },
    "grasp_tcp_tracking": {
      "commanded_xyz": [
        0.5679009533620691,
        -0.17958564850216405,
        0.14535348921568303
      ],
      "achieved_xyz": [
        0.5687924818878599,
        -0.17666866513425994,
        0.15356216796560784
      ],
      "error_mm": [
        0.8915285257907746,
        2.916983367904108,
        8.208678749924815
      ],
      "error_norm_mm": 8.757055549692206,
      "achieved_quat": [
        -0.1897705056934242,
        -0.3610036783808561,
        0.7687162515272782,
        0.49268531945066485
      ],
      "approach_axis_tilt_deg": 41.86109498926117,
      "commanded_approach_axis_tilt_deg": 42.991311994604416
    },
    "retract_ok": null,
    "return_home_ok": true,
    "released_on_finish_ok": null,
    "approach_ok": true,
    "grasp_ok": true,
    "lift_ok": true
  },
  "detection": {
    "class_name": "banana",
    "pose_head_roll_link": [
      0.9246289587330309,
      -0.1571674113466732,
      -0.01960927413064603,
      -0.3218488967358764,
      0.0916325451516758,
      0.9174681316720917,
      -0.2151022819615046
    ],
    "pose_tip_waist_yaw_link_rpy": {
      "x": 0.7169933780792275,
      "y": -0.12209476326850097,
      "z": -0.011708936993749086,
      "roll": 0.018908671202314698,
      "pitch": -0.023836531174660447,
      "yaw": -2.6232487515080662
    },
    "pose_tip_used_for_tcp_conversion_rpy": {
      "x": 0.7169933780792275,
      "y": -0.12209476326850097,
      "z": -0.011708936993749086,
      "roll": -1.8647021175458933,
      "pitch": 0.10455906062510989,
      "yaw": 2.390915011648534
    },
    "pose_tcp_waist_yaw_link_rpy": {
      "x": 0.5624533136602514,
      "y": -0.2986162327811398,
      "z": -0.08229604127262716,
      "roll": -1.8647021175458933,
      "pitch": 0.10455906062510989,
      "yaw": 2.390915011648534
    },
    "pose_tcp_waist_yaw_link_pose7": [
      0.5624533136602514,
      -0.2986162327811398,
      -0.08229604127262716,
      0.3229500198653658,
      0.7346826522545724,
      -0.5690852884686253,
      -0.17912738370703804
    ],
    "current_tcp_pose7": [
      0.1544378937101683,
      -0.26013101478374245,
      0.252111327940994,
      0.3229500198653658,
      0.7346826522545724,
      -0.5690852884686253,
      -0.17912738370703804
    ],
    "tcp_minus_tip_waist_m": [
      -0.15454006441897605,
      -0.17652146951263883,
      -0.07058710427887807
    ],
    "tcp_to_tip_offset_m": [
      0.0,
      0.0,
      -0.245
    ],
    "orientation_policy": "current",
    "use_current_tcp_rotation": true,
    "rotation_source_arm": "right",
    "bbox_2d": [
      678.320068359375,
      232.85520935058594,
      801.9860229492188,
      347.53564453125
    ],
    "bbox_3d": {
      "min": [
        0.8640653805788485,
        -0.2123756589321483,
        -0.08706491534423023
      ],
      "max": [
        1.001361727389845,
        -0.09348484032731318,
        0.026656959071427302
      ],
      "center": [
        0.9327135539843467,
        -0.15293024962973073,
        -0.030203978136401466
      ],
      "size": [
        0.13729634681099645,
        0.11889081860483512,
        0.11372187441565754
      ]
    },
    "object_long_axis_waist": [
      -0.8683941108010872,
      -0.4953015199946224,
      0.023834273997870737
    ],
    "object_long_axis_yaw_waist_deg": 29.698917925625324,
    "object_angle_from_waist_x_deg": 29.698917925625345
  },
  "gripper": {
    "open_ok": true,
    "close_ok": true,
    "final_pos_pct": 90.0,
    "backend": "modbus_rtu"
  },
  "ok": true
}