{
  "arm": "right",
  "pipeline_version": "accelerated",
  "motion_strategy": "qp_all",
  "dry_run": false,
  "motion": {
    "detected_pose7": [
      0.6040289756418332,
      -0.377961070248258,
      -0.08480644073442394,
      0.3227760234663258,
      0.7348402701829979,
      -0.5690479563219513,
      -0.17891293804097935
    ],
    "approach_pose7": [
      0.531150061602246,
      -0.2934926321458794,
      0.23928157543749973,
      0.18486980359946104,
      0.3533828359712339,
      -0.7513994268623206,
      -0.5256830112044718
    ],
    "grasp_pose7": [
      0.6090728818718745,
      -0.25308893325592197,
      0.1574550809675738,
      0.18486980359946104,
      0.3533828359712339,
      -0.7513994268623206,
      -0.5256830112044718
    ],
    "lift_pose7": [
      0.6090728818718745,
      -0.25308893325592197,
      0.27745508096757376,
      0.28136552282653904,
      0.4189749985886744,
      -0.7208407490815677,
      -0.4750600041949365
    ],
    "pre_home_pose7": [
      0.4290728818718745,
      -0.35308893325592194,
      0.32745508096757375,
      0.28136552282653904,
      0.4189749985886744,
      -0.7208407490815677,
      -0.4750600041949365
    ],
    "grasp_xyz_offset_m": [
      0.01,
      0.025,
      -0.01
    ],
    "grasp_quat": [
      0.18486980359946104,
      0.3533828359712339,
      -0.7513994268623206,
      -0.5256830112044718
    ],
    "use_fixed_grasp_quat": true,
    "phase_backends": {
      "approach": "qp_stream",
      "grasp": "qp_stream",
      "lift": "qp_stream"
    },
    "approach_tcp_tracking": {
      "commanded_xyz": [
        0.531150061602246,
        -0.2934926321458794,
        0.23928157543749973
      ],
      "achieved_xyz": [
        0.5183874278401399,
        -0.2949918187940924,
        0.25399188310344395
      ],
      "error_mm": [
        -12.762633762106068,
        -1.4991866482130245,
        14.710307665944223
      ],
      "error_norm_mm": 19.532678586885293,
      "achieved_quat": [
        -0.21228233884546663,
        -0.3273007011830287,
        0.7851850713263846,
        0.4809312460067205
      ],
      "approach_axis_tilt_deg": 44.07671711941918,
      "commanded_approach_axis_tilt_deg": 42.991311994604416
    },
    "grasp_tcp_tracking": {
      "commanded_xyz": [
        0.6090728818718745,
        -0.25308893325592197,
        0.1574550809675738
      ],
      "achieved_xyz": [
        0.589155337696698,
        -0.2505210592249377,
        0.16341879287489666
      ],
      "error_mm": [
        -19.917544175176438,
        2.5678740309842407,
        5.963711907322866
      ],
      "error_norm_mm": 20.94918620669196,
      "achieved_quat": [
        -0.20926796791625904,
        -0.32617050964140604,
        0.7797522720776161,
        0.49173784726646835
      ],
      "approach_axis_tilt_deg": 44.398082772801835,
      "commanded_approach_axis_tilt_deg": 42.991311994604416
    },
    "retract_ok": null,
    "return_home_ok": true,
    "released_on_finish_ok": null,
    "approach_ok": true,
    "grasp_ok": true,
    "lift_ok": true
  },
  "detection": {
    "class_name": "banana",
    "pose_head_roll_link": [
      0.9656239829488394,
      -0.2014820671111289,
      0.018292431480936726,
      -0.3498213123387095,
      0.13945894081492782,
      0.9055693799332148,
      -0.19524433765867355
    ],
    "pose_tip_waist_yaw_link_rpy": {
      "x": 0.7679056591227363,
      "y": -0.19054758566101423,
      "z": -0.009835657050599078,
      "roll": 0.13235690160029326,
      "pitch": 0.010940598904294108,
      "yaw": -2.6617890722232462
    },
    "pose_tip_used_for_tcp_conversion_rpy": {
      "x": 0.7679056591227363,
      "y": -0.19054758566101423,
      "z": -0.009835657050599078,
      "roll": -1.8649538897324178,
      "pitch": 0.10459582329084016,
      "yaw": 2.3914769009623345
    },
    "pose_tcp_waist_yaw_link_rpy": {
      "x": 0.6040289756418332,
      "y": -0.377961070248258,
      "z": -0.08480644073442394,
      "roll": -1.8649538897324178,
      "pitch": 0.10459582329084016,
      "yaw": 2.3914769009623345
    },
    "pose_tcp_waist_yaw_link_pose7": [
      0.6040289756418332,
      -0.377961070248258,
      -0.08480644073442394,
      0.3227760234663258,
      0.7348402701829979,
      -0.5690479563219513,
      -0.17891293804097935
    ],
    "current_tcp_pose7": [
      0.15438832474836056,
      -0.26009072078018336,
      0.2521340618464421,
      0.3227760234663258,
      0.7348402701829979,
      -0.5690479563219513,
      -0.17891293804097935
    ],
    "tcp_minus_tip_waist_m": [
      -0.16387668348090312,
      -0.18741348458724374,
      -0.07497078368382486
    ],
    "tcp_to_tip_offset_m": [
      0.0,
      0.0,
      -0.26
    ],
    "orientation_policy": "current",
    "use_current_tcp_rotation": true,
    "rotation_source_arm": "right",
    "bbox_2d": [
      709.74853515625,
      200.7416534423828,
      829.1336059570312,
      311.5389709472656
    ],
    "bbox_3d": {
      "min": [
        0.9045108929449928,
        -0.256495989523955,
        -0.04829831819262283
      ],
      "max": [
        1.0445339158633156,
        -0.13544897194649935,
        0.06518072992251757
      ],
      "center": [
        0.9745224044041542,
        -0.1959724807352272,
        0.008441205864947371
      ],
      "size": [
        0.1400230229183228,
        0.12104701757745567,
        0.1134790481151404
      ]
    },
    "object_long_axis_waist": [
      -0.88703251762075,
      -0.4615773182844892,
      -0.010940380646661502
    ],
    "object_long_axis_yaw_waist_deg": 27.49072020756489,
    "object_angle_from_waist_x_deg": 27.49072020756491
  },
  "gripper": {
    "open_ok": true,
    "close_ok": true,
    "final_pos_pct": 90.0,
    "backend": "modbus_rtu"
  },
  "ok": true
}