{
  "arm": "right",
  "pipeline_version": "accelerated",
  "motion_strategy": "qp_all",
  "dry_run": false,
  "motion": {
    "detected_pose7": [
      0.5593308735440004,
      -0.40402473865143573,
      -0.085242571525254,
      0.32279910541451945,
      0.7348444560388684,
      -0.5690303106450202,
      -0.1789102248049491
    ],
    "approach_pose7": [
      0.4798580605743872,
      -0.30594543954682235,
      0.23885639221713162,
      0.19442042781456992,
      0.34821971553944914,
      -0.7368118485293472,
      -0.5459414133630012
    ],
    "grasp_pose7": [
      0.5598641818077605,
      -0.2698421797500401,
      0.15702989774720563,
      0.19442042781456992,
      0.34821971553944914,
      -0.7368118485293472,
      -0.5459414133630012
    ],
    "lift_pose7": [
      0.5598641818077605,
      -0.2698421797500401,
      0.27702989774720566,
      0.28893037907400626,
      0.41650030146214256,
      -0.7051313628913304,
      -0.49581901536458894
    ],
    "pre_home_pose7": [
      0.37986418180776055,
      -0.3698421797500401,
      0.32702989774720564,
      0.28893037907400626,
      0.41650030146214256,
      -0.7051313628913304,
      -0.49581901536458894
    ],
    "grasp_xyz_offset_m": [
      0.01,
      0.025,
      -0.01
    ],
    "grasp_quat": [
      0.19442042781456992,
      0.34821971553944914,
      -0.7368118485293472,
      -0.5459414133630012
    ],
    "use_fixed_grasp_quat": true,
    "phase_backends": {
      "approach": "qp_stream",
      "grasp": "qp_stream",
      "lift": "qp_stream"
    },
    "approach_tcp_tracking": {
      "commanded_xyz": [
        0.4798580605743872,
        -0.30594543954682235,
        0.23885639221713162
      ],
      "achieved_xyz": [
        0.4667595098212402,
        -0.2996497143435237,
        0.24943823383289068
      ],
      "error_mm": [
        -13.098550753146975,
        6.29572520329863,
        10.581841615759064
      ],
      "error_norm_mm": 17.97730679632595,
      "achieved_quat": [
        -0.19656625899477012,
        -0.34035997397738343,
        0.7620826477893007,
        0.514535549673066
      ],
      "approach_axis_tilt_deg": 43.71198209125715,
      "commanded_approach_axis_tilt_deg": 42.99131199460444
    },
    "grasp_tcp_tracking": {
      "commanded_xyz": [
        0.5598641818077605,
        -0.2698421797500401,
        0.15702989774720563
      ],
      "achieved_xyz": [
        0.5610594720264306,
        -0.2684682169196726,
        0.16593570686474704
      ],
      "error_mm": [
        1.195290218670042,
        1.3739628303675033,
        8.905809117541407
      ],
      "error_norm_mm": 9.090100582730832,
      "achieved_quat": [
        -0.20172378423421747,
        -0.3526964423103806,
        0.7586729295918005,
        0.5092426929867747
      ],
      "approach_axis_tilt_deg": 42.05359583950867,
      "commanded_approach_axis_tilt_deg": 42.99131199460444
    },
    "retract_ok": null,
    "return_home_ok": true,
    "released_on_finish_ok": null,
    "approach_ok": true,
    "grasp_ok": true,
    "lift_ok": true
  },
  "detection": {
    "class_name": "banana",
    "pose_head_roll_link": [
      0.9312960217220092,
      -0.22704136917021375,
      -0.010805370797626753,
      -0.35611894813834283,
      0.17358546761046725,
      0.9173653833593061,
      -0.038576335042732154
    ],
    "pose_tip_waist_yaw_link_rpy": {
      "x": 0.7232107778134027,
      "y": -0.21661845019034529,
      "z": -0.010260840270967297,
      "roll": 0.3010985294052914,
      "pitch": 0.015630376811367253,
      "yaw": -2.934240242028442
    },
    "pose_tip_used_for_tcp_conversion_rpy": {
      "x": 0.7232107778134027,
      "y": -0.21661845019034529,
      "z": -0.010260840270967297,
      "roll": -1.8649986830998542,
      "pitch": 0.10461328600203856,
      "yaw": 2.3914377768532
    },
    "pose_tcp_waist_yaw_link_rpy": {
      "x": 0.5593308735440004,
      "y": -0.40402473865143573,
      "z": -0.085242571525254,
      "roll": -1.8649986830998542,
      "pitch": 0.10461328600203856,
      "yaw": 2.3914377768532
    },
    "pose_tcp_waist_yaw_link_pose7": [
      0.5593308735440004,
      -0.40402473865143573,
      -0.085242571525254,
      0.32279910541451945,
      0.7348444560388684,
      -0.5690303106450202,
      -0.1789102248049491
    ],
    "current_tcp_pose7": [
      0.15439079808066794,
      -0.2600965415622515,
      0.252140523122045,
      0.32279910541451945,
      0.7348444560388684,
      -0.5690303106450202,
      -0.1789102248049491
    ],
    "tcp_minus_tip_waist_m": [
      -0.16387990426940235,
      -0.18740628846109045,
      -0.0749817312542867
    ],
    "tcp_to_tip_offset_m": [
      0.0,
      0.0,
      -0.26
    ],
    "orientation_policy": "current",
    "use_current_tcp_rotation": true,
    "rotation_source_arm": "right",
    "bbox_2d": [
      745.5457763671875,
      220.30755615234375,
      841.246826171875,
      347.1504211425781
    ],
    "bbox_3d": {
      "min": [
        0.8693303063081639,
        -0.27259346212780283,
        -0.08234169392481698
      ],
      "max": [
        1.0019564239913796,
        -0.17649051283658956,
        0.038435000785908516
      ],
      "center": [
        0.9356433651497718,
        -0.2245419874821962,
        -0.021953346569454232
      ],
      "size": [
        0.13262611768321575,
        0.09610294929121327,
        0.1207766947107255
      ]
    },
    "object_long_axis_waist": [
      -0.9784598669514541,
      -0.20584460153476852,
      -0.015629740379688815
    ],
    "object_long_axis_yaw_waist_deg": 11.880418054325077,
    "object_angle_from_waist_x_deg": 11.880418054325075
  },
  "gripper": {
    "open_ok": true,
    "close_ok": true,
    "final_pos_pct": 90.0,
    "backend": "modbus_rtu"
  },
  "ok": true
}