{
  "arm": "right",
  "pipeline_version": "accelerated",
  "motion_strategy": "qp_all",
  "dry_run": false,
  "motion": {
    "detected_pose7": [
      0.7657890304413455,
      -0.1843435086492614,
      -0.0916476239484611,
      0.6290329815269453,
      0.5814052199749878,
      -0.3726805482614925,
      -0.3569239236653534
    ],
    "approach_pose7": [
      0.7302171003482831,
      -0.187978529564349,
      0.2904943247767331,
      0.25025915342598815,
      0.3105263743524581,
      -0.6344058296356995,
      -0.6621729156966968
    ],
    "grasp_pose7": [
      0.8176702252824031,
      -0.18047015144251777,
      0.20866783030680716,
      0.25025915342598815,
      0.3105263743524581,
      -0.6344058296356995,
      -0.6621729156966968
    ],
    "lift_pose7": [
      0.8176702252824031,
      -0.18047015144251777,
      0.32866783030680713,
      0.33092472894050656,
      0.3943006874499238,
      -0.5963130254529954,
      -0.6159761093802788
    ],
    "pre_home_pose7": [
      0.6376702252824031,
      -0.28047015144251775,
      0.3786678303068071,
      0.33092472894050656,
      0.3943006874499238,
      -0.5963130254529954,
      -0.6159761093802788
    ],
    "grasp_xyz_offset_m": [
      0.01,
      0.025,
      -0.01
    ],
    "grasp_quat": [
      0.25025915342598815,
      0.3105263743524581,
      -0.6344058296356995,
      -0.6621729156966968
    ],
    "use_fixed_grasp_quat": true,
    "phase_backends": {
      "approach": "qp_stream",
      "grasp": "qp_stream",
      "lift": "qp_stream"
    },
    "joint_limits_used": {
      "shoulder_pitch": [
        -2.96,
        2.96
      ],
      "shoulder_roll": [
        -2.616,
        0.262
      ],
      "shoulder_yaw": [
        -2.96,
        2.96
      ],
      "elbow_pitch": [
        -2.61,
        0.261
      ],
      "elbow_yaw": [
        -2.96,
        2.96
      ],
      "wrist_pitch": [
        -0.785,
        1.05
      ],
      "wrist_roll": [
        -1.3,
        1.65
      ]
    },
    "grasp_reach_retry_used": true,
    "grasp_reach_retry_yaw_scale": 0.5,
    "approach_tcp_tracking": {
      "commanded_xyz": [
        0.7302171003482831,
        -0.187978529564349,
        0.2904943247767331
      ],
      "achieved_xyz": [
        0.6253625421030384,
        -0.19118928884927983,
        0.29619208936853236
      ],
      "error_mm": [
        -104.8545582452447,
        -3.2107592849308366,
        5.69776459179927
      ],
      "error_norm_mm": 105.05832609238901,
      "achieved_quat": [
        -0.2509782352789102,
        -0.3116379879178302,
        0.6343196738302537,
        0.6614606876411409
      ],
      "approach_axis_tilt_deg": 42.82671789602342,
      "commanded_approach_axis_tilt_deg": 42.99131199460442
    },
    "approach_joint_limits": {
      "closest": {
        "joint": "shoulder_roll",
        "value": -0.051,
        "lower": -2.616,
        "upper": 0.262,
        "dist_to_limit": 0.313,
        "nearest_side": "upper"
      },
      "breached": [],
      "margin_rad": 0.1
    },
    "lift_joint_limits": {
      "closest": {
        "joint": "shoulder_roll",
        "value": -0.051,
        "lower": -2.616,
        "upper": 0.262,
        "dist_to_limit": 0.313,
        "nearest_side": "upper"
      },
      "breached": [],
      "margin_rad": 0.1
    },
    "retract_ok": null,
    "return_home_ok": true,
    "released_on_finish_ok": null,
    "approach_ok": false,
    "grasp_ok": false,
    "lift_ok": true
  },
  "detection": {
    "class_name": "peach",
    "pose_head_roll_link": [
      1.1146728750789132,
      -0.22689962276866646,
      0.20073680493526558,
      0.7725325648242399,
      0.06275456938796,
      -0.6193544754254414,
      -0.12512127747705257
    ],
    "pose_tip_waist_yaw_link_rpy": {
      "x": 1.004439756384173,
      "y": -0.1885763006683975,
      "z": 0.03455821774947376,
      "roll": -0.35312000508985775,
      "pitch": 1.0472967712121681,
      "yaw": 2.6461361063263746
    },
    "pose_tip_used_for_tcp_conversion_rpy": {
      "x": 1.004439756384173,
      "y": -0.1885763006683975,
      "z": 0.03455821774947376,
      "roll": -2.05794429932245,
      "pitch": 0.05384786719623147,
      "yaw": 1.5245584993365031
    },
    "pose_tcp_waist_yaw_link_rpy": {
      "x": 0.7657890304413455,
      "y": -0.1843435086492614,
      "z": -0.0916476239484611,
      "roll": -2.05794429932245,
      "pitch": 0.05384786719623147,
      "yaw": 1.5245584993365031
    },
    "pose_tcp_waist_yaw_link_pose7": [
      0.7657890304413455,
      -0.1843435086492614,
      -0.0916476239484611,
      0.6290329815269453,
      0.5814052199749878,
      -0.3726805482614925,
      -0.3569239236653534
    ],
    "current_tcp_pose7": [
      0.11828182546511884,
      -0.23999997268099849,
      0.14005841569849264,
      0.6290329815269453,
      0.5814052199749878,
      -0.3726805482614925,
      -0.3569239236653534
    ],
    "tcp_minus_tip_waist_m": [
      -0.23865072594282744,
      0.004232792019136095,
      -0.12620584169793486
    ],
    "tcp_to_tip_offset_m": [
      0.0,
      0.0,
      -0.27
    ],
    "orientation_policy": "current",
    "use_current_tcp_rotation": true,
    "rotation_source_arm": "right",
    "bbox_2d": [
      759.215087890625,
      77.09606170654297,
      814.4544677734375,
      135.7289581298828
    ],
    "bbox_3d": {
      "min": [
        1.1013387957328178,
        -0.26507426256211936,
        0.1638768383850135
      ],
      "max": [
        1.1421469439452927,
        -0.1954683933998135,
        0.23836758106820183
      ],
      "center": [
        1.1217428698390552,
        -0.23027132798096644,
        0.20112220972660766
      ],
      "size": [
        0.040808148212474915,
        0.06960586916230585,
        0.07449074268318834
      ]
    },
    "object_long_axis_waist": [
      -0.43980027522678744,
      0.23767582077120156,
      -0.8660750095293005
    ],
    "object_long_axis_yaw_waist_deg": -28.387569090317868,
    "object_angle_from_waist_x_deg": 28.387569090317882
  },
  "gripper": {
    "open_ok": true,
    "close_ok": null,
    "final_pos_pct": null,
    "backend": "modbus_rtu"
  },
  "ok": false
}