{
  "arm": "left",
  "pipeline_version": "accelerated",
  "motion_strategy": "qp_all",
  "dry_run": false,
  "motion": {
    "detected_pose7": [
      0.5384134323144276,
      0.07265113386161054,
      -0.10400299306762859,
      0.6292522678094112,
      0.580931391597619,
      -0.37275063815912607,
      -0.3572355853846743
    ],
    "approach_pose7": [
      0.4230433839164999,
      0.10708361953944014,
      0.15112948450902947,
      -0.3850199264510705,
      0.41648327968717624,
      0.581717816235841,
      -0.5830143362306197
    ],
    "grasp_pose7": [
      0.535072665599789,
      0.1028107538347364,
      0.10833716435463929,
      -0.3850199264510705,
      0.41648327968717624,
      0.581717816235841,
      -0.5830143362306197
    ],
    "lift_pose7": [
      0.535072665599789,
      0.1028107538347364,
      0.2283371643546393,
      -0.45765543910626433,
      0.489018848811846,
      0.5264859547481164,
      -0.523664591142225
    ],
    "pre_home_pose7": [
      0.35507266559978906,
      0.0028107538347363903,
      0.2783371643546393,
      -0.45765543910626433,
      0.489018848811846,
      0.5264859547481164,
      -0.523664591142225
    ],
    "grasp_xyz_offset_m": [
      0.01,
      0.025,
      -0.01
    ],
    "grasp_quat": [
      -0.3850199264510705,
      0.41648327968717624,
      0.581717816235841,
      -0.5830143362306197
    ],
    "use_fixed_grasp_quat": true,
    "phase_backends": {
      "approach": "qp_stream",
      "grasp": "qp_stream",
      "lift": "qp_stream"
    },
    "joint_limits_used": {
      "shoulder_pitch": [
        -2.96,
        2.96
      ],
      "shoulder_roll": [
        -0.262,
        2.616
      ],
      "shoulder_yaw": [
        -2.96,
        2.96
      ],
      "elbow_pitch": [
        -2.61,
        0.261
      ],
      "elbow_yaw": [
        -2.96,
        2.96
      ],
      "wrist_pitch": [
        -0.785,
        1.05
      ],
      "wrist_roll": [
        -1.65,
        1.3
      ]
    },
    "approach_tcp_tracking": {
      "commanded_xyz": [
        0.4230433839164999,
        0.10708361953944014,
        0.15112948450902947
      ],
      "achieved_xyz": [
        0.5278003738978985,
        0.07923768952041166,
        0.29931690410376766
      ],
      "error_mm": [
        104.75698998139855,
        -27.84593001902848,
        148.1874195947382
      ],
      "error_norm_mm": 183.59992945187767,
      "achieved_quat": [
        0.26458057770713284,
        -0.3895834561234683,
        -0.5613912652236103,
        0.6804863672004662
      ],
      "approach_axis_tilt_deg": 33.81021073754724,
      "commanded_approach_axis_tilt_deg": 20.89170020919751
    },
    "approach_joint_limits": {
      "closest": {
        "joint": "wrist_pitch",
        "value": 0.9554,
        "lower": -0.785,
        "upper": 1.05,
        "dist_to_limit": 0.0946,
        "nearest_side": "upper"
      },
      "breached": [
        {
          "joint": "wrist_pitch",
          "value": 0.9554,
          "lower": -0.785,
          "upper": 1.05,
          "dist_to_limit": 0.0946,
          "nearest_side": "upper"
        }
      ],
      "margin_rad": 0.1
    },
    "grasp_tcp_tracking": {
      "commanded_xyz": [
        0.5898473188879261,
        0.08426254989833143,
        0.1961640565645948
      ],
      "achieved_xyz": [
        0.5265953280063476,
        0.08006336347566351,
        0.2998094148929819
      ],
      "error_mm": [
        -63.251990881578514,
        -4.199186422667922,
        103.64535832838712
      ],
      "error_norm_mm": 121.49406495839776,
      "achieved_quat": [
        0.26808644864643816,
        -0.38639167745472813,
        -0.5629480281803819,
        0.6796474418503183
      ],
      "approach_axis_tilt_deg": 33.89428079857768,
      "commanded_approach_axis_tilt_deg": 42.991311994604416
    },
    "grasp_joint_limits": {
      "closest": {
        "joint": "wrist_pitch",
        "value": 0.9534,
        "lower": -0.785,
        "upper": 1.05,
        "dist_to_limit": 0.0966,
        "nearest_side": "upper"
      },
      "breached": [
        {
          "joint": "wrist_pitch",
          "value": 0.9534,
          "lower": -0.785,
          "upper": 1.05,
          "dist_to_limit": 0.0966,
          "nearest_side": "upper"
        }
      ],
      "margin_rad": 0.1
    },
    "grasp_reach_retry_used": true,
    "grasp_reach_retry_yaw_scale": 0.5,
    "lift_joint_limits": {
      "closest": {
        "joint": "wrist_pitch",
        "value": 0.9554,
        "lower": -0.785,
        "upper": 1.05,
        "dist_to_limit": 0.0946,
        "nearest_side": "upper"
      },
      "breached": [
        {
          "joint": "wrist_pitch",
          "value": 0.9554,
          "lower": -0.785,
          "upper": 1.05,
          "dist_to_limit": 0.0946,
          "nearest_side": "upper"
        }
      ],
      "margin_rad": 0.1
    },
    "retract_ok": null,
    "return_home_ok": true,
    "released_on_finish_ok": null,
    "approach_ok": false,
    "grasp_ok": false,
    "lift_ok": true
  },
  "detection": {
    "class_name": "peach",
    "pose_head_roll_link": [
      0.9559941348924548,
      0.03808798562474616,
      0.0512636193046394,
      0.04418817328997371,
      0.7180460063315227,
      -0.14453006094141965,
      -0.6793882539586003
    ],
    "pose_tip_waist_yaw_link_rpy": {
      "x": 0.7771385493871896,
      "y": 0.06819680599915298,
      "z": 0.02205444400726142,
      "roll": -0.1924036062094588,
      "pitch": -0.904845005489318,
      "yaw": 0.4681059289167583
    },
    "pose_tip_used_for_tcp_conversion_rpy": {
      "x": 0.7771385493871896,
      "y": 0.06819680599915298,
      "z": 0.02205444400726142,
      "roll": -2.0573280131387994,
      "pitch": 0.05407598838058436,
      "yaw": 1.5235583763586131
    },
    "pose_tcp_waist_yaw_link_rpy": {
      "x": 0.5384134323144276,
      "y": 0.07265113386161054,
      "z": -0.10400299306762859,
      "roll": -2.0573280131387994,
      "pitch": 0.05407598838058436,
      "yaw": 1.5235583763586131
    },
    "pose_tcp_waist_yaw_link_pose7": [
      0.5384134323144276,
      0.07265113386161054,
      -0.10400299306762859,
      0.6292522678094112,
      0.580931391597619,
      -0.37275063815912607,
      -0.3572355853846743
    ],
    "current_tcp_pose7": [
      0.11830430857522702,
      -0.24008864294828305,
      0.14001279054773783,
      0.6292522678094112,
      0.580931391597619,
      -0.37275063815912607,
      -0.3572355853846743
    ],
    "tcp_minus_tip_waist_m": [
      -0.238725117072762,
      0.004454327862457558,
      -0.12605743707489
    ],
    "tcp_to_tip_offset_m": [
      0.0,
      0.0,
      -0.27
    ],
    "orientation_policy": "current",
    "use_current_tcp_rotation": true,
    "rotation_source_arm": "right",
    "bbox_2d": [
      567.8187866210938,
      184.51272583007812,
      627.9776611328125,
      248.8929443359375
    ],
    "bbox_3d": {
      "min": [
        0.941553670884751,
        0.005159228016726736,
        0.015495541728062875
      ],
      "max": [
        0.9799436522674736,
        0.07515973699426173,
        0.0851105213510804
      ],
      "center": [
        0.9607486615761123,
        0.04015948250549423,
        0.050303031539571635
      ],
      "size": [
        0.03838998138272265,
        0.070000508977535,
        0.06961497962301752
      ]
    },
    "object_long_axis_waist": [
      0.5513465093629097,
      0.27875273865118333,
      0.7863294076325773
    ],
    "object_long_axis_yaw_waist_deg": 26.820494091981175,
    "object_angle_from_waist_x_deg": 26.820494091981175
  },
  "gripper": {
    "open_ok": true,
    "close_ok": null,
    "final_pos_pct": null,
    "backend": "modbus_rtu"
  },
  "ok": false
}