{
  "arm": "right",
  "pipeline_version": "accelerated",
  "motion_strategy": "qp_all",
  "dry_run": false,
  "motion": {
    "detected_pose7": [
      0.7661019362776451,
      -0.17941306249548483,
      -0.09393343140336635,
      0.6292925873643199,
      0.5810742359086029,
      -0.3726169781378705,
      -0.3570716447086702
    ],
    "approach_pose7": [
      0.7417406273167583,
      -0.24150795910907324,
      0.28817714682405426,
      0.21660535347361684,
      0.3348707121988197,
      -0.6998351153786819,
      -0.5925998128930955
    ],
    "grasp_pose7": [
      0.8257483922604976,
      -0.21606940113263462,
      0.2063506523541283,
      0.21660535347361684,
      0.3348707121988197,
      -0.6998351153786819,
      -0.5925998128930955
    ],
    "lift_pose7": [
      0.8257483922604976,
      -0.21606940113263462,
      0.3263506523541283,
      0.30609907743973513,
      0.40935564392135876,
      -0.6655752569477524,
      -0.5438206403946124
    ],
    "pre_home_pose7": [
      0.6457483922604976,
      -0.3160694011326346,
      0.3763506523541283,
      0.30609907743973513,
      0.40935564392135876,
      -0.6655752569477524,
      -0.5438206403946124
    ],
    "grasp_xyz_offset_m": [
      0.01,
      0.025,
      -0.01
    ],
    "grasp_quat": [
      0.21660535347361684,
      0.3348707121988197,
      -0.6998351153786819,
      -0.5925998128930955
    ],
    "use_fixed_grasp_quat": true,
    "phase_backends": {
      "approach": "qp_stream",
      "grasp": "qp_stream",
      "lift": "qp_stream"
    },
    "joint_limits_used": {
      "shoulder_pitch": [
        -2.96,
        2.96
      ],
      "shoulder_roll": [
        -2.616,
        0.262
      ],
      "shoulder_yaw": [
        -2.96,
        2.96
      ],
      "elbow_pitch": [
        -2.61,
        0.261
      ],
      "elbow_yaw": [
        -2.96,
        2.96
      ],
      "wrist_pitch": [
        -0.785,
        1.05
      ],
      "wrist_roll": [
        -1.3,
        1.65
      ]
    },
    "grasp_reach_retry_used": true,
    "grasp_reach_retry_yaw_scale": 0.5,
    "approach_tcp_tracking": {
      "commanded_xyz": [
        0.7417406273167583,
        -0.24150795910907324,
        0.28817714682405426
      ],
      "achieved_xyz": [
        0.6210505112826845,
        -0.23270166389555055,
        0.2948125070728963
      ],
      "error_mm": [
        -120.69011603407375,
        8.806295213522692,
        6.635360248842037
      ],
      "error_norm_mm": 121.19275122439385,
      "achieved_quat": [
        -0.21758141063767722,
        -0.3339761461066448,
        0.6979719863960664,
        0.5949398034952788
      ],
      "approach_axis_tilt_deg": 43.018661342576166,
      "commanded_approach_axis_tilt_deg": 42.991311994604416
    },
    "approach_joint_limits": {
      "closest": {
        "joint": "shoulder_roll",
        "value": -0.1564,
        "lower": -2.616,
        "upper": 0.262,
        "dist_to_limit": 0.4184,
        "nearest_side": "upper"
      },
      "breached": [],
      "margin_rad": 0.1
    },
    "lift_joint_limits": {
      "closest": {
        "joint": "shoulder_roll",
        "value": -0.1564,
        "lower": -2.616,
        "upper": 0.262,
        "dist_to_limit": 0.4184,
        "nearest_side": "upper"
      },
      "breached": [],
      "margin_rad": 0.1
    },
    "retract_ok": null,
    "return_home_ok": true,
    "released_on_finish_ok": null,
    "approach_ok": false,
    "grasp_ok": false,
    "lift_ok": true
  },
  "detection": {
    "class_name": "peach",
    "pose_head_roll_link": [
      1.1165497029379716,
      -0.22217378568160723,
      0.19927323805465316,
      0.7801996361472313,
      -0.05321523337644293,
      -0.6228851899069908,
      -0.021695780395054504
    ],
    "pose_tip_waist_yaw_link_rpy": {
      "x": 1.004765863383911,
      "y": -0.18383264568564772,
      "z": 0.032241039796794935,
      "roll": 0.20434729689873846,
      "pitch": 1.0926790737521523,
      "yaw": -2.9866148553063403
    },
    "pose_tip_used_for_tcp_conversion_rpy": {
      "x": 1.004765863383911,
      "y": -0.18383264568564772,
      "z": 0.032241039796794935,
      "roll": -2.0578177300845217,
      "pitch": 0.054026216716198894,
      "yaw": 1.5236915656832941
    },
    "pose_tcp_waist_yaw_link_rpy": {
      "x": 0.7661019362776451,
      "y": -0.17941306249548483,
      "z": -0.09393343140336635,
      "roll": -2.0578177300845217,
      "pitch": 0.054026216716198894,
      "yaw": 1.5236915656832941
    },
    "pose_tcp_waist_yaw_link_pose7": [
      0.7661019362776451,
      -0.17941306249548483,
      -0.09393343140336635,
      0.6292925873643199,
      0.5810742359086029,
      -0.3726169781378705,
      -0.3570716447086702
    ],
    "current_tcp_pose7": [
      0.11828353727957183,
      -0.24007549474926804,
      0.1400433345921411,
      0.6292925873643199,
      0.5810742359086029,
      -0.3726169781378705,
      -0.3570716447086702
    ],
    "tcp_minus_tip_waist_m": [
      -0.23866392710626583,
      0.00441958319016289,
      -0.1261744712001613
    ],
    "tcp_to_tip_offset_m": [
      0.0,
      0.0,
      -0.27
    ],
    "orientation_policy": "current",
    "use_current_tcp_rotation": true,
    "rotation_source_arm": "right",
    "bbox_2d": [
      755.5601806640625,
      76.3349609375,
      810.7213134765625,
      135.47344970703125
    ],
    "bbox_3d": {
      "min": [
        1.1011632920916814,
        -0.26069113894659357,
        0.1644326705277352
      ],
      "max": [
        1.145798159589967,
        -0.19100787194898225,
        0.23833785830314907
      ],
      "center": [
        1.1234807258408241,
        -0.22584950544778792,
        0.20138526441544213
      ],
      "size": [
        0.04463486749828549,
        0.06968326699761132,
        0.07390518777541388
      ]
    },
    "object_long_axis_waist": [
      -0.4545939529572198,
      -0.07102148326555077,
      -0.8878627635223196
    ],
    "object_long_axis_yaw_waist_deg": 8.879573759871676,
    "object_angle_from_waist_x_deg": 8.879573759871668
  },
  "gripper": {
    "open_ok": true,
    "close_ok": null,
    "final_pos_pct": null,
    "backend": "modbus_rtu"
  },
  "ok": false
}