{
  "arm": "left",
  "pipeline_version": "accelerated",
  "motion_strategy": "qp_all",
  "dry_run": false,
  "motion": {
    "detected_pose7": [
      0.47483560189852625,
      0.15846012182627575,
      -0.10618699572464427,
      0.6291061442888349,
      0.5809481873986722,
      -0.3728781458866093,
      -0.35733254972979644
    ],
    "approach_pose7": [
      0.43863206011093414,
      0.1661393866435562,
      0.27571779340344926,
      -0.27003272595940264,
      0.2934937817959853,
      0.5897393372785603,
      -0.7022472791148923
    ],
    "grasp_pose7": [
      0.5263170514439401,
      0.17011016713281024,
      0.1938912989335233,
      -0.27003272595940264,
      0.2934937817959853,
      0.5897393372785603,
      -0.7022472791148923
    ],
    "lift_pose7": [
      0.5263170514439401,
      0.17011016713281024,
      0.3138912989335233,
      -0.34469898865255927,
      0.38264456514655465,
      0.5494476920005436,
      -0.6579308305141072
    ],
    "pre_home_pose7": [
      0.34631705144394015,
      0.07011016713281024,
      0.3638912989335233,
      -0.34469898865255927,
      0.38264456514655465,
      0.5494476920005436,
      -0.6579308305141072
    ],
    "grasp_xyz_offset_m": [
      0.01,
      0.025,
      -0.01
    ],
    "grasp_quat": [
      -0.27003272595940264,
      0.2934937817959853,
      0.5897393372785603,
      -0.7022472791148923
    ],
    "use_fixed_grasp_quat": true,
    "phase_backends": {
      "approach": "qp_stream",
      "grasp": "qp_stream",
      "lift": "qp_stream"
    },
    "joint_limits_used": {
      "shoulder_pitch": [
        -2.96,
        2.96
      ],
      "shoulder_roll": [
        -0.262,
        2.616
      ],
      "shoulder_yaw": [
        -2.96,
        2.96
      ],
      "elbow_pitch": [
        -2.61,
        0.261
      ],
      "elbow_yaw": [
        -2.96,
        2.96
      ],
      "wrist_pitch": [
        -0.785,
        1.05
      ],
      "wrist_roll": [
        -1.65,
        1.3
      ]
    },
    "approach_tcp_tracking": {
      "commanded_xyz": [
        0.43863206011093414,
        0.1661393866435562,
        0.27571779340344926
      ],
      "achieved_xyz": [
        0.45993831775095956,
        0.17541897421835853,
        0.268052865633215
      ],
      "error_mm": [
        21.306257640025418,
        9.279587574802322,
        -7.664927770234254
      ],
      "error_norm_mm": 24.47076782417085,
      "achieved_quat": [
        0.25445163789939707,
        -0.32284607179244407,
        -0.5896929118021926,
        0.6951884979404893
      ],
      "approach_axis_tilt_deg": 41.45637151367845,
      "commanded_approach_axis_tilt_deg": 42.991311994604416
    },
    "approach_joint_limits": {
      "closest": {
        "joint": "wrist_pitch",
        "value": 0.8974,
        "lower": -0.785,
        "upper": 1.05,
        "dist_to_limit": 0.1526,
        "nearest_side": "upper"
      },
      "breached": [],
      "margin_rad": 0.1
    },
    "grasp_tcp_tracking": {
      "commanded_xyz": [
        0.5263170514439401,
        0.17011016713281024,
        0.1938912989335233
      ],
      "achieved_xyz": [
        0.5265177783573272,
        0.16801065322458278,
        0.2028027312037982
      ],
      "error_mm": [
        0.2007269133870171,
        -2.099513908227463,
        8.911432270274883
      ],
      "error_norm_mm": 9.157612956021616,
      "achieved_quat": [
        0.2571764793058045,
        -0.33897859608860126,
        -0.5860054693971666,
        0.6896023199803482
      ],
      "approach_axis_tilt_deg": 39.635966381108155,
      "commanded_approach_axis_tilt_deg": 42.991311994604416
    },
    "grasp_joint_limits": {
      "closest": {
        "joint": "wrist_pitch",
        "value": 0.7901,
        "lower": -0.785,
        "upper": 1.05,
        "dist_to_limit": 0.2599,
        "nearest_side": "upper"
      },
      "breached": [],
      "margin_rad": 0.1
    },
    "lift_joint_limits": {
      "closest": {
        "joint": "wrist_pitch",
        "value": 0.8259,
        "lower": -0.785,
        "upper": 1.05,
        "dist_to_limit": 0.2241,
        "nearest_side": "upper"
      },
      "breached": [],
      "margin_rad": 0.1
    },
    "retract_ok": null,
    "return_home_ok": true,
    "released_on_finish_ok": null,
    "approach_ok": true,
    "grasp_ok": true,
    "lift_ok": true
  },
  "detection": {
    "class_name": "peach",
    "pose_head_roll_link": [
      0.9112609029916086,
      0.12633567266024381,
      0.011236515501466211,
      0.06691903869587595,
      0.7257055786217466,
      -0.20999108860624935,
      -0.6517491834465604
    ],
    "pose_tip_waist_yaw_link_rpy": {
      "x": 0.7136082819432037,
      "y": 0.1540444232336318,
      "z": 0.019781686376189933,
      "roll": -0.3107726320399229,
      "pitch": -0.9202218657622588,
      "yaw": 0.6915309069796223
    },
    "pose_tip_used_for_tcp_conversion_rpy": {
      "x": 0.7136082819432037,
      "y": 0.1540444232336318,
      "z": 0.019781686376189933,
      "roll": -2.0569535363530513,
      "pitch": 0.054002715300482285,
      "yaw": 1.5237883296224053
    },
    "pose_tcp_waist_yaw_link_rpy": {
      "x": 0.47483560189852625,
      "y": 0.15846012182627575,
      "z": -0.10618699572464427,
      "roll": -2.0569535363530513,
      "pitch": 0.054002715300482285,
      "yaw": 1.5237883296224053
    },
    "pose_tcp_waist_yaw_link_pose7": [
      0.47483560189852625,
      0.15846012182627575,
      -0.10618699572464427,
      0.6291061442888349,
      0.5809481873986722,
      -0.3728781458866093,
      -0.35733254972979644
    ],
    "current_tcp_pose7": [
      0.11831615168326978,
      -0.24007406991706626,
      0.13997270554403604,
      0.6291061442888349,
      0.5809481873986722,
      -0.3728781458866093,
      -0.35733254972979644
    ],
    "tcp_minus_tip_waist_m": [
      -0.23877268004467744,
      0.004415698592643957,
      -0.1259686821008342
    ],
    "tcp_to_tip_offset_m": [
      0.0,
      0.0,
      -0.27
    ],
    "orientation_policy": "current",
    "use_current_tcp_rotation": true,
    "rotation_source_arm": "right",
    "bbox_2d": [
      492.0207214355469,
      220.4054412841797,
      556.5835571289062,
      284.9078063964844
    ],
    "bbox_3d": {
      "min": [
        0.8996168838198504,
        0.09206152041351812,
        -0.026593203791372907
      ],
      "max": [
        0.9327542136378637,
        0.16207877898677653,
        0.04600581672518746
      ],
      "center": [
        0.916185548728857,
        0.12707014970014732,
        0.009706306466907275
      ],
      "size": [
        0.03313732981801332,
        0.07001725857325841,
        0.07259902051656036
      ]
    },
    "object_long_axis_waist": [
      0.46650949801048164,
      0.3862293214376759,
      0.7957360112045966
    ],
    "object_long_axis_yaw_waist_deg": 39.621802372786284,
    "object_angle_from_waist_x_deg": 39.621802372786284
  },
  "gripper": {
    "open_ok": true,
    "close_ok": true,
    "final_pos_pct": 90.0,
    "backend": "modbus_rtu"
  },
  "ok": true
}